,id,datetime,obs_dt,phone_number,arrival_hydrophone,relative_depth,depth,max_amp,second_hydrophone,t1,t2,origin_time
0,0,18107.940725659715,2019-07-30T22:34:38.534999Z,3,h3,-23.625,146.375,0.4835541366096442,h4,0.198,0.265,2019-07-30T22:34:38.548499Z
1,1,18107.940827037022,2019-07-30T22:34:47.315998Z,3,h3,-22.75,147.25,0.7108755317928845,h4,0.154,0.22,2019-07-30T22:34:47.328998Z
2,2,18107.94082677082,2019-07-30T22:34:47.393999Z,3,h3,-22.749999999999993,147.25,0.7108755317928845,h4,0.076,0.142,2019-07-30T22:34:47.406999Z
3,3,18107.940832442117,2019-07-30T22:34:47.723999Z,3,h3,77.875,247.875,0.5041573131223888,h4,0.078,0.029,2019-07-30T22:34:47.679499Z
4,4,18107.94084653934,2019-07-30T22:34:48.979999Z,3,h3,-22.75,147.25,0.9502784771398243,h4,0.198,0.264,2019-07-30T22:34:48.992999Z
5,5,18107.94084653934,2019-07-30T22:34:49.309999Z,3,h3,77.00000000000001,247.0,0.6844663816734416,h4,0.199,0.151,2019-07-30T22:34:49.265999Z
6,6,18107.941236377304,2019-07-30T22:35:22.660999Z,3,h3,-21.875,148.125,1.0475986734511364,h4,0.2,0.265,2019-07-30T22:35:22.673499Z
7,7,18107.941236261566,2019-07-30T22:35:22.991999Z,3,h3,77.87500000000001,247.875,0.5847674091300181,h4,0.199,0.15,2019-07-30T22:35:22.947499Z
8,8,18107.9421748148,2019-07-30T22:36:43.757998Z,3,h3,-7.105427357601002e-15,170.0,0.7359313195904933,h4,0.187,0.227,2019-07-30T22:36:43.757998Z
9,9,18107.942302523134,2019-07-30T22:36:54.780999Z,3,h3,-0.8749999999999858,169.125,0.6197547920965732,h4,0.197,0.238,2019-07-30T22:36:54.781499Z
10,10,18107.944069675912,2019-07-30T22:39:27.466999Z,3,h3,1.7500000000000213,171.75000000000003,4.3043929820278315,h4,0.342,0.38,2019-07-30T22:39:27.465999Z
11,11,18107.94407131943,2019-07-30T22:39:27.608999Z,3,h3,1.4210854715202004e-14,170.0,4.3043929820278315,h4,0.198,0.238,2019-07-30T22:39:27.608999Z
12,12,18107.94407131943,2019-07-30T22:39:27.750999Z,3,h3,0.0,170.0,4.3043929820278315,h4,0.056,0.096,2019-07-30T22:39:27.750999Z
13,13,18107.94407130786,2019-07-30T22:39:27.929999Z,3,h3,372.75,542.75,1.393496970048193,h4,0.399,0.013,2019-07-30T22:39:27.716999Z
14,14,18107.944083240727,2019-07-30T22:39:28.638999Z,3,h3,-7.105427357601002e-15,170.0,2.932311841224656,h4,0.178,0.218,2019-07-30T22:39:28.638999Z
15,15,18107.944083240727,2019-07-30T22:39:28.776999Z,3,h3,0.0,170.0,2.932311841224656,h4,0.04,0.08,2019-07-30T22:39:28.776999Z
16,16,18107.944091585632,2019-07-30T22:39:29.359998Z,3,h3,-0.8749999999999858,169.125,0.8438596191972096,h4,0.199,0.24,2019-07-30T22:39:29.360498Z
17,17,18107.94409417823,2019-07-30T22:39:29.583999Z,3,h3,1.4210854715202004e-14,170.0,1.8067283801299718,h4,0.2,0.24,2019-07-30T22:39:29.583999Z
18,18,18107.94445787036,2019-07-30T22:40:01.070999Z,3,h3,1.7500000000000213,171.75000000000003,2.111310642993844,h4,0.137,0.175,2019-07-30T22:40:01.069999Z
19,19,18107.944510879617,2019-07-30T22:40:05.588998Z,3,h3,1.4210854715202004e-14,170.0,2.3002557519524736,h4,0.198,0.238,2019-07-30T22:40:05.588998Z
20,20,18107.944510879617,2019-07-30T22:40:05.681999Z,3,h3,7.105427357601002e-15,170.0,2.3002557519524736,h4,0.105,0.145,2019-07-30T22:40:05.681999Z
21,21,18107.944510868045,2019-07-30T22:40:05.902999Z,3,h3,70.875,240.875,1.6801362862322178,h4,0.198,0.157,2019-07-30T22:40:05.862499Z
22,22,18107.94462884258,2019-07-30T22:40:15.785999Z,3,h3,-2.625000000000007,167.375,0.5554825513845203,h4,0.191,0.234,2019-07-30T22:40:15.787499Z
23,23,18107.94463159721,2019-07-30T22:40:16.018999Z,3,h3,1.4210854715202004e-14,170.0,1.8044810725447145,h4,0.198,0.238,2019-07-30T22:40:16.018999Z
24,24,18107.944762199062,2019-07-30T22:40:27.307999Z,3,h3,-7.874999999999993,162.125,0.5031407072506489,h4,0.199,0.248,2019-07-30T22:40:27.312499Z
25,25,18107.945044756932,2019-07-30T22:40:51.716999Z,3,h3,1.4210854715202004e-14,170.0,2.688602474159498,h4,0.198,0.238,2019-07-30T22:40:51.716999Z
26,26,18107.945055706008,2019-07-30T22:40:52.662999Z,3,h3,-1.7499999999999858,168.25,1.8650700193669896,h4,0.198,0.24,2019-07-30T22:40:52.663999Z
27,27,18107.945072766193,2019-07-30T22:40:54.136999Z,3,h3,1.4210854715202004e-14,170.0,2.6988648821791883,h4,0.2,0.24,2019-07-30T22:40:54.136999Z
28,28,18107.945077696746,2019-07-30T22:40:54.513999Z,3,h3,116.375,286.375,0.5219771309837666,h4,0.186,0.093,2019-07-30T22:40:54.447499Z
29,29,18107.94508284721,2019-07-30T22:40:55.024999Z,3,h3,-7.105427357601002e-15,170.0,1.0918041767380084,h4,0.16,0.2,2019-07-30T22:40:55.024999Z
30,30,18107.945744062486,2019-07-30T22:41:52.138998Z,3,h3,1.4210854715202004e-14,170.0,1.719101422302217,h4,0.198,0.238,2019-07-30T22:41:52.138998Z
31,31,18107.94608412036,2019-07-30T22:42:21.504999Z,3,h3,-7.105427357601002e-15,170.0,2.5359728821509058,h4,0.192,0.232,2019-07-30T22:42:21.504999Z
32,32,18107.94608386573,2019-07-30T22:42:21.793999Z,3,h3,1.4210854715202004e-14,170.0,1.582962476317464,h4,0.198,0.238,2019-07-30T22:42:21.793999Z
33,33,18107.946091747675,2019-07-30T22:42:22.155999Z,3,h3,1.4210854715202004e-14,170.0,2.8214492949033296,h4,0.2,0.24,2019-07-30T22:42:22.155999Z
34,34,18107.946333206008,2019-07-30T22:42:43.042999Z,3,h3,-7.874999999999993,162.125,0.5744270263580092,h4,0.2,0.249,2019-07-30T22:42:43.047499Z
35,35,18107.946551724526,2019-07-30T22:43:01.921998Z,3,h3,1.4210854715202004e-14,170.0,12.984892363646154,h4,0.2,0.24,2019-07-30T22:43:01.921998Z
36,36,18107.946551724526,2019-07-30T22:43:02.002999Z,3,h3,1.749999999999993,171.75,12.984892363646154,h4,0.119,0.157,2019-07-30T22:43:02.001999Z
37,37,18107.946551724523,2019-07-30T22:43:02.125999Z,3,h3,10.499999999999996,180.5,2.9320941835143373,h4,0.006,0.034,2019-07-30T22:43:02.119999Z
38,38,18107.946551412024,2019-07-30T22:43:02.237999Z,3,h3,-309.75,-139.75,1.3853493242042936,h4,0.005,0.399,2019-07-30T22:43:02.414999Z
39,39,18107.946558946747,2019-07-30T22:43:02.546999Z,3,h3,1.7500000000000213,171.75000000000003,4.198146824032441,h4,0.2,0.238,2019-07-30T22:43:02.545999Z
40,40,18107.946558946747,2019-07-30T22:43:02.676999Z,3,h3,0.8750000000000071,170.875,4.198146824032441,h4,0.068,0.107,2019-07-30T22:43:02.676499Z
41,41,18107.946558946747,2019-07-30T22:43:02.825999Z,3,h3,378.875,548.875,1.910907373247599,h4,0.399,0.006,2019-07-30T22:43:02.609499Z
42,42,18107.94655997684,2019-07-30T22:43:02.973999Z,3,h3,348.25000000000006,518.25,1.910907373247599,h4,0.396,0.038,2019-07-30T22:43:02.774999Z
43,43,18107.946889212955,2019-07-30T22:43:31.080999Z,3,h3,1.4210854715202004e-14,170.0,11.153351427539677,h4,0.2,0.24,2019-07-30T22:43:31.080999Z
44,44,18107.94688921295,2019-07-30T22:43:31.160999Z,3,h3,1.749999999999993,171.75,11.153351427539677,h4,0.12,0.158,2019-07-30T22:43:31.159999Z
45,45,18107.94688921295,2019-07-30T22:43:31.244999Z,3,h3,1.75,171.75,11.153351427539677,h4,0.036,0.074,2019-07-30T22:43:31.243999Z
46,46,18107.946888877304,2019-07-30T22:43:31.396999Z,3,h3,-303.625,-133.625,1.3714810104193635,h4,0.007,0.394,2019-07-30T22:43:31.570499Z
47,47,18107.94695130786,2019-07-30T22:43:36.463999Z,3,h3,-7.105427357601002e-15,170.0,8.775505456202604,h4,0.182,0.222,2019-07-30T22:43:36.463999Z
48,48,18107.946951307855,2019-07-30T22:43:36.546999Z,3,h3,-7.105427357601002e-15,170.0,8.775505456202604,h4,0.099,0.139,2019-07-30T22:43:36.546999Z
49,49,18107.94695130786,2019-07-30T22:43:36.676999Z,3,h3,380.625,550.625,4.986163547823862,h4,0.399,0.004,2019-07-30T22:43:36.459499Z
50,50,18107.946955868043,2019-07-30T22:43:36.788998Z,3,h3,35.875,205.875,1.6402462764009327,h4,0.399,0.398,2019-07-30T22:43:36.768498Z
51,51,18107.946953009246,2019-07-30T22:43:36.937999Z,3,h3,35.0,205.0,0.5624937586159513,h4,0.398,0.398,2019-07-30T22:43:36.917999Z
52,52,18107.946954675914,2019-07-30T22:43:37.081999Z,3,h3,77.87500000000003,247.87500000000003,0.5624937586159513,h4,0.399,0.35,2019-07-30T22:43:37.037499Z
53,53,18107.947204062486,2019-07-30T22:43:58.312999Z,3,h3,4.3749999999999964,174.375,6.514704216291707,h4,0.198,0.233,2019-07-30T22:43:58.310499Z
54,54,18107.947204062486,2019-07-30T22:43:58.395999Z,3,h3,4.375000000000011,174.375,6.514704216291707,h4,0.115,0.15,2019-07-30T22:43:58.393499Z
55,55,18107.947208576377,2019-07-30T22:43:58.625999Z,3,h3,-310.625,-140.625,0.47487091582256435,h4,0.004,0.399,2019-07-30T22:43:58.803499Z
56,56,18107.94722086804,2019-07-30T22:43:59.742999Z,3,h3,4.3749999999999964,174.375,2.3406594239209415,h4,0.198,0.233,2019-07-30T22:43:59.740499Z
57,57,18107.947353229156,2019-07-30T22:44:11.206999Z,3,h3,7.0,177.0,13.99364171043863,h4,0.198,0.23,2019-07-30T22:44:11.202999Z
58,58,18107.947353229156,2019-07-30T22:44:11.284999Z,3,h3,7.0,177.0,13.99364171043863,h4,0.12,0.152,2019-07-30T22:44:11.280999Z
59,59,18107.947353229152,2019-07-30T22:44:11.384999Z,3,h3,3.5000000000000036,173.5,13.99364171043863,h4,0.015,0.051,2019-07-30T22:44:11.382999Z
60,60,18107.947353229156,2019-07-30T22:44:11.475999Z,3,h3,35.0,205.0,1.6422695582452245,h4,0.399,0.399,2019-07-30T22:44:11.455999Z
61,61,18107.947371666654,2019-07-30T22:44:12.752999Z,3,h3,7.875,177.875,5.306428670928783,h4,0.198,0.229,2019-07-30T22:44:12.748499Z
62,62,18107.947371145823,2019-07-30T22:44:12.863999Z,3,h3,7.875,177.875,5.306428670928783,h4,0.087,0.118,2019-07-30T22:44:12.859499Z
63,63,18107.947371145823,2019-07-30T22:44:12.970999Z,3,h3,34.125,204.125,0.8087541635394554,h4,0.398,0.399,2019-07-30T22:44:12.951499Z
64,64,18107.947414363414,2019-07-30T22:44:16.495999Z,3,h3,7.0,177.0,4.005118814271375,h4,0.198,0.23,2019-07-30T22:44:16.491999Z
65,65,18107.947414363414,2019-07-30T22:44:16.570999Z,3,h3,7.0,177.0,4.005118814271375,h4,0.123,0.155,2019-07-30T22:44:16.566999Z
66,66,18107.947420451375,2019-07-30T22:44:17.229999Z,3,h3,8.75,178.75,6.519487139463266,h4,0.198,0.228,2019-07-30T22:44:17.224999Z
67,67,18107.947420393506,2019-07-30T22:44:17.316999Z,3,h3,8.750000000000014,178.75,6.519487139463266,h4,0.111,0.141,2019-07-30T22:44:17.311999Z
68,68,18107.947429756932,2019-07-30T22:44:17.773998Z,3,h3,8.75,178.75,12.757782046491887,h4,0.198,0.228,2019-07-30T22:44:17.768998Z
69,69,18107.9474291898,2019-07-30T22:44:17.999999Z,3,h3,42.87500000000001,212.875,1.1346197843014145,h4,0.399,0.39,2019-07-30T22:44:17.975499Z
70,70,18107.947481805542,2019-07-30T22:44:22.316999Z,3,h3,9.625,179.625,9.63388069591834,h4,0.2,0.229,2019-07-30T22:44:22.311499Z
71,71,18107.947481782398,2019-07-30T22:44:22.608999Z,3,h3,9.625,179.625,1.948007675942466,h4,0.198,0.227,2019-07-30T22:44:22.603499Z
72,72,18107.947495081007,2019-07-30T22:44:23.462999Z,3,h3,9.625,179.625,2.6036536089871403,h4,0.198,0.227,2019-07-30T22:44:23.457499Z
73,73,18107.947495081007,2019-07-30T22:44:23.675999Z,3,h3,183.75,353.75,3.4944561113028123,h4,0.184,0.014,2019-07-30T22:44:23.570999Z
74,74,18107.947625069435,2019-07-30T22:44:34.695999Z,3,h3,12.250000000000004,182.25,1.8608496148386948,h4,0.198,0.224,2019-07-30T22:44:34.688999Z
75,75,18107.9476292361,2019-07-30T22:44:35.055999Z,3,h3,12.250000000000004,182.25,2.7059489909391594,h4,0.198,0.224,2019-07-30T22:44:35.048999Z
76,76,18107.94763335647,2019-07-30T22:44:35.411999Z,3,h3,12.250000000000004,182.25,13.788930204286192,h4,0.198,0.224,2019-07-30T22:44:35.404999Z
77,77,18107.94763335647,2019-07-30T22:44:35.490999Z,3,h3,12.250000000000004,182.25,13.788930204286192,h4,0.119,0.145,2019-07-30T22:44:35.483999Z
78,78,18107.94763332175,2019-07-30T22:44:35.567999Z,3,h3,11.374999999999996,181.375,13.788930204286192,h4,0.041,0.068,2019-07-30T22:44:35.561499Z
79,79,18107.947633287025,2019-07-30T22:44:35.710999Z,3,h3,12.249999999999979,182.24999999999997,8.168110854206683,h4,0.348,0.374,2019-07-30T22:44:35.703999Z
80,80,18107.94763876156,2019-07-30T22:44:35.858999Z,3,h3,12.250000000000004,182.25,8.168110854206683,h4,0.198,0.224,2019-07-30T22:44:35.851999Z
81,81,18107.947638761565,2019-07-30T22:44:35.944999Z,3,h3,12.249999999999993,182.25,8.168110854206683,h4,0.112,0.138,2019-07-30T22:44:35.937999Z
82,82,18107.94763853008,2019-07-30T22:44:36.020999Z,3,h3,11.375000000000004,181.375,8.168110854206683,h4,0.035,0.062,2019-07-30T22:44:36.014499Z
83,83,18107.94764302082,2019-07-30T22:44:36.157999Z,3,h3,-303.625,-133.625,0.6974372792675152,h4,0.011,0.398,2019-07-30T22:44:36.331499Z
84,84,18107.94765076388,2019-07-30T22:44:37.015999Z,3,h3,12.250000000000004,182.25,3.7343817843252567,h4,0.198,0.224,2019-07-30T22:44:37.008999Z
85,85,18107.94765076388,2019-07-30T22:44:37.094999Z,3,h3,12.250000000000004,182.25,3.7343817843252567,h4,0.119,0.145,2019-07-30T22:44:37.087999Z
86,86,18107.94765190971,2019-07-30T22:44:37.251998Z,3,h3,364.0,534.0,3.2828731776432925,h4,0.381,0.005,2019-07-30T22:44:37.043998Z
87,87,18107.947656990727,2019-07-30T22:44:37.434999Z,3,h3,12.250000000000004,182.25,3.2828731776432925,h4,0.198,0.224,2019-07-30T22:44:37.427999Z
88,88,18107.947654606472,2019-07-30T22:44:37.534999Z,3,h3,12.250000000000004,182.25,3.2828731776432925,h4,0.098,0.124,2019-07-30T22:44:37.527999Z
89,89,18107.947656759246,2019-07-30T22:44:37.632999Z,3,h3,362.25,532.25,3.2828731776432925,h4,0.399,0.025,2019-07-30T22:44:37.425999Z
90,90,18107.947662048602,2019-07-30T22:44:37.870999Z,3,h3,12.250000000000004,182.25,2.9057379150308558,h4,0.198,0.224,2019-07-30T22:44:37.863999Z
91,91,18107.947661817117,2019-07-30T22:44:38.083999Z,3,h3,-308.0,-138.0,1.2790872099402317,h4,0.003,0.395,2019-07-30T22:44:38.259999Z
92,92,18107.94770307869,2019-07-30T22:44:41.394999Z,3,h3,13.125000000000004,183.125,3.8804039519762434,h4,0.167,0.192,2019-07-30T22:44:41.387499Z
93,93,18107.947702523135,2019-07-30T22:44:41.477999Z,3,h3,13.125000000000004,183.125,3.8804039519762434,h4,0.084,0.109,2019-07-30T22:44:41.470499Z
94,94,18107.94770270832,2019-07-30T22:44:41.710999Z,3,h3,-130.375,39.625,0.5010494695850589,h4,0.198,0.387,2019-07-30T22:44:41.785499Z
95,95,18107.94775355323,2019-07-30T22:44:45.798999Z,3,h3,14.875000000000007,184.875,3.0931097365148315,h4,0.185,0.208,2019-07-30T22:44:45.790499Z
96,96,18107.947753518507,2019-07-30T22:44:45.943999Z,3,h3,14.875,184.875,3.0931097365148315,h4,0.04,0.063,2019-07-30T22:44:45.935499Z
97,97,18107.94775783564,2019-07-30T22:44:46.149999Z,3,h3,14.000000000000007,184.0,2.5617213478357153,h4,0.198,0.222,2019-07-30T22:44:46.141999Z
98,98,18107.947760706007,2019-07-30T22:44:46.397999Z,3,h3,14.000000000000007,184.0,6.660407882168905,h4,0.198,0.222,2019-07-30T22:44:46.389999Z
99,99,18107.947760706007,2019-07-30T22:44:46.475999Z,3,h3,14.000000000000007,184.0,6.660407882168905,h4,0.12,0.144,2019-07-30T22:44:46.467999Z
100,100,18107.947873634246,2019-07-30T22:44:56.145999Z,3,h3,15.750000000000007,185.75,1.6040393037387786,h4,0.198,0.22,2019-07-30T22:44:56.136999Z
101,101,18107.947878888877,2019-07-30T22:44:56.630999Z,3,h3,15.750000000000007,185.75,2.628609134994309,h4,0.198,0.22,2019-07-30T22:44:56.621999Z
102,102,18107.947886620357,2019-07-30T22:44:57.299998Z,3,h3,18.37500000000001,188.375,1.1806418967656107,h4,0.157,0.176,2019-07-30T22:44:57.289498Z
103,103,18107.947930358787,2019-07-30T22:45:01.059999Z,3,h3,17.500000000000007,187.5,2.5015676623935215,h4,0.198,0.218,2019-07-30T22:45:01.049999Z
104,104,18107.94796662036,2019-07-30T22:45:04.194999Z,3,h3,14.000000000000007,184.0,0.2438111625724362,h4,0.2,0.224,2019-07-30T22:45:04.186999Z
105,105,18107.94801537036,2019-07-30T22:45:08.424999Z,4,h4,19.249999999999986,189.25,1.5629335274751317,h3,0.198,0.18,2019-07-30T22:45:08.413999Z
106,106,18107.9480254861,2019-07-30T22:45:09.323999Z,4,h4,19.249999999999986,189.25,4.150552558799568,h3,0.198,0.18,2019-07-30T22:45:09.312999Z
107,107,18107.948025486097,2019-07-30T22:45:09.513999Z,4,h4,32.375,202.375,4.150552558799568,h3,0.396,0.393,2019-07-30T22:45:09.495499Z
108,108,18107.948031145825,2019-07-30T22:45:09.787999Z,4,h4,19.249999999999986,189.25,1.6473445050898845,h3,0.198,0.18,2019-07-30T22:45:09.776999Z
109,109,18107.948035254616,2019-07-30T22:45:10.167999Z,4,h4,19.249999999999986,189.25,11.29345874596751,h3,0.198,0.18,2019-07-30T22:45:10.156999Z
110,110,18107.948035254616,2019-07-30T22:45:10.250999Z,4,h4,19.25,189.25,11.29345874596751,h3,0.115,0.097,2019-07-30T22:45:10.239999Z
111,111,18107.948035254616,2019-07-30T22:45:10.355999Z,4,h4,35.0,205.0,11.29345874596751,h3,0.399,0.399,2019-07-30T22:45:10.335999Z
112,112,18107.94803525462,2019-07-30T22:45:10.430999Z,4,h4,19.25,189.25,2.7479712214048817,h3,0.123,0.105,2019-07-30T22:45:10.419999Z
113,113,18107.948037210637,2019-07-30T22:45:10.612999Z,4,h4,-117.25,52.75,1.539025916801287,h3,0.198,0.024,2019-07-30T22:45:10.679999Z
114,114,18107.948074270822,2019-07-30T22:45:13.536998Z,4,h4,20.124999999999986,190.125,3.4919127121915667,h3,0.198,0.181,2019-07-30T22:45:13.525498Z
115,115,18107.948074247674,2019-07-30T22:45:13.775999Z,4,h4,20.124999999999986,190.125,0.5394753167268835,h3,0.171,0.154,2019-07-30T22:45:13.764499Z
116,116,18107.94825526619,2019-07-30T22:45:29.174999Z,4,h4,22.74999999999999,192.75,5.625439468400746,h3,0.2,0.186,2019-07-30T22:45:29.161999Z
117,117,18107.948255266194,2019-07-30T22:45:29.320999Z,4,h4,23.62499999999999,193.625,8.9365675078152,h3,0.389,0.376,2019-07-30T22:45:29.307499Z
118,118,18107.948259421286,2019-07-30T22:45:29.511999Z,4,h4,23.62499999999999,193.625,8.9365675078152,h3,0.198,0.185,2019-07-30T22:45:29.498499Z
119,119,18107.94825917823,2019-07-30T22:45:29.604999Z,4,h4,23.625,193.625,8.9365675078152,h3,0.105,0.092,2019-07-30T22:45:29.591499Z
120,120,18107.948259143508,2019-07-30T22:45:29.733999Z,4,h4,27.124999999999993,197.125,1.498669086315548,h3,0.399,0.39,2019-07-30T22:45:29.718499Z
121,121,18107.9482710648,2019-07-30T22:45:30.537000Z,4,h4,23.625000000000014,193.625,5.4969609805441575,h3,0.176,0.163,2019-07-30T22:45:30.523500Z
122,122,18107.9482710648,2019-07-30T22:45:30.619999Z,4,h4,23.625,193.625,5.4969609805441575,h3,0.093,0.08,2019-07-30T22:45:30.606499Z
123,123,18107.9482710648,2019-07-30T22:45:30.757999Z,4,h4,21.874999999999986,191.875,3.282330102640562,h3,0.373,0.358,2019-07-30T22:45:30.745499Z
124,124,18107.948275844894,2019-07-30T22:45:30.930999Z,4,h4,23.62499999999999,193.625,3.282330102640562,h3,0.198,0.185,2019-07-30T22:45:30.917499Z
125,125,18107.94835634258,2019-07-30T22:45:37.904999Z,4,h4,24.499999999999993,194.5,1.6184773296458608,h3,0.198,0.186,2019-07-30T22:45:37.890999Z
126,126,18107.9483613773,2019-07-30T22:45:38.341999Z,4,h4,25.374999999999993,195.375,8.10212887128011,h3,0.198,0.187,2019-07-30T22:45:38.327499Z
127,127,18107.948361342584,2019-07-30T22:45:38.436999Z,4,h4,25.375000000000004,195.375,8.10212887128011,h3,0.103,0.092,2019-07-30T22:45:38.422499Z
128,128,18107.94836134258,2019-07-30T22:45:38.563999Z,4,h4,26.25,266.25,1.5395649719274334,h5,0.005,0.015,2019-07-30T22:45:38.548999Z
129,129,18107.94837318286,2019-07-30T22:45:39.364999Z,4,h4,25.374999999999993,195.375,3.21087821898209,h3,0.198,0.187,2019-07-30T22:45:39.350499Z
130,130,18107.948389305544,2019-07-30T22:45:40.751999Z,4,h4,26.249999999999993,196.25,0.7374438644526471,h3,0.198,0.188,2019-07-30T22:45:40.736999Z
131,131,18107.948530057856,2019-07-30T22:45:52.915999Z,4,h4,27.999999999999993,198.0,1.918278311040865,h3,0.198,0.19,2019-07-30T22:45:52.899999Z
132,132,18107.94853327545,2019-07-30T22:45:53.193999Z,4,h4,28.874999999999993,198.875,5.98715128048927,h3,0.157,0.15,2019-07-30T22:45:53.177499Z
133,133,18107.948690300916,2019-07-30T22:46:06.761999Z,4,h4,30.624999999999996,200.625,0.6525848899183473,h3,0.198,0.193,2019-07-30T22:46:06.744499Z
134,134,18107.948713981474,2019-07-30T22:46:08.784999Z,4,h4,31.499999999999996,201.5,0.7115719492089148,h3,0.2,0.196,2019-07-30T22:46:08.766999Z
135,135,18107.948747349525,2019-07-30T22:46:11.747999Z,4,h4,32.375,202.375,2.5746809650146005,h3,0.14,0.137,2019-07-30T22:46:11.729499Z
136,136,18107.948750821746,2019-07-30T22:46:11.966999Z,4,h4,32.375,202.375,5.2575543815259715,h3,0.199,0.196,2019-07-30T22:46:11.948499Z
137,137,18107.948759675914,2019-07-30T22:46:12.754999Z,4,h4,32.375,202.375,2.004324645560404,h3,0.198,0.195,2019-07-30T22:46:12.736499Z
138,138,18107.94876910878,2019-07-30T22:46:13.569999Z,4,h4,32.375,202.375,5.414680358357442,h3,0.198,0.195,2019-07-30T22:46:13.551499Z
139,139,18107.948826249987,2019-07-30T22:46:18.506999Z,4,h4,33.25,203.25,2.2367721291686764,h3,0.198,0.196,2019-07-30T22:46:18.487999Z
140,140,18107.948826249987,2019-07-30T22:46:18.700999Z,4,h4,32.375,202.375,2.2367721291686764,h3,0.399,0.396,2019-07-30T22:46:18.682499Z
141,141,18107.948850925914,2019-07-30T22:46:20.641998Z,4,h4,34.125,204.125,2.4927676543850863,h3,0.195,0.194,2019-07-30T22:46:20.622498Z
142,142,18107.948857974523,2019-07-30T22:46:21.245999Z,4,h4,35.0,205.0,0.9275062587750178,h3,0.192,0.192,2019-07-30T22:46:21.225999Z
143,143,18107.948865243045,2019-07-30T22:46:21.878999Z,4,h4,34.125,204.125,10.117854976833378,h3,0.198,0.197,2019-07-30T22:46:21.859499Z
144,144,18107.948865243045,2019-07-30T22:46:21.960999Z,4,h4,34.125,204.125,10.117854976833378,h3,0.116,0.115,2019-07-30T22:46:21.941499Z
145,145,18107.948865243045,2019-07-30T22:46:22.127999Z,4,h4,33.25,273.25,1.9332554652820126,h5,0.397,0.399,2019-07-30T22:46:22.108999Z
146,146,18107.94887408564,2019-07-30T22:46:22.597999Z,4,h4,34.125,204.125,2.4743717101952782,h3,0.198,0.197,2019-07-30T22:46:22.578499Z
147,147,18107.948929837952,2019-07-30T22:46:27.457999Z,4,h4,35.0,205.0,9.70795839201006,h3,0.2,0.2,2019-07-30T22:46:27.437999Z
148,148,18107.948929837952,2019-07-30T22:46:27.681999Z,4,h4,35.0,205.0,6.267024542762095,h3,0.276,0.276,2019-07-30T22:46:27.661999Z
149,149,18107.948933368043,2019-07-30T22:46:27.757999Z,4,h4,35.0,205.0,6.267024542762095,h3,0.2,0.2,2019-07-30T22:46:27.737999Z
150,150,18107.94893333332,2019-07-30T22:46:27.835999Z,4,h4,35.0,205.0,6.267024542762095,h3,0.122,0.122,2019-07-30T22:46:27.815999Z
151,151,18107.94893694443,2019-07-30T22:46:28.070999Z,4,h4,35.0,205.0,9.131319625750512,h3,0.198,0.198,2019-07-30T22:46:28.050999Z
152,152,18107.94893694443,2019-07-30T22:46:28.184998Z,4,h4,35.0,205.0,9.131319625750512,h3,0.084,0.084,2019-07-30T22:46:28.164998Z
153,153,18107.94893690971,2019-07-30T22:46:28.282999Z,4,h4,-139.125,30.875,6.389268483758152,h3,0.399,0.2,2019-07-30T22:46:28.362499Z
154,154,18107.94893748841,2019-07-30T22:46:28.395999Z,4,h4,273.875,513.875,6.389268483758152,h5,0.398,0.125,2019-07-30T22:46:28.239499Z
155,155,18107.948939363418,2019-07-30T22:46:28.504999Z,4,h4,32.375,202.375,1.1544917730786062,h3,0.399,0.396,2019-07-30T22:46:28.486499Z
156,156,18107.949155937487,2019-07-30T22:46:46.989999Z,4,h4,39.37499999999998,209.37499999999997,8.374812237770492,h3,0.2,0.205,2019-07-30T22:46:46.967499Z
157,157,18107.949155902767,2019-07-30T22:46:47.070999Z,4,h4,39.375,209.375,8.374812237770492,h3,0.119,0.124,2019-07-30T22:46:47.048499Z
158,158,18107.949155902767,2019-07-30T22:46:47.152999Z,4,h4,39.375,209.375,8.374812237770492,h3,0.037,0.042,2019-07-30T22:46:47.130499Z
159,159,18107.949155902767,2019-07-30T22:46:47.230999Z,4,h4,39.375,209.375,6.07639514962746,h3,0.126,0.131,2019-07-30T22:46:47.208499Z
160,160,18107.94915787036,2019-07-30T22:46:47.340999Z,4,h4,39.375,209.375,6.07639514962746,h3,0.016,0.021,2019-07-30T22:46:47.318499Z
161,161,18107.94915783564,2019-07-30T22:46:47.417999Z,4,h4,45.5,215.5,6.07639514962746,h3,0.005,0.017,2019-07-30T22:46:47.391999Z
162,162,18107.94916313656,2019-07-30T22:46:47.495999Z,4,h4,35.0,205.0,3.094760863645665,h3,0.399,0.399,2019-07-30T22:46:47.475999Z
163,163,18107.949164027763,2019-07-30T22:46:47.572999Z,4,h4,40.25000000000001,210.25,4.459402426131146,h3,0.37,0.376,2019-07-30T22:46:47.549999Z
164,164,18107.94916464119,2019-07-30T22:46:47.661999Z,4,h4,40.24999999999996,210.24999999999994,4.459402426131146,h3,0.281,0.287,2019-07-30T22:46:47.638999Z
165,165,18107.94916140045,2019-07-30T22:46:47.742999Z,4,h4,40.24999999999998,210.24999999999997,4.459402426131146,h3,0.2,0.206,2019-07-30T22:46:47.719999Z
166,166,18107.949164641195,2019-07-30T22:46:47.850999Z,4,h4,40.25000000000001,210.25,4.459402426131146,h3,0.091,0.097,2019-07-30T22:46:47.827999Z
167,167,18107.949164618043,2019-07-30T22:46:47.991999Z,4,h4,35.875,275.875,1.4674799337796596,h5,0.399,0.398,2019-07-30T22:46:47.971499Z
168,168,18107.949174791655,2019-07-30T22:46:48.618999Z,4,h4,39.37499999999998,209.37499999999997,1.3528199408035753,h3,0.2,0.205,2019-07-30T22:46:48.596499Z
169,169,18107.94917874999,2019-07-30T22:46:48.942999Z,4,h4,40.24999999999998,210.24999999999997,1.3907427127603058,h3,0.199,0.205,2019-07-30T22:46:48.919999Z
170,170,18107.949364201377,2019-07-30T22:47:04.986999Z,4,h4,42.874999999999986,212.875,3.63235182049589,h3,0.2,0.209,2019-07-30T22:47:04.962499Z
171,171,18107.94936420138,2019-07-30T22:47:05.061999Z,4,h4,43.75000000000001,213.75,3.63235182049589,h3,0.124,0.134,2019-07-30T22:47:05.036999Z
172,172,18107.949364201377,2019-07-30T22:47:05.182999Z,4,h4,34.125,204.125,3.63235182049589,h3,0.399,0.398,2019-07-30T22:47:05.163499Z
173,173,18107.949393009247,2019-07-30T22:47:07.472999Z,4,h4,43.749999999999986,213.75,2.0965039386312174,h3,0.199,0.209,2019-07-30T22:47:07.447999Z
174,174,18107.949392997674,2019-07-30T22:47:07.558999Z,4,h4,43.75,213.75,2.0965039386312174,h3,0.113,0.123,2019-07-30T22:47:07.533999Z
175,175,18107.949392997674,2019-07-30T22:47:07.678999Z,4,h4,355.25,595.25,1.1430707280951564,h5,0.398,0.032,2019-07-30T22:47:07.475999Z
176,176,18107.9494486111,2019-07-30T22:47:12.320999Z,4,h4,46.375000000000014,216.375,2.639416856448876,h3,0.158,0.171,2019-07-30T22:47:12.294499Z
177,177,18107.9494486111,2019-07-30T22:47:12.415999Z,4,h4,46.375,216.375,2.639416856448876,h3,0.063,0.076,2019-07-30T22:47:12.389499Z
178,178,18107.949635937486,2019-07-30T22:47:28.464999Z,4,h4,77.875,247.875,5.949966490909685,h3,0.165,0.214,2019-07-30T22:47:28.420499Z
179,179,18107.94963593749,2019-07-30T22:47:28.567999Z,4,h4,77.875,247.875,5.949966490909685,h3,0.062,0.111,2019-07-30T22:47:28.523499Z
180,180,18107.949635937486,2019-07-30T22:47:28.684999Z,4,h4,35.0,205.0,3.1285179687766096,h3,0.399,0.399,2019-07-30T22:47:28.664999Z
181,181,18107.949641759245,2019-07-30T22:47:28.967999Z,4,h4,48.999999999999986,219.0,5.68678753954168,h3,0.2,0.216,2019-07-30T22:47:28.939999Z
182,182,18107.94964175925,2019-07-30T22:47:29.088999Z,4,h4,49.0,219.0,6.196290931098613,h3,0.079,0.095,2019-07-30T22:47:29.060999Z
183,183,18107.94964175925,2019-07-30T22:47:29.172999Z,4,h4,48.125,218.125,6.196290931098613,h3,0.116,0.131,2019-07-30T22:47:29.145499Z
184,184,18107.949643194435,2019-07-30T22:47:29.262999Z,4,h4,48.125,218.125,6.196290931098613,h3,0.026,0.041,2019-07-30T22:47:29.235499Z
185,185,18107.94964319443,2019-07-30T22:47:29.345999Z,4,h4,49.0,219.0,6.196290931098613,h3,0.026,0.042,2019-07-30T22:47:29.317999Z
186,186,18107.949644131935,2019-07-30T22:47:29.442999Z,4,h4,85.75,255.75,4.385979176441422,h3,0.134,0.192,2019-07-30T22:47:29.393999Z
187,187,18107.949645231474,2019-07-30T22:47:29.537999Z,4,h4,18.375,188.375,4.385979176441422,h3,0.039,0.02,2019-07-30T22:47:29.527499Z
188,188,18107.94964626156,2019-07-30T22:47:29.612999Z,4,h4,35.0,275.0,4.385979176441422,h5,0.399,0.399,2019-07-30T22:47:29.592999Z
189,189,18107.949651712952,2019-07-30T22:47:29.708999Z,4,h4,34.125,204.125,1.2641577742311993,h3,0.399,0.398,2019-07-30T22:47:29.689499Z
190,190,18107.949653368043,2019-07-30T22:47:29.950999Z,4,h4,48.124999999999986,218.125,2.235340387073708,h3,0.2,0.215,2019-07-30T22:47:29.923499Z
191,191,18107.949653368043,2019-07-30T22:47:30.042999Z,4,h4,48.125,218.125,2.235340387073708,h3,0.108,0.123,2019-07-30T22:47:30.015499Z
192,192,18107.949662511564,2019-07-30T22:47:30.673999Z,4,h4,49.875000000000014,219.875,11.442116204261955,h3,0.284,0.301,2019-07-30T22:47:30.645499Z
193,193,18107.94966251156,2019-07-30T22:47:30.757999Z,4,h4,48.124999999999986,218.125,11.442116204261955,h3,0.2,0.215,2019-07-30T22:47:30.730499Z
194,194,18107.949662476844,2019-07-30T22:47:30.843999Z,4,h4,48.125,218.125,11.442116204261955,h3,0.114,0.129,2019-07-30T22:47:30.816499Z
195,195,18107.949662476836,2019-07-30T22:47:30.977999Z,4,h4,20.125,260.125,3.8670097517768998,h5,0.002,0.019,2019-07-30T22:47:30.966499Z
196,196,18107.9496629398,2019-07-30T22:47:31.062999Z,4,h4,-171.5,-1.5,1.1818438210451407,h3,0.399,0.163,2019-07-30T22:47:31.160999Z
197,197,18107.949668310175,2019-07-30T22:47:31.261999Z,4,h4,49.874999999999986,219.875,1.0387967341225437,h3,0.199,0.216,2019-07-30T22:47:31.233499Z
198,198,18107.949668287027,2019-07-30T22:47:31.534999Z,4,h4,48.124999999999986,218.125,1.5356662015366753,h3,0.2,0.215,2019-07-30T22:47:31.507499Z
199,199,18107.949671469898,2019-07-30T22:47:31.723999Z,4,h4,31.499999999999996,201.5,1.5356662015366753,h3,0.399,0.395,2019-07-30T22:47:31.705999Z
200,200,18107.94967623841,2019-07-30T22:47:31.943999Z,4,h4,48.124999999999986,218.125,2.7563580106345915,h3,0.2,0.215,2019-07-30T22:47:31.916499Z
201,201,18107.94969341434,2019-07-30T22:47:33.447999Z,4,h4,49.000000000000014,219.0,2.8800306418255444,h3,0.182,0.198,2019-07-30T22:47:33.419999Z
202,202,18107.94969341434,2019-07-30T22:47:33.534999Z,4,h4,49.0,219.0,3.0360476151551725,h3,0.095,0.111,2019-07-30T22:47:33.506999Z
203,203,18107.94969341434,2019-07-30T22:47:33.654000Z,4,h4,48.999999999999986,219.0,3.0360476151551725,h3,0.2,0.216,2019-07-30T22:47:33.626000Z
204,204,18107.949698518507,2019-07-30T22:47:33.753999Z,4,h4,49.0,219.0,5.966738065227321,h3,0.1,0.116,2019-07-30T22:47:33.725999Z
205,205,18107.949699398134,2019-07-30T22:47:33.944999Z,4,h4,48.999999999999986,219.0,5.966738065227321,h3,0.2,0.216,2019-07-30T22:47:33.916999Z
206,206,18107.949699398137,2019-07-30T22:47:34.072999Z,4,h4,0.8749999999999929,240.875,6.69247085311905,h5,0.072,0.111,2019-07-30T22:47:34.072499Z
207,207,18107.949699363417,2019-07-30T22:47:34.166999Z,4,h4,49.875000000000014,219.875,6.69247085311905,h3,0.286,0.303,2019-07-30T22:47:34.138499Z
208,208,18107.94970292823,2019-07-30T22:47:34.252999Z,4,h4,50.749999999999986,220.75,6.69247085311905,h3,0.199,0.217,2019-07-30T22:47:34.223999Z
209,209,18107.949702928232,2019-07-30T22:47:34.333999Z,4,h4,49.000000000000014,219.0,6.69247085311905,h3,0.118,0.134,2019-07-30T22:47:34.305999Z
210,210,18107.94970292823,2019-07-30T22:47:34.414999Z,4,h4,49.875,219.875,6.69247085311905,h3,0.036,0.053,2019-07-30T22:47:34.386499Z
211,211,18107.949707557855,2019-07-30T22:47:34.533999Z,4,h4,33.25,203.25,1.0169394329709673,h3,0.004,0.002,2019-07-30T22:47:34.514999Z
212,212,18107.949766724527,2019-07-30T22:47:39.762999Z,4,h4,50.749999999999986,220.75,2.7313486378243073,h3,0.199,0.217,2019-07-30T22:47:39.733999Z
213,213,18107.94976670138,2019-07-30T22:47:39.892999Z,4,h4,181.12500000000003,421.125,6.696729779433056,h5,0.275,0.108,2019-07-30T22:47:39.789499Z
214,214,18107.949766701375,2019-07-30T22:47:39.967999Z,4,h4,49.874999999999986,219.875,6.696729779433056,h3,0.2,0.217,2019-07-30T22:47:39.939499Z
215,215,18107.949769108785,2019-07-30T22:47:40.060999Z,4,h4,50.75,220.75,6.696729779433056,h3,0.106,0.124,2019-07-30T22:47:40.031999Z
216,216,18107.949769074065,2019-07-30T22:47:40.186999Z,4,h4,33.25,203.25,2.2798934029785474,h3,0.399,0.397,2019-07-30T22:47:40.167999Z
217,217,18107.94976952545,2019-07-30T22:47:40.279999Z,4,h4,35.0,275.0,0.9921953831194098,h5,0.399,0.399,2019-07-30T22:47:40.259999Z
218,218,18107.949822511564,2019-07-30T22:47:44.606999Z,4,h4,52.500000000000014,222.5,3.6210188914566945,h3,0.178,0.198,2019-07-30T22:47:44.576999Z
219,219,18107.949822511564,2019-07-30T22:47:44.728999Z,4,h4,50.75,220.75,3.6210188914566945,h3,0.056,0.074,2019-07-30T22:47:44.699999Z
220,220,18107.94982251156,2019-07-30T22:47:44.826999Z,4,h4,35.875,275.875,1.5635589138871286,h5,0.399,0.398,2019-07-30T22:47:44.806499Z
221,221,18107.949854224527,2019-07-30T22:47:47.324999Z,4,h4,51.624999999999986,221.625,1.484034961915235,h3,0.2,0.219,2019-07-30T22:47:47.295499Z
222,222,18107.949858333322,2019-07-30T22:47:47.676999Z,4,h4,51.624999999999986,221.625,1.511719402183702,h3,0.2,0.219,2019-07-30T22:47:47.647499Z
223,223,18107.949923599528,2019-07-30T22:47:53.366999Z,4,h4,53.37499999999999,223.375,6.689032863028729,h3,0.151,0.172,2019-07-30T22:47:53.336499Z
224,224,18107.949923599528,2019-07-30T22:47:53.470999Z,4,h4,53.375,223.375,6.689032863028729,h3,0.047,0.068,2019-07-30T22:47:53.440499Z
225,225,18107.949923576376,2019-07-30T22:47:53.586999Z,4,h4,60.37500000000002,230.37500000000003,1.8106328096357203,h3,0.37,0.399,2019-07-30T22:47:53.552499Z
226,226,18107.950427071748,2019-07-30T22:48:36.818999Z,4,h4,63.0,233.0,2.156282520978283,h3,0.2,0.232,2019-07-30T22:48:36.782999Z
227,227,18107.950427071748,2019-07-30T22:48:37.057999Z,4,h4,35.0,205.0,0.7146893295237805,h3,0.399,0.399,2019-07-30T22:48:37.037999Z
228,228,18107.950482997676,2019-07-30T22:48:41.652999Z,4,h4,63.0,233.0,13.57324636428484,h3,0.199,0.231,2019-07-30T22:48:41.616999Z
229,229,18107.950482997672,2019-07-30T22:48:41.730999Z,4,h4,63.0,233.0,13.57324636428484,h3,0.121,0.153,2019-07-30T22:48:41.694999Z
230,230,18107.950482997672,2019-07-30T22:48:41.839999Z,4,h4,339.5,579.5,13.57324636428484,h5,0.399,0.051,2019-07-30T22:48:41.645999Z
231,231,18107.95048763888,2019-07-30T22:48:41.933999Z,4,h4,56.875000000000014,296.875,3.1197600645467287,h5,0.399,0.374,2019-07-30T22:48:41.901499Z
232,232,18107.95048406249,2019-07-30T22:48:42.016999Z,4,h4,63.87500000000003,233.87500000000003,3.1197600645467287,h3,0.349,0.382,2019-07-30T22:48:41.980499Z
233,233,18107.950488981467,2019-07-30T22:48:42.165999Z,4,h4,63.875,233.875,2.6278665542576163,h3,0.2,0.233,2019-07-30T22:48:42.129499Z
234,234,18107.950488981467,2019-07-30T22:48:42.267999Z,4,h4,63.875,233.875,2.6278665542576163,h3,0.098,0.131,2019-07-30T22:48:42.231499Z
235,235,18107.95048898147,2019-07-30T22:48:42.380999Z,4,h4,362.25,602.25,1.6758714876722878,h5,0.397,0.023,2019-07-30T22:48:42.173999Z
236,236,18107.95049438656,2019-07-30T22:48:42.515999Z,4,h4,25.375,265.375,1.6758714876722878,h5,0.019,0.03,2019-07-30T22:48:42.501499Z
237,237,18107.950534953692,2019-07-30T22:48:46.136999Z,4,h4,63.875,233.875,2.937292953956715,h3,0.2,0.233,2019-07-30T22:48:46.100499Z
238,238,18107.950534953692,2019-07-30T22:48:46.253999Z,4,h4,63.875,233.875,2.937292953956715,h3,0.083,0.116,2019-07-30T22:48:46.217499Z
239,239,18107.95053491897,2019-07-30T22:48:46.342999Z,4,h4,355.25,595.25,1.545050989584773,h5,0.399,0.033,2019-07-30T22:48:46.139999Z
240,240,18107.95053983795,2019-07-30T22:48:46.443999Z,4,h4,35.0,205.0,1.545050989584773,h3,0.399,0.399,2019-07-30T22:48:46.423999Z
241,241,18107.9505761111,2019-07-30T22:48:49.695998Z,4,h4,65.62499999999997,235.62499999999997,8.042693721635008,h3,0.2,0.235,2019-07-30T22:48:49.658498Z
242,242,18107.9505761111,2019-07-30T22:48:49.771999Z,4,h4,64.75,234.75,8.042693721635008,h3,0.124,0.158,2019-07-30T22:48:49.734999Z
243,243,18107.9505761111,2019-07-30T22:48:49.848999Z,4,h4,68.25,238.25,8.042693721635008,h3,0.043,0.081,2019-07-30T22:48:49.809999Z
244,244,18107.95057608795,2019-07-30T22:48:49.928999Z,4,h4,35.875,275.875,4.084006193475778,h5,0.399,0.398,2019-07-30T22:48:49.908499Z
245,245,18107.950581180543,2019-07-30T22:48:50.017999Z,4,h4,1.7499999999999716,171.74999999999997,4.084006193475778,h3,0.399,0.361,2019-07-30T22:48:50.016999Z
246,246,18107.950582569432,2019-07-30T22:48:50.134999Z,4,h4,-299.25,-129.25,0.6109914855098186,h3,0.399,0.017,2019-07-30T22:48:50.305999Z
247,247,18107.950617881932,2019-07-30T22:48:53.315999Z,4,h4,65.625,235.625,5.028178873465836,h3,0.188,0.223,2019-07-30T22:48:53.278499Z
248,248,18107.950617881932,2019-07-30T22:48:53.393999Z,4,h4,65.62499999999999,235.625,5.028178873465836,h3,0.11,0.145,2019-07-30T22:48:53.356499Z
249,249,18107.950617881932,2019-07-30T22:48:53.476999Z,4,h4,66.5,236.5,5.028178873465836,h3,0.026,0.062,2019-07-30T22:48:53.438999Z
250,250,18107.95093966434,2019-07-30T22:49:21.108999Z,4,h4,2.6250000000000213,242.62500000000003,2.147259828373845,h5,0.199,0.236,2019-07-30T22:49:21.107499Z
251,251,18107.95093966434,2019-07-30T22:49:21.223999Z,4,h4,5.250000000000011,245.25,2.147259828373845,h5,0.084,0.118,2019-07-30T22:49:21.220999Z
252,252,18107.95093966434,2019-07-30T22:49:21.299999Z,4,h4,2.624999999999993,242.625,2.147259828373845,h5,0.005,0.042,2019-07-30T22:49:21.298499Z
253,253,18107.951089201375,2019-07-30T22:49:34.032999Z,4,h4,6.125,246.125,1.2191048858713178,h5,0.2,0.233,2019-07-30T22:49:34.029499Z
254,254,18107.95108920138,2019-07-30T22:49:34.107999Z,4,h4,6.125,246.125,1.2191048858713178,h5,0.125,0.158,2019-07-30T22:49:34.104499Z
255,255,18107.95121966434,2019-07-30T22:49:45.307999Z,4,h4,8.75,248.75,4.129646810605835,h5,0.199,0.229,2019-07-30T22:49:45.302999Z
256,256,18107.951293599526,2019-07-30T22:49:51.697999Z,4,h4,9.625,249.625,12.048872327067187,h5,0.199,0.228,2019-07-30T22:49:51.692499Z
257,257,18107.951293599526,2019-07-30T22:49:51.782999Z,4,h4,9.625000000000014,249.625,12.048872327067187,h5,0.114,0.143,2019-07-30T22:49:51.777499Z
258,258,18107.951293576378,2019-07-30T22:49:51.902999Z,4,h4,-281.75,-111.75,4.929748541390351,h3,0.395,0.033,2019-07-30T22:49:52.063999Z
259,259,18107.951395266195,2019-07-30T22:50:00.482999Z,4,h4,12.250000000000004,252.25,5.535548306186435,h5,0.2,0.226,2019-07-30T22:50:00.475999Z
260,260,18107.95139526619,2019-07-30T22:50:00.562999Z,4,h4,12.250000000000004,252.25,5.535548306186435,h5,0.12,0.146,2019-07-30T22:50:00.555999Z
261,261,18107.951650902767,2019-07-30T22:50:22.745999Z,4,h4,16.624999999999982,256.625,6.146513690541046,h5,0.357,0.378,2019-07-30T22:50:22.736499Z
262,262,18107.95165468749,2019-07-30T22:50:22.902999Z,4,h4,16.625000000000007,256.625,6.146513690541046,h5,0.2,0.221,2019-07-30T22:50:22.893499Z
263,263,18107.95165468749,2019-07-30T22:50:23.005999Z,4,h4,15.750000000000007,255.75,6.146513690541046,h5,0.096,0.118,2019-07-30T22:50:22.996999Z
264,264,18107.951691620357,2019-07-30T22:50:26.094999Z,4,h4,17.500000000000007,257.5,2.726369049428798,h5,0.2,0.22,2019-07-30T22:50:26.084999Z
265,265,18107.95169460647,2019-07-30T22:50:26.398999Z,4,h4,15.750000000000007,255.75,4.486926613048425,h5,0.153,0.175,2019-07-30T22:50:26.389999Z
266,266,18107.951707986096,2019-07-30T22:50:27.556999Z,4,h4,17.500000000000007,257.5,9.276174585458623,h5,0.152,0.172,2019-07-30T22:50:27.546999Z
267,267,18107.951707986096,2019-07-30T22:50:27.635999Z,4,h4,17.499999999999996,257.5,9.276174585458623,h5,0.073,0.093,2019-07-30T22:50:27.625999Z
268,268,18107.9517079861,2019-07-30T22:50:27.712999Z,4,h4,-284.375,-114.375,9.276174585458623,h3,0.399,0.034,2019-07-30T22:50:27.875499Z
269,269,18107.95171313656,2019-07-30T22:50:27.815999Z,4,h4,16.624999999999996,256.625,8.361055613237037,h5,0.089,0.11,2019-07-30T22:50:27.806499Z
270,270,18107.951710254616,2019-07-30T22:50:27.908999Z,4,h4,-280.875,-110.875,8.361055613237037,h3,0.395,0.034,2019-07-30T22:50:28.069499Z
271,271,18107.951826215267,2019-07-30T22:50:37.728999Z,4,h4,20.12500000000001,260.125,2.9324271683359058,h5,0.197,0.214,2019-07-30T22:50:37.717499Z
272,272,18107.951826215267,2019-07-30T22:50:37.833999Z,4,h4,20.125,260.125,2.9324271683359058,h5,0.092,0.109,2019-07-30T22:50:37.822499Z
273,273,18107.951835023137,2019-07-30T22:50:38.487999Z,4,h4,19.25000000000001,259.25,4.206393700778662,h5,0.199,0.217,2019-07-30T22:50:38.476999Z
274,274,18107.951835023137,2019-07-30T22:50:38.566999Z,4,h4,19.249999999999986,259.25,4.206393700778662,h5,0.12,0.138,2019-07-30T22:50:38.555999Z
275,275,18107.951835023137,2019-07-30T22:50:38.645999Z,4,h4,18.375000000000004,258.375,4.206393700778662,h5,0.04,0.059,2019-07-30T22:50:38.635499Z
276,276,18107.9518526736,2019-07-30T22:50:40.014999Z,4,h4,20.12500000000001,260.125,0.7200857097989914,h5,0.198,0.215,2019-07-30T22:50:40.003499Z
277,277,18107.951865902767,2019-07-30T22:50:41.157999Z,4,h4,20.12500000000001,260.125,6.562842535662018,h5,0.198,0.215,2019-07-30T22:50:41.146499Z
278,278,18107.951865902767,2019-07-30T22:50:41.288999Z,4,h4,20.125,260.125,6.562842535662018,h5,0.067,0.084,2019-07-30T22:50:41.277499Z
279,279,18107.95186587962,2019-07-30T22:50:41.376999Z,4,h4,21.0,261.0,6.441698049869565,h5,0.11,0.126,2019-07-30T22:50:41.364999Z
280,280,18107.952003831007,2019-07-30T22:50:53.076000Z,4,h4,22.750000000000014,262.75,2.5388086903707094,h5,0.2,0.214,2019-07-30T22:50:53.063000Z
281,281,18107.952003831007,2019-07-30T22:50:53.150999Z,4,h4,22.74999999999999,262.75,2.5388086903707094,h5,0.125,0.139,2019-07-30T22:50:53.137999Z
282,282,18107.952059340267,2019-07-30T22:50:57.874999Z,4,h4,24.500000000000014,264.5,1.5126465522229329,h5,0.198,0.21,2019-07-30T22:50:57.860999Z
283,283,18107.952059340267,2019-07-30T22:50:57.951999Z,4,h4,24.499999999999993,264.5,1.5126465522229329,h5,0.121,0.133,2019-07-30T22:50:57.937999Z
284,284,18107.952067291655,2019-07-30T22:50:58.561998Z,4,h4,23.625000000000014,263.625,5.207891370468269,h5,0.198,0.211,2019-07-30T22:50:58.548498Z
285,285,18107.95206726851,2019-07-30T22:50:58.709999Z,4,h4,23.625,263.625,5.207891370468269,h5,0.05,0.063,2019-07-30T22:50:58.696499Z
286,286,18107.952144502306,2019-07-30T22:51:05.235999Z,4,h4,25.375000000000014,265.375,5.798066631370844,h5,0.199,0.21,2019-07-30T22:51:05.221499Z
287,287,18107.952144502306,2019-07-30T22:51:05.325999Z,4,h4,22.75,262.75,5.798066631370844,h5,0.106,0.12,2019-07-30T22:51:05.312999Z
288,288,18107.952144502306,2019-07-30T22:51:05.419999Z,4,h4,24.5,264.5,5.798066631370844,h5,0.011,0.023,2019-07-30T22:51:05.405999Z
289,289,18107.95214804397,2019-07-30T22:51:05.540999Z,4,h4,25.375000000000014,265.375,2.4070135885470902,h5,0.198,0.209,2019-07-30T22:51:05.526499Z
290,290,18107.95214804397,2019-07-30T22:51:05.668999Z,4,h4,25.375000000000043,265.37500000000006,5.366399258264706,h5,0.336,0.347,2019-07-30T22:51:05.654499Z
291,291,18107.952151134246,2019-07-30T22:51:05.806999Z,4,h4,25.375000000000014,265.375,5.366399258264706,h5,0.198,0.209,2019-07-30T22:51:05.792499Z
292,292,18107.95215112267,2019-07-30T22:51:05.891999Z,4,h4,25.375000000000004,265.375,5.366399258264706,h5,0.113,0.124,2019-07-30T22:51:05.877499Z
293,293,18107.952151122674,2019-07-30T22:51:05.981999Z,4,h4,24.499999999999996,264.5,5.366399258264706,h5,0.022,0.034,2019-07-30T22:51:05.967999Z
294,294,18107.95215128471,2019-07-30T22:51:06.068999Z,4,h4,378.875,548.875,3.1429682547333537,h3,0.003,0.396,2019-07-30T22:51:05.852499Z
295,295,18107.952337407394,2019-07-30T22:51:21.910999Z,4,h4,28.874999999999993,268.875,3.535244826931997,h5,0.195,0.202,2019-07-30T22:51:21.894499Z
296,296,18107.952342199063,2019-07-30T22:51:22.318999Z,4,h4,28.875000000000018,268.875,1.954407015575625,h5,0.17,0.177,2019-07-30T22:51:22.302499Z
297,297,18107.95234915508,2019-07-30T22:51:22.921999Z,4,h4,28.875000000000018,268.875,3.187742225704982,h5,0.198,0.205,2019-07-30T22:51:22.905499Z
298,298,18107.95247616897,2019-07-30T22:51:33.898999Z,4,h4,31.499999999999996,271.5,4.784193176462429,h5,0.198,0.202,2019-07-30T22:51:33.880999Z
299,299,18107.952476168968,2019-07-30T22:51:34.074999Z,4,h4,27.125,267.125,4.784193176462429,h5,0.016,0.025,2019-07-30T22:51:34.059499Z
300,300,18107.952503402765,2019-07-30T22:51:36.250999Z,4,h4,31.50000000000002,271.5,6.13578309015419,h5,0.2,0.204,2019-07-30T22:51:36.232999Z
301,301,18107.952503402765,2019-07-30T22:51:36.346999Z,4,h4,31.499999999999996,271.5,6.13578309015419,h5,0.104,0.108,2019-07-30T22:51:36.328999Z
302,302,18107.952503402765,2019-07-30T22:51:36.427999Z,4,h4,28.875,268.875,6.13578309015419,h5,0.019,0.026,2019-07-30T22:51:36.411499Z
303,303,18107.95251068286,2019-07-30T22:51:36.878999Z,4,h4,31.499999999999996,271.5,1.5488772123540415,h5,0.198,0.202,2019-07-30T22:51:36.860999Z
304,304,18107.952554733787,2019-07-30T22:51:40.686999Z,4,h4,33.25,273.25,1.2733834925771261,h5,0.198,0.2,2019-07-30T22:51:40.667999Z
305,305,18107.952575787025,2019-07-30T22:51:42.507999Z,4,h4,33.25,273.25,4.681150879491423,h5,0.198,0.2,2019-07-30T22:51:42.488999Z
306,306,18107.952575787025,2019-07-30T22:51:42.680999Z,4,h4,20.125,260.125,4.681150879491423,h5,0.009,0.026,2019-07-30T22:51:42.669499Z
307,307,18107.952583275455,2019-07-30T22:51:43.152999Z,4,h4,33.25,273.25,1.630834146876582,h5,0.198,0.2,2019-07-30T22:51:43.133999Z
308,308,18107.952583252303,2019-07-30T22:51:43.371999Z,4,h4,33.25,273.25,1.927920926145775,h5,0.199,0.201,2019-07-30T22:51:43.352999Z
309,309,18107.952689768506,2019-07-30T22:51:52.357999Z,4,h4,35.0,275.0,2.67858109455713,h5,0.198,0.198,2019-07-30T22:51:52.337999Z
310,310,18107.95269821758,2019-07-30T22:51:53.088999Z,4,h4,35.875,275.875,2.1345314670066307,h5,0.198,0.197,2019-07-30T22:51:53.068499Z
311,311,18107.952752662026,2019-07-30T22:51:57.793999Z,4,h4,35.875,275.875,2.0242493171505416,h5,0.198,0.197,2019-07-30T22:51:57.773499Z
312,312,18107.952752662026,2019-07-30T22:51:58.004999Z,4,h4,35.0,275.0,0.8903463416458048,h5,0.399,0.399,2019-07-30T22:51:57.984999Z
313,313,18107.95275996527,2019-07-30T22:51:58.422999Z,4,h4,36.75,276.75,0.4693456551590309,h5,0.198,0.196,2019-07-30T22:51:58.401999Z
314,314,18107.952769108786,2019-07-30T22:51:59.212999Z,4,h4,36.75,276.75,0.846677813638366,h5,0.198,0.196,2019-07-30T22:51:59.191999Z
315,315,18107.952841319435,2019-07-30T22:52:05.480999Z,5,h5,38.49999999999998,278.5,5.643889518087266,h4,0.169,0.173,2019-07-30T22:52:05.458999Z
316,316,18107.95284131943,2019-07-30T22:52:05.572999Z,5,h5,38.5,278.5,5.643889518087266,h4,0.077,0.081,2019-07-30T22:52:05.550999Z
317,317,18107.95284131943,2019-07-30T22:52:05.667999Z,5,h5,35.0,275.0,5.643889518087266,h4,0.399,0.399,2019-07-30T22:52:05.647999Z
318,318,18107.952848391193,2019-07-30T22:52:05.905999Z,5,h5,37.625,277.625,0.7273712475265428,h4,0.2,0.203,2019-07-30T22:52:05.884499Z
319,319,18107.952849861103,2019-07-30T22:52:06.185999Z,5,h5,37.625,277.625,1.2439783102023587,h4,0.2,0.203,2019-07-30T22:52:06.164499Z
320,320,18107.952849849524,2019-07-30T22:52:06.286000Z,5,h5,37.62499999999999,277.625,1.2439783102023587,h4,0.1,0.103,2019-07-30T22:52:06.264500Z
321,321,18107.952855763877,2019-07-30T22:52:06.538999Z,5,h5,38.5,278.5,0.49475032946697806,h4,0.199,0.203,2019-07-30T22:52:06.516999Z
322,322,18107.95303657406,2019-07-30T22:52:22.319999Z,5,h5,41.12499999999998,281.125,3.2653356680099788,h4,0.2,0.207,2019-07-30T22:52:22.296499Z
323,323,18107.95304164351,2019-07-30T22:52:22.757999Z,5,h5,41.12499999999998,281.125,4.222865757381403,h4,0.2,0.207,2019-07-30T22:52:22.734499Z
324,324,18107.953291180544,2019-07-30T22:52:44.319999Z,5,h5,46.374999999999986,286.375,2.613927861037045,h4,0.198,0.211,2019-07-30T22:52:44.293499Z
325,325,18107.953291180544,2019-07-30T22:52:44.401998Z,5,h5,46.375,286.375,2.613927861037045,h4,0.116,0.129,2019-07-30T22:52:44.375498Z
326,326,18107.953303229155,2019-07-30T22:52:45.366999Z,5,h5,47.249999999999986,287.25,1.726610715440914,h4,0.192,0.206,2019-07-30T22:52:45.339999Z
327,327,18107.953303229155,2019-07-30T22:52:45.449999Z,5,h5,47.25,287.25,1.726610715440914,h4,0.109,0.123,2019-07-30T22:52:45.422999Z
328,328,18107.953331041655,2019-07-30T22:52:47.762999Z,5,h5,46.374999999999986,286.375,1.8627888457876045,h4,0.2,0.213,2019-07-30T22:52:47.736499Z
329,329,18107.95333440971,2019-07-30T22:52:48.051999Z,5,h5,48.124999999999986,288.125,1.086798964456782,h4,0.2,0.215,2019-07-30T22:52:48.024499Z
330,330,18107.953349189804,2019-07-30T22:52:49.327999Z,5,h5,47.249999999999986,287.25,0.45886825207165083,h4,0.2,0.214,2019-07-30T22:52:49.300999Z
331,331,18107.95335432869,2019-07-30T22:52:49.789999Z,5,h5,48.125000000000014,288.125,2.405041302694374,h4,0.185,0.2,2019-07-30T22:52:49.762499Z
332,332,18107.953354328693,2019-07-30T22:52:49.874999Z,5,h5,48.125,288.125,2.405041302694374,h4,0.1,0.115,2019-07-30T22:52:49.847499Z
333,333,18107.95336019675,2019-07-30T22:52:50.278999Z,5,h5,47.249999999999986,287.25,2.1236462042161763,h4,0.2,0.214,2019-07-30T22:52:50.251999Z
334,334,18107.953361388874,2019-07-30T22:52:50.382999Z,5,h5,47.25,287.25,2.1236462042161763,h4,0.096,0.11,2019-07-30T22:52:50.355999Z
335,335,18107.953361388878,2019-07-30T22:52:50.477999Z,5,h5,-1.749999999999993,308.25,2.1236462042161763,h6,0.104,0.146,2019-07-30T22:52:50.478999Z
336,336,18107.95336136573,2019-07-30T22:52:50.557999Z,5,h5,48.125,288.125,2.1236462042161763,h4,0.023,0.038,2019-07-30T22:52:50.530499Z
337,337,18107.953372743046,2019-07-30T22:52:51.364999Z,5,h5,47.249999999999986,287.25,4.058898984710979,h4,0.2,0.214,2019-07-30T22:52:51.337999Z
338,338,18107.953372743043,2019-07-30T22:52:51.487999Z,5,h5,47.25,287.25,4.058898984710979,h4,0.077,0.091,2019-07-30T22:52:51.460999Z
339,339,18107.95341082175,2019-07-30T22:52:54.652999Z,5,h5,48.124999999999986,288.125,3.9316075281886684,h4,0.2,0.215,2019-07-30T22:52:54.625499Z
340,340,18107.9534107986,2019-07-30T22:52:54.759999Z,5,h5,48.125,288.125,3.9316075281886684,h4,0.093,0.108,2019-07-30T22:52:54.732499Z
341,341,18107.9534107986,2019-07-30T22:52:54.881999Z,5,h5,48.125,288.125,3.9316075281886684,h4,0.041,0.056,2019-07-30T22:52:54.854499Z
342,342,18107.95357688656,2019-07-30T22:53:09.003999Z,5,h5,51.624999999999986,291.625,2.4615614858143107,h4,0.199,0.218,2019-07-30T22:53:08.974499Z
343,343,18107.953576886564,2019-07-30T22:53:09.093999Z,5,h5,51.625,291.625,2.4615614858143107,h4,0.109,0.128,2019-07-30T22:53:09.064499Z
344,344,18107.95358077545,2019-07-30T22:53:09.339999Z,5,h5,51.624999999999986,291.625,4.455938501072486,h4,0.199,0.218,2019-07-30T22:53:09.310499Z
345,345,18107.95358077545,2019-07-30T22:53:09.516999Z,5,h5,53.375,293.375,4.455938501072486,h4,0.02,0.041,2019-07-30T22:53:09.486499Z
346,346,18107.953587824064,2019-07-30T22:53:09.946000Z,5,h5,51.624999999999986,291.625,0.7276644167463316,h4,0.2,0.219,2019-07-30T22:53:09.916500Z
347,347,18107.953602708323,2019-07-30T22:53:11.233999Z,5,h5,51.624999999999986,291.625,3.0458690766807552,h4,0.2,0.219,2019-07-30T22:53:11.204499Z
348,348,18107.953692673604,2019-07-30T22:53:19.004999Z,5,h5,49.874999999999986,289.875,1.877265248949766,h4,0.2,0.217,2019-07-30T22:53:18.976499Z
349,349,18107.953696805544,2019-07-30T22:53:19.361999Z,5,h5,53.37499999999999,293.375,1.162130790601511,h4,0.2,0.221,2019-07-30T22:53:19.331499Z
350,350,18107.953706041655,2019-07-30T22:53:20.162999Z,5,h5,54.24999999999999,294.25,2.02045501771371,h4,0.199,0.221,2019-07-30T22:53:20.131999Z
351,351,18107.953778368043,2019-07-30T22:53:26.411999Z,5,h5,55.12499999999999,295.125,5.463707682388119,h4,0.2,0.223,2019-07-30T22:53:26.380499Z
352,352,18107.953778368046,2019-07-30T22:53:26.559999Z,5,h5,55.125,295.125,5.463707682388119,h4,0.052,0.075,2019-07-30T22:53:26.528499Z
353,353,18107.95377849536,2019-07-30T22:53:26.659999Z,5,h5,55.12499999999999,295.125,4.323841921302341,h4,0.095,0.118,2019-07-30T22:53:26.628499Z
354,354,18107.953780057862,2019-07-30T22:53:26.742999Z,5,h5,55.125,295.125,4.323841921302341,h4,0.012,0.035,2019-07-30T22:53:26.711499Z
355,355,18107.953780706004,2019-07-30T22:53:26.849999Z,5,h5,54.24999999999999,294.25,2.6575490413597587,h4,0.2,0.222,2019-07-30T22:53:26.818999Z
356,356,18107.95378343749,2019-07-30T22:53:27.023999Z,5,h5,35.875,275.875,2.6575490413597587,h4,0.024,0.025,2019-07-30T22:53:27.003499Z
357,357,18107.95378878471,2019-07-30T22:53:27.311999Z,5,h5,56.875,296.875,2.548075404424492,h4,0.199,0.224,2019-07-30T22:53:27.279499Z
358,358,18107.95378878471,2019-07-30T22:53:27.394999Z,5,h5,55.12500000000001,295.125,2.548075404424492,h4,0.116,0.139,2019-07-30T22:53:27.363499Z
359,359,18107.9538020486,2019-07-30T22:53:28.457000Z,5,h5,55.12499999999999,295.125,3.018807757074334,h4,0.2,0.223,2019-07-30T22:53:28.425500Z
360,360,18107.953802048596,2019-07-30T22:53:28.540999Z,5,h5,55.12500000000001,295.125,3.018807757074334,h4,0.116,0.139,2019-07-30T22:53:28.509499Z
361,361,18107.953852523136,2019-07-30T22:53:32.820999Z,5,h5,55.99999999999999,296.0,5.457493408236385,h4,0.197,0.221,2019-07-30T22:53:32.788999Z
362,362,18107.953852523136,2019-07-30T22:53:32.919999Z,5,h5,55.99999999999999,296.0,5.457493408236385,h4,0.098,0.122,2019-07-30T22:53:32.887999Z
363,363,18107.953857199063,2019-07-30T22:53:33.220000Z,5,h5,57.75,297.75,1.0028808381135834,h4,0.2,0.226,2019-07-30T22:53:33.187000Z
364,364,18107.953860127305,2019-07-30T22:53:33.472999Z,5,h5,55.99999999999999,296.0,3.6530541837403483,h4,0.2,0.224,2019-07-30T22:53:33.440999Z
365,365,18107.95389619212,2019-07-30T22:53:36.588999Z,5,h5,56.875,296.875,0.7086980714917694,h4,0.2,0.225,2019-07-30T22:53:36.556499Z
366,366,18107.953947546284,2019-07-30T22:53:41.028998Z,5,h5,57.75,297.75,2.357434853406068,h4,0.2,0.226,2019-07-30T22:53:40.995998Z
367,367,18107.95395539351,2019-07-30T22:53:41.705999Z,5,h5,58.625,298.625,10.196206026674078,h4,0.2,0.227,2019-07-30T22:53:41.672499Z
368,368,18107.953955393503,2019-07-30T22:53:41.826999Z,5,h5,58.625,298.625,10.196206026674078,h4,0.079,0.106,2019-07-30T22:53:41.793499Z
369,369,18107.953985590266,2019-07-30T22:53:44.316999Z,5,h5,58.625,298.625,3.0646632722550615,h4,0.198,0.225,2019-07-30T22:53:44.283499Z
370,370,18107.95398906249,2019-07-30T22:53:44.614999Z,5,h5,58.625,298.625,4.333125025980003,h4,0.2,0.227,2019-07-30T22:53:44.581499Z
371,371,18107.953989062487,2019-07-30T22:53:44.700999Z,5,h5,58.624999999999986,298.625,4.333125025980003,h4,0.114,0.141,2019-07-30T22:53:44.667499Z
372,372,18107.953992465267,2019-07-30T22:53:44.793000Z,5,h5,60.37500000000002,300.375,4.929509017036365,h4,0.314,0.343,2019-07-30T22:53:44.758500Z
373,373,18107.953992465267,2019-07-30T22:53:44.907000Z,5,h5,58.625,298.625,4.929509017036365,h4,0.2,0.227,2019-07-30T22:53:44.873500Z
374,374,18107.95399244212,2019-07-30T22:53:44.986999Z,5,h5,58.625,298.625,4.929509017036365,h4,0.12,0.147,2019-07-30T22:53:44.953499Z
375,375,18107.954001423597,2019-07-30T22:53:45.683999Z,5,h5,58.625,298.625,4.357991917437447,h4,0.2,0.227,2019-07-30T22:53:45.650499Z
376,376,18107.9540014236,2019-07-30T22:53:45.804999Z,5,h5,58.625,298.625,4.357991917437447,h4,0.079,0.106,2019-07-30T22:53:45.771499Z
377,377,18107.954011874986,2019-07-30T22:53:46.586999Z,5,h5,58.625,298.625,1.7996166405472371,h4,0.2,0.227,2019-07-30T22:53:46.553499Z
378,378,18107.954011874986,2019-07-30T22:53:46.707999Z,5,h5,58.625,298.625,1.7996166405472371,h4,0.079,0.106,2019-07-30T22:53:46.674499Z
379,379,18107.954017581007,2019-07-30T22:53:47.109999Z,5,h5,60.375,300.375,1.4142791444350127,h4,0.17,0.199,2019-07-30T22:53:47.075499Z
380,380,18107.95402568286,2019-07-30T22:53:47.779999Z,5,h5,59.5,299.5,9.66238178580473,h4,0.199,0.227,2019-07-30T22:53:47.745999Z
381,381,18107.95402568286,2019-07-30T22:53:47.863999Z,5,h5,59.499999999999986,299.5,9.66238178580473,h4,0.115,0.143,2019-07-30T22:53:47.829999Z
382,382,18107.95402568286,2019-07-30T22:53:47.969999Z,5,h5,60.375,300.375,9.66238178580473,h4,0.008,0.037,2019-07-30T22:53:47.935499Z
383,383,18107.954027893506,2019-07-30T22:53:48.090999Z,5,h5,59.5,299.5,8.710772323282153,h4,0.079,0.107,2019-07-30T22:53:48.056999Z
384,384,18107.95403105323,2019-07-30T22:53:48.240999Z,5,h5,59.5,299.5,8.710772323282153,h4,0.2,0.228,2019-07-30T22:53:48.206999Z
385,385,18107.954031018508,2019-07-30T22:53:48.361999Z,5,h5,62.125,302.125,8.710772323282153,h4,0.076,0.107,2019-07-30T22:53:48.326499Z
386,386,18107.95403100693,2019-07-30T22:53:48.470000Z,5,h5,376.25,686.25,1.1153429912994401,h6,0.399,0.009,2019-07-30T22:53:48.255000Z
387,387,18107.95406123841,2019-07-30T22:53:50.851999Z,5,h5,61.25,301.25,1.9599294540106222,h4,0.2,0.23,2019-07-30T22:53:50.816999Z
388,388,18107.954061238415,2019-07-30T22:53:50.951999Z,5,h5,61.25,301.25,2.3578793759442256,h4,0.1,0.13,2019-07-30T22:53:50.916999Z
389,389,18107.954065717582,2019-07-30T22:53:51.104999Z,5,h5,62.12499999999997,302.125,5.397435914620587,h4,0.331,0.362,2019-07-30T22:53:51.069499Z
390,390,18107.95406417823,2019-07-30T22:53:51.235999Z,5,h5,60.375,300.375,5.397435914620587,h4,0.069,0.098,2019-07-30T22:53:51.201499Z
391,391,18107.954065694434,2019-07-30T22:53:51.350999Z,5,h5,60.375,300.375,5.397435914620587,h4,0.085,0.114,2019-07-30T22:53:51.316499Z
392,392,18107.95407026619,2019-07-30T22:53:51.472000Z,5,h5,381.5,621.5,4.872981705793674,h4,0.003,0.399,2019-07-30T22:53:51.254000Z
393,393,18107.954067013878,2019-07-30T22:53:51.564999Z,5,h5,28.874999999999993,268.875,1.4203731215665747,h4,0.399,0.392,2019-07-30T22:53:51.548499Z
394,394,18107.954072685174,2019-07-30T22:53:51.837999Z,5,h5,60.375,300.375,2.5564534139738395,h4,0.2,0.229,2019-07-30T22:53:51.803499Z
395,395,18107.954080729156,2019-07-30T22:53:52.535999Z,5,h5,60.375,300.375,3.1671337919119495,h4,0.2,0.229,2019-07-30T22:53:52.501499Z
396,396,18107.95414315971,2019-07-30T22:53:57.929999Z,5,h5,79.62500000000001,319.625,6.020111159010169,h4,0.179,0.23,2019-07-30T22:53:57.884499Z
397,397,18107.95414315971,2019-07-30T22:53:58.049999Z,5,h5,79.625,319.625,6.020111159010169,h4,0.059,0.11,2019-07-30T22:53:58.004499Z
398,398,18107.954182083322,2019-07-30T22:54:01.291999Z,5,h5,63.0,303.0,7.36206072473501,h4,0.2,0.232,2019-07-30T22:54:01.255999Z
399,399,18107.954182083322,2019-07-30T22:54:01.409999Z,5,h5,63.875,303.875,7.36206072473501,h4,0.081,0.114,2019-07-30T22:54:01.373499Z
400,400,18107.9541861111,2019-07-30T22:54:01.640999Z,5,h5,63.0,303.0,4.268397454988115,h4,0.199,0.231,2019-07-30T22:54:01.604999Z
401,401,18107.954186111096,2019-07-30T22:54:01.760999Z,5,h5,63.0,303.0,4.268397454988115,h4,0.079,0.111,2019-07-30T22:54:01.724999Z
402,402,18107.95419980323,2019-07-30T22:54:02.822999Z,5,h5,63.0,303.0,5.35999033036453,h4,0.2,0.232,2019-07-30T22:54:02.786999Z
403,403,18107.95419980323,2019-07-30T22:54:02.943999Z,5,h5,63.0,303.0,5.35999033036453,h4,0.079,0.111,2019-07-30T22:54:02.907999Z
404,404,18107.954204583322,2019-07-30T22:54:03.077999Z,5,h5,63.875,303.875,1.7242899929905746,h4,0.2,0.233,2019-07-30T22:54:03.041499Z
405,405,18107.954537754616,2019-07-30T22:54:32.022999Z,5,h5,69.12499999999997,309.125,7.4488806073191185,h4,0.199,0.238,2019-07-30T22:54:31.983499Z
406,406,18107.95453775462,2019-07-30T22:54:32.113999Z,5,h5,70.0,310.0,7.4488806073191185,h4,0.107,0.147,2019-07-30T22:54:32.073999Z
407,407,18107.954537685175,2019-07-30T22:54:32.253999Z,5,h5,38.5,278.5,3.6328364044914014,h4,0.395,0.399,2019-07-30T22:54:32.231999Z
408,408,18107.95455354166,2019-07-30T22:54:33.416999Z,5,h5,69.12499999999997,309.125,6.296164660898568,h4,0.17,0.209,2019-07-30T22:54:33.377499Z
409,409,18107.954553541655,2019-07-30T22:54:33.492999Z,5,h5,69.125,309.125,6.296164660898568,h4,0.094,0.133,2019-07-30T22:54:33.453499Z
410,410,18107.954561134247,2019-07-30T22:54:34.041000Z,5,h5,173.25000000000003,483.25,12.89800657300966,h6,0.399,0.241,2019-07-30T22:54:33.942000Z
411,411,18107.95456341434,2019-07-30T22:54:34.240000Z,5,h5,69.12499999999997,309.125,12.89800657300966,h4,0.2,0.239,2019-07-30T22:54:34.200500Z
412,412,18107.954563414343,2019-07-30T22:54:34.323999Z,5,h5,69.125,309.125,12.89800657300966,h4,0.116,0.155,2019-07-30T22:54:34.284499Z
413,413,18107.954566504617,2019-07-30T22:54:34.506999Z,5,h5,69.99999999999999,310.0,3.3258450985365053,h4,0.198,0.238,2019-07-30T22:54:34.466999Z
414,414,18107.954575555545,2019-07-30T22:54:35.308999Z,5,h5,69.125,309.125,7.807371867711637,h4,0.18,0.219,2019-07-30T22:54:35.269499Z
415,415,18107.954575555545,2019-07-30T22:54:35.392999Z,5,h5,69.125,309.125,7.807371867711637,h4,0.096,0.135,2019-07-30T22:54:35.353499Z
416,416,18107.954579004618,2019-07-30T22:54:35.590999Z,5,h5,65.625,305.625,1.8158475290702571,h4,0.188,0.223,2019-07-30T22:54:35.553499Z
417,417,18107.9546320486,2019-07-30T22:54:40.212999Z,5,h5,1.749999999999993,311.75,5.376451037686209,h6,0.158,0.196,2019-07-30T22:54:40.211999Z
418,418,18107.9546320486,2019-07-30T22:54:40.328999Z,5,h5,1.75,311.75,5.376451037686209,h6,0.042,0.08,2019-07-30T22:54:40.327999Z
419,419,18107.954651203694,2019-07-30T22:54:41.827999Z,5,h5,2.6250000000000213,312.625,7.447099350165608,h6,0.199,0.236,2019-07-30T22:54:41.826499Z
420,420,18107.954651203694,2019-07-30T22:54:41.919999Z,5,h5,2.625000000000007,312.625,7.447099350165608,h6,0.107,0.144,2019-07-30T22:54:41.918499Z
421,421,18107.954777812487,2019-07-30T22:54:52.765999Z,5,h5,2.6250000000000213,312.625,0.9637915885889152,h6,0.2,0.237,2019-07-30T22:54:52.764499Z
422,422,18107.95493216434,2019-07-30T22:55:06.163999Z,5,h5,7.875,317.875,9.277467872779699,h6,0.144,0.175,2019-07-30T22:55:06.159499Z
423,423,18107.95493216434,2019-07-30T22:55:06.244999Z,5,h5,5.2499999999999964,315.25,9.277467872779699,h6,0.06,0.094,2019-07-30T22:55:06.241999Z
424,424,18107.955137939804,2019-07-30T22:55:23.939999Z,5,h5,11.375000000000004,321.375,4.30744052600488,h6,0.151,0.178,2019-07-30T22:55:23.933499Z
425,425,18107.95546759258,2019-07-30T22:55:52.380999Z,5,h5,17.500000000000007,327.5,8.23250458378331,h6,0.199,0.219,2019-07-30T22:55:52.370999Z
426,426,18107.955467592583,2019-07-30T22:55:52.472999Z,5,h5,17.499999999999996,327.5,8.23250458378331,h6,0.107,0.127,2019-07-30T22:55:52.462999Z
427,427,18107.95554546295,2019-07-30T22:55:59.108999Z,5,h5,18.37500000000001,328.375,4.049406838771395,h6,0.2,0.219,2019-07-30T22:55:59.098499Z
428,428,18107.95554546295,2019-07-30T22:55:59.238999Z,5,h5,18.37500000000001,328.375,4.3005086684491545,h6,0.07,0.089,2019-07-30T22:55:59.228499Z
429,429,18107.955550219896,2019-07-30T22:55:59.361000Z,5,h5,28.875,268.875,4.3005086684491545,h4,0.039,0.032,2019-07-30T22:55:59.344500Z
430,430,18107.95554836804,2019-07-30T22:55:59.518999Z,5,h5,18.375000000000004,328.375,4.3005086684491545,h6,0.041,0.06,2019-07-30T22:55:59.508499Z
431,431,18107.955553206008,2019-07-30T22:55:59.794999Z,5,h5,16.624999999999982,326.625,0.8228142439354655,h6,0.181,0.202,2019-07-30T22:55:59.785499Z
432,432,18107.955600243047,2019-07-30T22:56:03.840999Z,5,h5,17.500000000000007,327.5,3.21946452078586,h6,0.2,0.22,2019-07-30T22:56:03.830999Z
433,433,18107.955600243044,2019-07-30T22:56:03.926998Z,5,h5,17.499999999999996,327.5,3.21946452078586,h6,0.114,0.134,2019-07-30T22:56:03.916998Z
434,434,18107.955604872674,2019-07-30T22:56:04.089999Z,5,h5,70.87499999999999,310.875,3.99146514185139,h4,0.198,0.239,2019-07-30T22:56:04.049499Z
435,435,18107.95560398147,2019-07-30T22:56:04.165999Z,5,h5,70.875,310.875,3.99146514185139,h4,0.122,0.163,2019-07-30T22:56:04.125499Z
436,436,18107.955603067116,2019-07-30T22:56:04.242999Z,5,h5,20.125,330.125,3.99146514185139,h6,0.045,0.062,2019-07-30T22:56:04.231499Z
437,437,18107.95560394675,2019-07-30T22:56:04.337999Z,5,h5,20.125,330.125,3.99146514185139,h6,0.026,0.043,2019-07-30T22:56:04.326499Z
438,438,18107.95562259258,2019-07-30T22:56:05.795999Z,5,h5,20.124999999999986,330.125,5.188509817190071,h6,0.179,0.196,2019-07-30T22:56:05.784499Z
439,439,18107.95562259258,2019-07-30T22:56:05.918000Z,5,h5,20.125000000000007,330.125,5.188509817190071,h6,0.057,0.074,2019-07-30T22:56:05.906500Z
440,440,18107.95562739582,2019-07-30T22:56:06.007999Z,5,h5,35.0,345.0,5.188509817190071,h6,0.399,0.399,2019-07-30T22:56:05.987999Z
441,441,18107.955949120358,2019-07-30T22:56:34.059999Z,5,h5,26.250000000000014,336.25,2.0651673632017022,h6,0.134,0.144,2019-07-30T22:56:34.044999Z
442,442,18107.95597395832,2019-07-30T22:56:36.190000Z,5,h5,26.249999999999993,336.25,0.7460954604622391,h6,0.15,0.16,2019-07-30T22:56:36.175000Z
443,443,18107.95597869212,2019-07-30T22:56:36.550999Z,5,h5,26.250000000000014,336.25,1.084199737640597,h6,0.198,0.208,2019-07-30T22:56:36.535999Z
444,444,18107.9559820486,2019-07-30T22:56:36.835999Z,5,h5,21.000000000000014,331.0,1.4155300505359207,h6,0.197,0.213,2019-07-30T22:56:36.823999Z
445,445,18107.955990856473,2019-07-30T22:56:37.600999Z,5,h5,27.125000000000018,337.125,1.5516840082120158,h6,0.2,0.209,2019-07-30T22:56:37.585499Z
446,446,18107.955995925917,2019-07-30T22:56:38.051000Z,5,h5,27.124999999999993,337.125,4.250848927047462,h6,0.188,0.197,2019-07-30T22:56:38.035500Z
447,447,18107.955995925913,2019-07-30T22:56:38.194999Z,5,h5,27.125,337.125,4.250848927047462,h6,0.044,0.053,2019-07-30T22:56:38.179499Z
448,448,18107.956000462953,2019-07-30T22:56:38.430999Z,5,h5,27.125000000000018,337.125,3.3854552210479745,h6,0.2,0.209,2019-07-30T22:56:38.415499Z
449,449,18107.95600046295,2019-07-30T22:56:38.517000Z,5,h5,27.125000000000007,337.125,3.3854552210479745,h6,0.114,0.123,2019-07-30T22:56:38.501500Z
450,450,18107.9561576273,2019-07-30T22:56:52.012999Z,5,h5,29.75000000000002,339.75,0.9684854285161869,h6,0.2,0.206,2019-07-30T22:56:51.995999Z
451,451,18107.9562192361,2019-07-30T22:56:57.338999Z,5,h5,30.624999999999996,340.625,6.533205444214917,h6,0.198,0.203,2019-07-30T22:56:57.321499Z
452,452,18107.9562192361,2019-07-30T22:56:57.469999Z,5,h5,30.625000000000007,340.625,6.533205444214917,h6,0.067,0.072,2019-07-30T22:56:57.452499Z
453,453,18107.9562227199,2019-07-30T22:56:57.637999Z,5,h5,30.62500000000002,340.625,2.1756944095584236,h6,0.2,0.205,2019-07-30T22:56:57.620499Z
454,454,18107.956222696746,2019-07-30T22:56:57.719999Z,5,h5,32.375,342.375,2.1756944095584236,h6,0.118,0.121,2019-07-30T22:56:57.701499Z
455,455,18107.956253078693,2019-07-30T22:57:00.264999Z,5,h5,32.375,342.375,2.3246106318559256,h6,0.198,0.201,2019-07-30T22:57:00.246499Z
456,456,18107.956258645823,2019-07-30T22:57:00.743999Z,5,h5,32.375,342.375,2.1817801538380004,h6,0.2,0.203,2019-07-30T22:57:00.725499Z
457,457,18107.95625864582,2019-07-30T22:57:00.825999Z,5,h5,32.375,342.375,2.1817801538380004,h6,0.118,0.121,2019-07-30T22:57:00.807499Z
458,458,18107.95626287036,2019-07-30T22:57:01.108999Z,5,h5,31.499999999999996,341.5,4.487241559976839,h6,0.199,0.203,2019-07-30T22:57:01.090999Z
459,459,18107.956262604155,2019-07-30T22:57:01.205999Z,5,h5,31.499999999999996,341.5,4.487241559976839,h6,0.079,0.083,2019-07-30T22:57:01.187999Z
460,460,18107.95626901619,2019-07-30T22:57:01.640999Z,5,h5,31.499999999999996,341.5,0.9047919458059122,h6,0.198,0.202,2019-07-30T22:57:01.622999Z
461,461,18107.956272199062,2019-07-30T22:57:01.916999Z,5,h5,32.375,342.375,7.368836494478448,h6,0.198,0.201,2019-07-30T22:57:01.898499Z
462,462,18107.956272199062,2019-07-30T22:57:02.064000Z,5,h5,32.375,342.375,7.368836494478448,h6,0.051,0.054,2019-07-30T22:57:02.045500Z
463,463,18107.956277106467,2019-07-30T22:57:02.142999Z,5,h5,42.875,282.875,4.432030204286225,h4,0.002,0.011,2019-07-30T22:57:02.118499Z
464,464,18107.956437928227,2019-07-30T22:57:16.236999Z,5,h5,35.0,345.0,3.101035280759275,h6,0.2,0.2,2019-07-30T22:57:16.216999Z
465,465,18107.95643792823,2019-07-30T22:57:16.327999Z,5,h5,35.0,345.0,3.101035280759275,h6,0.109,0.109,2019-07-30T22:57:16.307999Z
466,466,18107.956457453696,2019-07-30T22:57:17.925999Z,5,h5,35.0,345.0,4.400374588877968,h6,0.198,0.198,2019-07-30T22:57:17.905999Z
467,467,18107.95645745369,2019-07-30T22:57:18.006999Z,5,h5,35.0,345.0,4.400374588877968,h6,0.117,0.117,2019-07-30T22:57:17.986999Z
468,468,18107.956457453693,2019-07-30T22:57:18.083999Z,5,h5,35.0,345.0,4.400374588877968,h6,0.04,0.04,2019-07-30T22:57:18.063999Z
469,469,18107.956462627302,2019-07-30T22:57:18.171999Z,5,h5,379.75,619.75,3.184671360377048,h4,0.004,0.398,2019-07-30T22:57:17.954999Z
470,470,18107.956535416655,2019-07-30T22:57:24.663999Z,5,h5,38.5,348.5,4.485849671555397,h6,0.2,0.196,2019-07-30T22:57:24.641999Z
471,471,18107.956535416655,2019-07-30T22:57:24.738999Z,5,h5,36.75,346.75,4.485849671555397,h6,0.123,0.121,2019-07-30T22:57:24.717999Z
472,472,18107.956535416655,2019-07-30T22:57:24.828999Z,5,h5,-73.50000000000001,166.5,4.485849671555397,h4,0.198,0.074,2019-07-30T22:57:24.870999Z
473,473,18107.956537326376,2019-07-30T22:57:24.910999Z,5,h5,36.75,346.75,4.485849671555397,h6,0.116,0.114,2019-07-30T22:57:24.889999Z
474,474,18107.95653748841,2019-07-30T22:57:25.035999Z,5,h5,34.125,344.125,1.8965226153063357,h6,0.002,0.003,2019-07-30T22:57:25.016499Z
475,475,18107.9565982523,2019-07-30T22:57:30.108999Z,5,h5,50.750000000000014,360.75,5.279638988993602,h6,0.198,0.18,2019-07-30T22:57:30.079999Z
476,476,18107.956598252305,2019-07-30T22:57:30.185999Z,5,h5,50.75,360.75,5.279638988993602,h6,0.121,0.103,2019-07-30T22:57:30.156999Z
477,477,18107.95659831017,2019-07-30T22:57:30.290999Z,5,h5,-266.0,-26.0,5.279638988993602,h4,0.399,0.055,2019-07-30T22:57:30.442999Z
478,478,18107.95660052082,2019-07-30T22:57:30.384999Z,5,h5,37.62499999999999,347.625,3.479910733298526,h6,0.103,0.1,2019-07-30T22:57:30.363499Z
479,479,18107.956604884246,2019-07-30T22:57:30.462999Z,5,h5,70.875,310.875,3.479910733298526,h4,0.025,0.066,2019-07-30T22:57:30.422499Z
480,480,18107.95660562499,2019-07-30T22:57:30.729999Z,5,h5,38.5,348.5,0.7907026077237456,h6,0.2,0.196,2019-07-30T22:57:30.707999Z
481,481,18107.95667626156,2019-07-30T22:57:36.835999Z,5,h5,39.375,349.375,1.5079613756683623,h6,0.198,0.193,2019-07-30T22:57:36.813499Z
482,482,18107.956676261565,2019-07-30T22:57:36.991999Z,5,h5,39.375,349.375,1.5079613756683623,h6,0.042,0.037,2019-07-30T22:57:36.969499Z
483,483,18107.956680729152,2019-07-30T22:57:37.221999Z,5,h5,39.375,349.375,2.7338908194457128,h6,0.198,0.193,2019-07-30T22:57:37.199499Z
484,484,18107.956685335637,2019-07-30T22:57:37.620999Z,5,h5,39.375,349.375,1.7039229097332433,h6,0.197,0.192,2019-07-30T22:57:37.598499Z
485,485,18107.956758321747,2019-07-30T22:57:43.928000Z,5,h5,41.12500000000001,351.125,0.9378486175718291,h6,0.198,0.191,2019-07-30T22:57:43.904500Z
486,486,18107.95681509258,2019-07-30T22:57:48.834999Z,5,h5,42.00000000000001,352.0,1.333939061743488,h6,0.197,0.189,2019-07-30T22:57:48.810999Z
487,487,18107.95681946758,2019-07-30T22:57:49.212999Z,5,h5,40.25000000000001,350.25,1.916750829925215,h6,0.195,0.189,2019-07-30T22:57:49.189999Z
488,488,18107.956826354155,2019-07-30T22:57:49.806999Z,5,h5,42.00000000000001,352.0,3.78667423916935,h6,0.198,0.19,2019-07-30T22:57:49.782999Z
489,489,18107.956841446747,2019-07-30T22:57:51.111999Z,5,h5,42.87500000000001,352.875,3.245867830930968,h6,0.198,0.189,2019-07-30T22:57:51.087499Z
490,490,18107.956849247672,2019-07-30T22:57:51.785999Z,5,h5,42.87500000000001,352.875,1.4189723749427086,h6,0.198,0.189,2019-07-30T22:57:51.761499Z
491,491,18107.956852384246,2019-07-30T22:57:52.063999Z,5,h5,42.87500000000001,352.875,2.549523523092487,h6,0.191,0.182,2019-07-30T22:57:52.039499Z
492,492,18107.956852384246,2019-07-30T22:57:52.188999Z,5,h5,42.875,352.875,2.549523523092487,h6,0.066,0.057,2019-07-30T22:57:52.164499Z
493,493,18107.956853854153,2019-07-30T22:57:52.267999Z,5,h5,42.87500000000001,352.875,2.549523523092487,h6,0.114,0.105,2019-07-30T22:57:52.243499Z
494,494,18107.9568967361,2019-07-30T22:57:55.882000Z,5,h5,35.0,275.0,0.14324968406190275,h4,0.196,0.196,2019-07-30T22:57:55.862000Z
495,495,18107.956899374985,2019-07-30T22:57:56.105999Z,5,h5,35.0,275.0,0.35782226556576957,h4,0.2,0.2,2019-07-30T22:57:56.085999Z
496,496,18107.956972187487,2019-07-30T22:58:02.467000Z,5,h5,45.499999999999986,355.5,1.852452173101252,h6,0.142,0.13,2019-07-30T22:58:02.441000Z
497,497,18107.95697675925,2019-07-30T22:58:02.804999Z,5,h5,44.62500000000001,354.625,0.7918812025339865,h6,0.198,0.187,2019-07-30T22:58:02.779499Z
498,498,18107.956982581007,2019-07-30T22:58:03.348999Z,5,h5,44.62500000000001,354.625,2.188101999946449,h6,0.157,0.146,2019-07-30T22:58:03.323499Z
499,499,18107.95709179397,2019-07-30T22:58:12.745999Z,6,h6,47.250000000000014,357.25,1.9047327180519509,h5,0.185,0.199,2019-07-30T22:58:12.718999Z
500,500,18107.957183796287,2019-07-30T22:58:20.682999Z,6,h6,48.124999999999986,358.125,2.966873326398204,h5,0.197,0.212,2019-07-30T22:58:20.655499Z
501,501,18107.957563958324,2019-07-30T22:58:53.527999Z,6,h6,73.49999999999999,383.5,0.6727919540343802,h5,0.198,0.242,2019-07-30T22:58:53.485999Z
502,502,18107.95764810184,2019-07-30T22:59:00.866999Z,6,h6,223.99999999999997,534.0,8.77616550481475,h5,0.129,0.345,2019-07-30T22:59:00.738999Z
503,503,18107.957648923602,2019-07-30T22:59:00.986999Z,6,h6,161.875,471.875,8.77616550481475,h5,0.08,0.225,2019-07-30T22:59:00.894499Z
504,504,18107.95765028934,2019-07-30T22:59:01.126000Z,6,h6,58.625,368.625,8.77616550481475,h5,0.059,0.086,2019-07-30T22:59:01.092500Z
505,505,18107.957654745358,2019-07-30T22:59:01.370999Z,6,h6,57.75,367.75,6.950333975288473,h5,0.199,0.225,2019-07-30T22:59:01.337999Z
506,506,18107.957654745358,2019-07-30T22:59:01.457999Z,6,h6,57.75000000000001,367.75,6.950333975288473,h5,0.112,0.138,2019-07-30T22:59:01.424999Z
507,507,18107.957716284713,2019-07-30T22:59:06.688999Z,6,h6,62.125,372.125,3.253140813216052,h5,0.198,0.229,2019-07-30T22:59:06.653499Z
508,508,18107.95771628471,2019-07-30T22:59:06.767999Z,6,h6,62.125,372.125,3.253140813216052,h5,0.119,0.15,2019-07-30T22:59:06.732499Z
509,509,18107.95776060184,2019-07-30T22:59:10.557999Z,6,h6,59.5,369.5,10.895538487901877,h5,0.158,0.186,2019-07-30T22:59:10.523999Z
510,510,18107.95776060184,2019-07-30T22:59:10.675999Z,6,h6,59.5,369.5,10.895538487901877,h5,0.04,0.068,2019-07-30T22:59:10.641999Z
511,511,18107.957811180546,2019-07-30T22:59:14.886999Z,6,h6,60.375,370.375,3.0272098968627796,h5,0.199,0.228,2019-07-30T22:59:14.852499Z
512,512,18107.95781094906,2019-07-30T22:59:14.967999Z,6,h6,77.875,387.875,3.0272098968627796,h5,0.098,0.147,2019-07-30T22:59:14.923499Z
513,513,18107.95781466434,2019-07-30T22:59:15.186999Z,6,h6,59.5,369.5,5.014253468801087,h5,0.2,0.228,2019-07-30T22:59:15.152999Z
514,514,18107.957814652767,2019-07-30T22:59:15.269999Z,6,h6,60.374999999999986,370.375,5.014253468801087,h5,0.116,0.145,2019-07-30T22:59:15.235499Z
515,515,18107.957843854154,2019-07-30T22:59:17.714999Z,6,h6,60.375,370.375,4.641250330444543,h5,0.194,0.223,2019-07-30T22:59:17.680499Z
516,516,18107.957843854154,2019-07-30T22:59:17.800999Z,6,h6,60.375000000000014,370.375,4.641250330444543,h5,0.108,0.137,2019-07-30T22:59:17.766499Z
517,517,18107.957848912025,2019-07-30T22:59:17.946999Z,6,h6,35.0,345.0,1.322513376011397,h5,0.399,0.399,2019-07-30T22:59:17.926999Z
518,518,18107.95795653934,2019-07-30T22:59:27.444999Z,6,h6,63.0,373.0,4.525004462133765,h5,0.2,0.232,2019-07-30T22:59:27.408999Z
519,519,18107.95795653934,2019-07-30T22:59:27.520999Z,6,h6,63.0,373.0,4.525004462133765,h5,0.124,0.156,2019-07-30T22:59:27.484999Z
520,520,18107.95795653934,2019-07-30T22:59:27.607999Z,6,h6,63.00000000000001,373.0,4.525004462133765,h5,0.037,0.069,2019-07-30T22:59:27.571999Z
521,521,18107.957993807857,2019-07-30T22:59:30.664999Z,6,h6,63.875,373.875,6.297904521866854,h5,0.2,0.233,2019-07-30T22:59:30.628499Z
522,522,18107.957993807857,2019-07-30T22:59:30.756999Z,6,h6,63.000000000000014,373.0,6.297904521866854,h5,0.108,0.14,2019-07-30T22:59:30.720999Z
523,523,18107.957994537028,2019-07-30T22:59:30.925999Z,6,h6,42.875,352.875,4.341797912727448,h5,0.002,0.011,2019-07-30T22:59:30.901499Z
524,524,18107.95799903934,2019-07-30T22:59:31.043999Z,6,h6,145.25,455.25,2.0828101476353,h5,0.273,0.399,2019-07-30T22:59:30.960999Z
525,525,18107.957999027767,2019-07-30T22:59:31.119999Z,6,h6,63.875,373.875,2.0828101476353,h5,0.196,0.229,2019-07-30T22:59:31.083499Z
526,526,18107.958004224525,2019-07-30T22:59:31.564999Z,6,h6,64.75,374.75,1.145681536134942,h5,0.2,0.234,2019-07-30T22:59:31.527999Z
527,527,18107.958009097212,2019-07-30T22:59:31.988999Z,6,h6,74.37499999999999,384.375,2.4243634472740396,h5,0.197,0.242,2019-07-30T22:59:31.946499Z
528,528,18107.95801270832,2019-07-30T22:59:32.337999Z,6,h6,-70.875,239.125,0.8220686059927599,h5,0.16,0.039,2019-07-30T22:59:32.378499Z
529,529,18107.95801270832,2019-07-30T22:59:32.429999Z,6,h6,-19.250000000000007,290.75,0.8220686059927599,h5,0.068,0.006,2019-07-30T22:59:32.440999Z
530,530,18107.95801503471,2019-07-30T22:59:32.696999Z,6,h6,362.25,672.25,0.5645228398216524,h5,0.002,0.376,2019-07-30T22:59:32.489999Z
531,531,18107.95801983795,2019-07-30T22:59:32.917999Z,6,h6,64.75,374.75,5.179323664555449,h5,0.196,0.23,2019-07-30T22:59:32.880999Z
532,532,18107.95801983795,2019-07-30T22:59:33.002999Z,6,h6,64.74999999999999,374.75,5.179323664555449,h5,0.111,0.145,2019-07-30T22:59:32.965999Z
533,533,18107.958019814803,2019-07-30T22:59:33.109999Z,6,h6,66.5,376.5,5.179323664555449,h5,0.002,0.038,2019-07-30T22:59:33.071999Z
534,534,18107.958068483786,2019-07-30T22:59:37.116999Z,6,h6,65.62499999999997,375.625,2.921684453524729,h5,0.2,0.235,2019-07-30T22:59:37.079499Z
535,535,18107.958068483786,2019-07-30T22:59:37.193999Z,6,h6,64.75,374.75,2.921684453524729,h5,0.123,0.157,2019-07-30T22:59:37.156999Z
536,536,18107.958116006932,2019-07-30T22:59:41.225999Z,6,h6,-126.875,183.125,0.6263673858559682,h5,0.197,0.012,2019-07-30T22:59:41.298499Z
537,537,18107.958120509247,2019-07-30T22:59:41.611999Z,6,h6,64.75,374.75,0.9791085710470984,h5,0.2,0.234,2019-07-30T22:59:41.574999Z
538,538,18107.9581204861,2019-07-30T22:59:41.780999Z,6,h6,66.5,376.5,0.9791085710470984,h5,0.029,0.065,2019-07-30T22:59:41.742999Z
539,539,18107.958126817117,2019-07-30T22:59:42.156999Z,6,h6,-124.25000000000003,185.74999999999997,0.7369676444164437,h5,0.2,0.018,2019-07-30T22:59:42.227999Z
540,540,18107.958167870358,2019-07-30T22:59:45.703999Z,6,h6,68.24999999999997,378.25,3.1547255156845564,h5,0.2,0.238,2019-07-30T22:59:45.664999Z
541,541,18107.958167870358,2019-07-30T22:59:45.789999Z,6,h6,68.25,378.25,3.1547255156845564,h5,0.114,0.152,2019-07-30T22:59:45.750999Z
542,542,18107.958170682858,2019-07-30T22:59:45.946999Z,6,h6,68.24999999999997,378.25,2.8695279859604543,h5,0.2,0.238,2019-07-30T22:59:45.907999Z
543,543,18107.958170682858,2019-07-30T22:59:46.029998Z,6,h6,66.5,376.5,2.8695279859604543,h5,0.117,0.153,2019-07-30T22:59:45.991998Z
544,544,18107.958209699063,2019-07-30T22:59:49.320999Z,6,h6,69.12499999999997,379.125,1.7772237057674574,h5,0.197,0.236,2019-07-30T22:59:49.281499Z
545,545,18107.958209699063,2019-07-30T22:59:49.408999Z,6,h6,67.375,377.375,1.7772237057674574,h5,0.109,0.146,2019-07-30T22:59:49.370499Z
546,546,18107.958228993044,2019-07-30T22:59:51.012999Z,6,h6,68.25,378.25,13.730499676939889,h5,0.172,0.21,2019-07-30T22:59:50.973999Z
547,547,18107.958228993044,2019-07-30T22:59:51.088999Z,6,h6,68.25,378.25,13.730499676939889,h5,0.096,0.134,2019-07-30T22:59:51.049999Z
548,548,18107.958228993044,2019-07-30T22:59:51.170999Z,6,h6,68.25,378.25,13.730499676939889,h5,0.014,0.052,2019-07-30T22:59:51.131999Z
549,549,18107.958235335635,2019-07-30T22:59:51.334000Z,6,h6,35.0,345.0,1.6520689848520855,h5,0.399,0.399,2019-07-30T22:59:51.314000Z
550,550,18107.95824057869,2019-07-30T22:59:51.985999Z,6,h6,68.24999999999997,378.25,6.9440253152236435,h5,0.2,0.238,2019-07-30T22:59:51.946999Z
551,551,18107.95824057869,2019-07-30T22:59:52.068999Z,6,h6,68.25,378.25,6.9440253152236435,h5,0.117,0.155,2019-07-30T22:59:52.029999Z
552,552,18107.958242708322,2019-07-30T22:59:52.189999Z,6,h6,-92.74999999999999,217.25,6.9440253152236435,h5,0.18,0.034,2019-07-30T22:59:52.242999Z
553,553,18107.958242662025,2019-07-30T22:59:52.264999Z,6,h6,66.5,376.5,6.9440253152236435,h5,0.101,0.137,2019-07-30T22:59:52.226999Z
554,554,18107.958306898137,2019-07-30T22:59:57.715999Z,6,h6,76.99999999999999,387.0,0.7613031139126298,h5,0.2,0.248,2019-07-30T22:59:57.671999Z
555,555,18107.95833773147,2019-07-30T23:00:00.379999Z,6,h6,65.62499999999997,375.625,0.8286456660057835,h5,0.2,0.235,2019-07-30T23:00:00.342499Z
556,556,18107.958462719893,2019-07-30T23:00:11.178999Z,6,h6,70.87499999999999,380.875,6.341672234426227,h5,0.2,0.241,2019-07-30T23:00:11.138499Z
557,557,18107.958462719896,2019-07-30T23:00:11.255999Z,6,h6,70.0,380.0,6.341672234426227,h5,0.123,0.163,2019-07-30T23:00:11.215999Z
558,558,18107.95864476851,2019-07-30T23:00:26.920999Z,6,h6,83.125,393.125,1.4753437555322937,h5,0.187,0.242,2019-07-30T23:00:26.873499Z
559,559,18107.958647164338,2019-07-30T23:00:27.145999Z,6,h6,-109.375,200.625,1.092572596587865,h5,0.169,0.004,2019-07-30T23:00:27.208499Z
560,560,18107.95864716434,2019-07-30T23:00:27.249999Z,6,h6,77.0,387.0,1.092572596587865,h5,0.065,0.113,2019-07-30T23:00:27.205999Z
561,561,18107.958648715266,2019-07-30T23:00:27.358999Z,6,h6,-42.0,268.0,1.092572596587865,h5,0.09,0.002,2019-07-30T23:00:27.382999Z
562,562,18107.958651817116,2019-07-30T23:00:27.538999Z,6,h6,228.37500000000003,538.375,0.7282167329494784,h5,0.178,0.399,2019-07-30T23:00:27.408499Z
563,563,18107.958651817116,2019-07-30T23:00:27.617999Z,6,h6,297.50000000000006,607.5,0.7336311210220352,h5,0.099,0.399,2019-07-30T23:00:27.447999Z
564,564,18107.95865694443,2019-07-30T23:00:27.780999Z,6,h6,-293.125,16.875,0.8129058497932817,h5,0.379,0.004,2019-07-30T23:00:27.948499Z
565,565,18107.958656944433,2019-07-30T23:00:27.981999Z,6,h6,-104.125,205.875,0.8129058497932817,h5,0.178,0.019,2019-07-30T23:00:28.041499Z
566,566,18107.958758425913,2019-07-30T23:00:36.727999Z,6,h6,77.875,387.875,0.5098288929247274,h5,0.2,0.249,2019-07-30T23:00:36.683499Z
567,567,18107.958868182857,2019-07-30T23:00:46.210999Z,6,h6,69.12499999999997,379.125,5.143863341730015,h5,0.2,0.239,2019-07-30T23:00:46.171499Z
568,568,18107.9588711111,2019-07-30T23:00:46.466999Z,6,h6,211.75,521.75,2.100124739617547,h5,0.197,0.399,2019-07-30T23:00:46.345999Z
569,569,18107.9588711111,2019-07-30T23:00:46.562999Z,6,h6,70.87499999999999,380.875,2.100124739617547,h5,0.101,0.142,2019-07-30T23:00:46.522499Z
570,570,18107.958912847207,2019-07-30T23:00:50.069999Z,6,h6,76.99999999999999,387.0,2.348269569795783,h5,0.2,0.248,2019-07-30T23:00:50.025999Z
571,571,18107.95895586804,2019-07-30T23:00:53.786999Z,6,h6,77.875,387.875,0.4022752076401256,h5,0.2,0.249,2019-07-30T23:00:53.742499Z
572,572,18107.95897958332,2019-07-30T23:00:55.836999Z,6,h6,69.99999999999999,380.0,1.2525138140584786,h5,0.199,0.239,2019-07-30T23:00:55.796999Z
573,573,18107.958979571747,2019-07-30T23:00:55.959998Z,6,h6,70.875,380.875,1.2525138140584786,h5,0.075,0.116,2019-07-30T23:00:55.919498Z
574,574,18107.958985752302,2019-07-30T23:00:56.372999Z,6,h6,73.49999999999999,383.5,0.912132137269578,h5,0.196,0.24,2019-07-30T23:00:56.330999Z
575,575,18107.95898956017,2019-07-30T23:00:56.697999Z,6,h6,208.25,518.25,0.9032611951927854,h5,0.2,0.398,2019-07-30T23:00:56.578999Z
576,576,18107.9589932986,2019-07-30T23:00:57.023999Z,6,h6,69.99999999999999,380.0,0.6541097706913135,h5,0.197,0.237,2019-07-30T23:00:56.983999Z
577,577,18107.958998090264,2019-07-30T23:00:57.434999Z,6,h6,73.49999999999999,383.5,1.4916250618252236,h5,0.2,0.244,2019-07-30T23:00:57.392999Z
578,578,18107.959003263877,2019-07-30T23:00:57.881999Z,6,h6,69.99999999999999,380.0,1.785838843417974,h5,0.2,0.24,2019-07-30T23:00:57.841999Z
579,579,18107.959003263877,2019-07-30T23:00:57.962999Z,6,h6,70.0,380.0,1.785838843417974,h5,0.119,0.159,2019-07-30T23:00:57.922999Z
580,580,18107.95900849536,2019-07-30T23:00:58.341999Z,6,h6,75.24999999999999,385.25,0.8937106599202564,h5,0.192,0.238,2019-07-30T23:00:58.298999Z
581,581,18107.959012974527,2019-07-30T23:00:58.724999Z,6,h6,72.62499999999999,382.625,2.5490629667441524,h5,0.196,0.239,2019-07-30T23:00:58.683499Z
582,582,18107.959012974527,2019-07-30T23:00:58.817000Z,6,h6,72.625,382.625,2.5490629667441524,h5,0.104,0.147,2019-07-30T23:00:58.775500Z
583,583,18107.959024398137,2019-07-30T23:00:59.711999Z,6,h6,72.62499999999999,382.625,1.4681435477206788,h5,0.196,0.239,2019-07-30T23:00:59.670499Z
584,584,18107.959034768504,2019-07-30T23:01:00.612999Z,6,h6,78.75,388.75,2.3032167056331487,h5,0.191,0.241,2019-07-30T23:01:00.567999Z
585,585,18107.959034768508,2019-07-30T23:01:00.692999Z,6,h6,78.75,388.75,2.3032167056331487,h5,0.111,0.161,2019-07-30T23:01:00.647999Z
