,id,t3,t4,t5,t6,first_hydrophone,second_hydrophone,relative_depth,depth,dt,max_amp,origin_time,arrival_hydrophone,init_arrival_time
0,0,2019-07-30 22:34:38.341999+00:00,2019-07-30 22:34:38.446999+00:00,2019-07-30 22:34:38.531999+00:00,2019-07-30 22:34:38.378999+00:00,4,5,-132.125875,37.87412499999999,-0.191001,-0.0025438515271281347,2019-07-30T22:34:38.417500Z,h3,18107.940723784708
1,1,2019-07-30 22:34:47.313999+00:00,2019-07-30 22:34:47.212999+00:00,2019-07-30 22:34:47.312999+00:00,2019-07-30 22:34:47.203999+00:00,0,2,36.75,206.75,0.001,-0.08861082819496337,2019-07-30T22:34:47.292999Z,h3,18107.94082541665
2,2,2019-07-30 22:34:47.583999+00:00,2019-07-30 22:34:47.577999+00:00,2019-07-30 22:34:47.644999+00:00,2019-07-30 22:34:47.551999+00:00,5,2,195.125,365.125,-0.061,0.7105825265777924,2019-07-30T22:34:47.472499Z,h3,18107.94083013888
3,3,2019-07-30 22:34:48.977999+00:00,2019-07-30 22:34:48.855999+00:00,2019-07-30 22:34:48.976999+00:00,2019-07-30 22:34:48.977999+00:00,0,3,35.0,205.0,0.0,-0.07631554581384405,2019-07-30T22:34:48.957999Z,h3,18107.94084467591
4,4,2019-07-30 22:34:49.274999+00:00,2019-07-30 22:34:49.269999+00:00,2019-07-30 22:34:49.304999+00:00,2019-07-30 22:34:49.259999+00:00,2,0,35.0,205.0,0.0,0.5859338017485137,2019-07-30T22:34:49.254999Z,h3,18107.94084849536
5,5,2019-07-30 22:35:22.504999+00:00,2019-07-30 22:35:22.511999+00:00,2019-07-30 22:35:22.657999+00:00,2019-07-30 22:35:22.652999+00:00,2,3,-94.5,75.5,-0.148,1.0527305569765264,2019-07-30T22:35:22.558999Z,h3,18107.9412345023
6,6,2019-07-30 22:35:22.859999+00:00,2019-07-30 22:35:22.828999+00:00,2019-07-30 22:35:22.989999+00:00,2019-07-30 22:35:22.941999+00:00,2,3,-36.75,133.25,-0.082,0.49817092406259306,2019-07-30T22:35:22.880999Z,h3,18107.94123833332
7,7,2019-07-30 22:36:43.718999+00:00,2019-07-30 22:36:43.559999+00:00,2019-07-30 22:36:43.743999+00:00,2019-07-30 22:36:43.755999+00:00,3,2,56.875,226.875,-0.025,-0.0063596288178203375,2019-07-30T22:36:43.686499Z,h3,18107.942173124982
8,8,2019-07-30 22:36:54.773999+00:00,2019-07-30 22:36:54.749999+00:00,2019-07-30 22:36:54.777999+00:00,2019-07-30 22:36:54.636999+00:00,2,0,35.0,205.0,0.0,0.5244573898429172,2019-07-30T22:36:54.753999Z,h3,18107.942300706007
9,9,2019-07-30 22:39:27.433999+00:00,2019-07-30 22:39:27.483999+00:00,2019-07-30 22:39:27.605999+00:00,2019-07-30 22:39:27.504999+00:00,5,2,486.5,656.5,-0.172,0.0012719257635640674,2019-07-30T22:39:27.155999Z,h3,18107.9440695486
10,10,2019-07-30 22:39:27.730999+00:00,2019-07-30 22:39:27.730999+00:00,2019-07-30 22:39:27.747999+00:00,2019-07-30 22:39:27.879999+00:00,3,4,-53.375,116.625,-0.101,0.701679046232844,2019-07-30T22:39:27.761499Z,h3,18107.94407326388
11,11,2019-07-30 22:39:28.616999+00:00,2019-07-30 22:39:28.456999+00:00,2019-07-30 22:39:28.615999+00:00,2019-07-30 22:39:28.495999+00:00,0,2,36.75,206.75,0.001,-0.0835231251407071,2019-07-30T22:39:28.595999Z,h3,18107.944081469894
12,12,2019-07-30 22:39:29.431999+00:00,2019-07-30 22:39:29.420999+00:00,2019-07-30 22:39:29.582000+00:00,2019-07-30 22:39:29.582000+00:00,2,3,-96.25087500000001,73.74912499999999,-0.150001,1.6848776614678682,2019-07-30T22:39:29.487000Z,h3,18107.944092407397
13,13,2019-07-30 22:40:01.034999+00:00,2019-07-30 22:40:01.004999+00:00,2019-07-30 22:40:01.006999+00:00,2019-07-30 22:40:01.046999+00:00,3,0,35.0,205.0,0.0,0.10938561566650981,2019-07-30T22:40:01.014999Z,h3,18107.944456840265
14,14,2019-07-30 22:40:05.585999+00:00,2019-07-30 22:40:05.586999+00:00,2019-07-30 22:40:05.585999+00:00,2019-07-30 22:40:05.448999+00:00,1,0,35.0,205.0,0.0,-0.07631554581384405,2019-07-30T22:40:05.565999Z,h3,18107.94450913193
15,15,2019-07-30 22:40:05.898999+00:00,2019-07-30 22:40:05.900999+00:00,2019-07-30 22:40:05.899999+00:00,2019-07-30 22:40:05.858999+00:00,1,2,34.125,204.125,-0.001,-0.09073070446757014,2019-07-30T22:40:05.879499Z,h3,18107.94451276619
16,16,2019-07-30 22:40:16.016999+00:00,2019-07-30 22:40:15.819999+00:00,2019-07-30 22:40:16.015999+00:00,2019-07-30 22:40:16.016999+00:00,0,3,35.0,205.0,0.0,-0.07249976852315185,2019-07-30T22:40:15.996999Z,h3,18107.944629849524
17,17,2019-07-30 22:40:27.272999+00:00,2019-07-30 22:40:27.236999+00:00,2019-07-30 22:40:27.204999+00:00,2019-07-30 22:40:27.305999+00:00,3,0,35.0,205.0,0.0,0.1390638834830047,2019-07-30T22:40:27.252999Z,h3,18107.944760509246
18,18,2019-07-30 22:40:51.517999+00:00,2019-07-30 22:40:51.714999+00:00,2019-07-30 22:40:51.713999+00:00,2019-07-30 22:40:51.551999+00:00,1,2,-136.5,33.5,-0.196,-0.09624238277634778,2019-07-30T22:40:51.595999Z,h3,18107.94504302082
19,19,2019-07-30 22:40:52.591999+00:00,2019-07-30 22:40:52.588999+00:00,2019-07-30 22:40:52.659999+00:00,2019-07-30 22:40:52.528999+00:00,2,5,-62.125,107.875,-0.037,1.93883883892616,2019-07-30T22:40:52.627499Z,h3,18107.945053969896
20,20,2019-07-30 22:40:54.110999+00:00,2019-07-30 22:40:53.940999+00:00,2019-07-30 22:40:54.134999+00:00,2019-07-30 22:40:54.134999+00:00,2,3,14.0,184.0,-0.024,2.6350062068502265,2019-07-30T22:40:54.102999Z,h3,18107.94507103008
21,21,2019-07-30 22:40:54.327999+00:00,2019-07-30 22:40:54.356999+00:00,2019-07-30 22:40:54.498999+00:00,2019-07-30 22:40:54.511999+00:00,3,4,-125.125,44.875,-0.183,0.29805460392851313,2019-07-30T22:40:54.399499Z,h3,18107.945075393505
22,22,2019-07-30 22:40:54.880999+00:00,2019-07-30 22:40:54.885999+00:00,2019-07-30 22:40:54.982999+00:00,2019-07-30 22:40:54.992999+00:00,3,2,124.25,294.25,-0.102,-0.041549574943092867,2019-07-30T22:40:54.809999Z,h3,18107.94508130786
23,23,2019-07-30 22:41:52.116999+00:00,2019-07-30 22:41:52.085999+00:00,2019-07-30 22:41:52.135999+00:00,2019-07-30 22:41:51.954999+00:00,2,5,-7.0,163.0,-0.016,1.5212232132226247,2019-07-30T22:41:52.120999Z,h3,18107.94574234952
24,24,2019-07-30 22:42:21.476999+00:00,2019-07-30 22:42:21.501999+00:00,2019-07-30 22:42:21.495999+00:00,2019-07-30 22:42:21.462999+00:00,1,2,18.375,188.375,-0.019,-0.10260201159416811,2019-07-30T22:42:21.466499Z,h3,18107.946082233782
25,25,2019-07-30 22:42:21.700999+00:00,2019-07-30 22:42:21.700999+00:00,2019-07-30 22:42:21.790999+00:00,2019-07-30 22:42:21.619999+00:00,2,4,-108.5,61.5,-0.082,1.6505356658516381,2019-07-30T22:42:21.762999Z,h3,18107.94608557869
26,26,2019-07-30 22:42:22.153999+00:00,2019-07-30 22:42:22.153999+00:00,2019-07-30 22:42:22.153999+00:00,2019-07-30 22:42:22.058999+00:00,0,1,35.0,205.0,0.0,-0.07885939734097218,2019-07-30T22:42:22.133999Z,h3,18107.946089768506
27,27,2019-07-30 22:42:43.040999+00:00,2019-07-30 22:42:43.000999+00:00,2019-07-30 22:42:42.868999+00:00,2019-07-30 22:42:42.916999+00:00,0,1,70.0,240.0,0.04,-0.08988275395852743,2019-07-30T22:42:43.000999Z,h3,18107.946331516192
28,28,2019-07-30 22:43:01.919999+00:00,2019-07-30 22:43:01.919999+00:00,2019-07-30 22:43:01.916999+00:00,2019-07-30 22:43:01.905999+00:00,0,1,35.0,205.0,0.0,-0.08564300141331388,2019-07-30T22:43:01.899999Z,h3,18107.94655002313
29,29,2019-07-30 22:43:02.168999+00:00,2019-07-30 22:43:02.235999+00:00,2019-07-30 22:43:02.124999+00:00,2019-07-30 22:43:02.187999+00:00,1,3,1.75,171.75,-0.019,-0.07928337259549353,2019-07-30T22:43:02.167999Z,h3,18107.946553680544
30,30,2019-07-30 22:43:02.515999+00:00,2019-07-30 22:43:02.517999+00:00,2019-07-30 22:43:02.494999+00:00,2019-07-30 22:43:02.391999+00:00,1,0,35.0,205.0,0.0,-0.06402026343272472,2019-07-30T22:43:02.495999Z,h3,18107.94655725693
31,31,2019-07-30 22:43:02.797999+00:00,2019-07-30 22:43:02.799999+00:00,2019-07-30 22:43:02.675999+00:00,2019-07-30 22:43:02.823999+00:00,3,4,12.25,182.25,-0.026,0.06402026343272472,2019-07-30T22:43:02.790999Z,h3,18107.946560486096
32,32,2019-07-30 22:43:31.034999+00:00,2019-07-30 22:43:31.055999+00:00,2019-07-30 22:43:30.966999+00:00,2019-07-30 22:43:30.928999+00:00,1,0,35.0,205.0,0.0,-0.0835231251407071,2019-07-30T22:43:31.014999Z,h3,18107.94688751156
33,33,2019-07-30 22:43:31.394999+00:00,2019-07-30 22:43:31.394999+00:00,2019-07-30 22:43:31.394999+00:00,2019-07-30 22:43:31.394999+00:00,0,1,35.0,205.0,0.0,-0.06529218919628879,2019-07-30T22:43:31.374999Z,h3,18107.94689116897
34,34,2019-07-30 22:43:36.444999+00:00,2019-07-30 22:43:36.444999+00:00,2019-07-30 22:43:36.444999+00:00,2019-07-30 22:43:36.285999+00:00,0,1,35.0,205.0,0.0,-0.09836225904895456,2019-07-30T22:43:36.424999Z,h3,18107.946949814803
35,35,2019-07-30 22:43:36.626999+00:00,2019-07-30 22:43:36.626999+00:00,2019-07-30 22:43:36.530999+00:00,2019-07-30 22:43:36.724999+00:00,4,3,120.75,290.75,-0.098,0.17679768113540537,2019-07-30T22:43:36.557999Z,h3,18107.946952893504
36,36,2019-07-30 22:43:37.063999+00:00,2019-07-30 22:43:36.918999+00:00,2019-07-30 22:43:36.906999+00:00,2019-07-30 22:43:37.056999+00:00,4,0,35.0,205.0,0.0,0.04621330274282778,2019-07-30T22:43:37.043999Z,h3,18107.94695696758
37,37,2019-07-30 22:43:58.309999+00:00,2019-07-30 22:43:58.309999+00:00,2019-07-30 22:43:58.309999+00:00,2019-07-30 22:43:58.153999+00:00,0,1,35.0,205.0,0.0,-0.07885939734097218,2019-07-30T22:43:58.289999Z,h3,18107.947202696745
38,38,2019-07-30 22:43:58.621999+00:00,2019-07-30 22:43:58.563999+00:00,2019-07-30 22:43:58.551999+00:00,2019-07-30 22:43:58.426999+00:00,4,5,33.25,203.25,-0.002,0.2518413011856854,2019-07-30T22:43:58.602999Z,h3,18107.94720631943
39,39,2019-07-30 22:43:59.606999+00:00,2019-07-30 22:43:59.601999+00:00,2019-07-30 22:43:59.739999+00:00,2019-07-30 22:43:59.740999+00:00,3,5,-199.5,-29.5,-0.134,-0.04536535223378507,2019-07-30T22:43:59.720999Z,h3,18107.94721924767
40,40,2019-07-30 22:44:11.203999+00:00,2019-07-30 22:44:11.203999+00:00,2019-07-30 22:44:11.203999+00:00,2019-07-30 22:44:11.203999+00:00,0,1,35.0,205.0,0.0,-0.011023356617555252,2019-07-30T22:44:11.183999Z,h3,18107.947351932857
41,41,2019-07-30 22:44:11.415999+00:00,2019-07-30 22:44:11.419999+00:00,2019-07-30 22:44:11.276999+00:00,2019-07-30 22:44:11.306999+00:00,4,1,45.5,215.5,-0.004,0.8496464100607971,2019-07-30T22:44:11.389999Z,h3,18107.947355046283
42,42,2019-07-30 22:44:12.749999+00:00,2019-07-30 22:44:12.749999+00:00,2019-07-30 22:44:12.749999+00:00,2019-07-30 22:44:12.562999+00:00,0,1,35.0,205.0,0.0,-0.07970734785001489,2019-07-30T22:44:12.729999Z,h3,18107.947369826376
43,43,2019-07-30 22:44:16.296999+00:00,2019-07-30 22:44:16.395999+00:00,2019-07-30 22:44:16.492999+00:00,2019-07-30 22:44:16.493999+00:00,3,2,206.5,376.5,-0.196,-0.003391802036170847,2019-07-30T22:44:16.178999Z,h3,18107.947413148137
44,44,2019-07-30 22:44:17.169999+00:00,2019-07-30 22:44:17.167999+00:00,2019-07-30 22:44:17.226999+00:00,2019-07-30 22:44:17.179999+00:00,2,3,26.25,196.25,-0.01,7.018486363346525,2019-07-30T22:44:17.154999Z,h3,18107.947421643505
45,45,2019-07-30 22:44:17.770999+00:00,2019-07-30 22:44:17.770999+00:00,2019-07-30 22:44:17.770999+00:00,2019-07-30 22:44:17.576999+00:00,0,1,35.0,205.0,0.0,-0.024166589507717284,2019-07-30T22:44:17.750999Z,h3,18107.9474279398
46,46,2019-07-30 22:44:22.313999+00:00,2019-07-30 22:44:22.186999+00:00,2019-07-30 22:44:22.310999+00:00,2019-07-30 22:44:22.153999+00:00,0,2,40.25,210.25,0.003,-0.05808460986942574,2019-07-30T22:44:22.290999Z,h3,18107.94748052082
47,47,2019-07-30 22:44:22.605999+00:00,2019-07-30 22:44:22.409999+00:00,2019-07-30 22:44:22.605999+00:00,2019-07-30 22:44:22.413999+00:00,0,2,35.0,205.0,0.0,-0.08521902615879252,2019-07-30T22:44:22.585999Z,h3,18107.94748390045
48,48,2019-07-30 22:44:23.530999+00:00,2019-07-30 22:44:23.527999+00:00,2019-07-30 22:44:23.672999+00:00,2019-07-30 22:44:23.488999+00:00,2,5,-77.875,92.125,-0.043,4.22152160926914,2019-07-30T22:44:23.575499Z,h3,18107.947496249988
49,49,2019-07-30 22:44:34.644999+00:00,2019-07-30 22:44:34.642999+00:00,2019-07-30 22:44:34.692999+00:00,2019-07-30 22:44:34.581999+00:00,2,0,35.0,205.0,0.0,2.129203728206249,2019-07-30T22:44:34.624999Z,h3,18107.947623796284
50,50,2019-07-30 22:44:34.996999+00:00,2019-07-30 22:44:35.005999+00:00,2019-07-30 22:44:35.052999+00:00,2019-07-30 22:44:34.948999+00:00,2,1,42.875,212.875,-0.009,2.8359704774933494,2019-07-30T22:44:34.972499Z,h3,18107.94762796295
51,51,2019-07-30 22:44:35.212999+00:00,2019-07-30 22:44:35.408999+00:00,2019-07-30 22:44:35.408999+00:00,2019-07-30 22:44:35.264999+00:00,1,2,-136.5,33.5,-0.196,-0.01907888645346101,2019-07-30T22:44:35.290999Z,h3,18107.94763208332
52,52,2019-07-30 22:44:35.823999+00:00,2019-07-30 22:44:35.705999+00:00,2019-07-30 22:44:35.855999+00:00,2019-07-30 22:44:35.856999+00:00,3,5,-22.75,147.25,-0.033,2.1024932871714035,2019-07-30T22:44:35.836999Z,h3,18107.94763725693
53,53,2019-07-30 22:44:36.076999+00:00,2019-07-30 22:44:35.958999+00:00,2019-07-30 22:44:35.977999+00:00,2019-07-30 22:44:36.151999+00:00,5,3,166.25,336.25,-0.075,0.6915036401243313,2019-07-30T22:44:35.981999Z,h3,18107.94764071758
54,54,2019-07-30 22:44:36.953999+00:00,2019-07-30 22:44:36.816999+00:00,2019-07-30 22:44:37.012999+00:00,2019-07-30 22:44:36.819999+00:00,5,2,189.875,359.875,-0.059,-0.04833317901543457,2019-07-30T22:44:36.845499Z,h3,18107.947650648133
55,55,2019-07-30 22:44:37.278999+00:00,2019-07-30 22:44:37.432999+00:00,2019-07-30 22:44:37.250999+00:00,2019-07-30 22:44:37.263999+00:00,1,5,-504.0,-334.0,-0.154,-0.0805552983590576,2019-07-30T22:44:37.566999Z,h3,18107.94765549767
56,56,2019-07-30 22:44:37.826999+00:00,2019-07-30 22:44:37.826999+00:00,2019-07-30 22:44:37.698999+00:00,2019-07-30 22:44:37.868999+00:00,3,0,35.0,205.0,0.0,0.4252471802849199,2019-07-30T22:44:37.806999Z,h3,18107.947660543967
57,57,2019-07-30 22:44:41.296999+00:00,2019-07-30 22:44:41.308999+00:00,2019-07-30 22:44:41.391999+00:00,2019-07-30 22:44:41.385999+00:00,4,2,201.25,371.25,-0.095,-0.06571616445081016,2019-07-30T22:44:41.181999Z,h3,18107.94770133101
58,58,2019-07-30 22:44:41.545999+00:00,2019-07-30 22:44:41.643999+00:00,2019-07-30 22:44:41.686999+00:00,2019-07-30 22:44:41.708999+00:00,3,5,-250.25,-80.25,-0.163,0.3663146199064514,2019-07-30T22:44:41.688999Z,h3,18107.94770498841
59,59,2019-07-30 22:44:45.782999+00:00,2019-07-30 22:44:45.782999+00:00,2019-07-30 22:44:45.782999+00:00,2019-07-30 22:44:45.787999+00:00,3,0,35.0,205.0,0.0,0.02459056476223864,2019-07-30T22:44:45.762999Z,h3,18107.94775230323
60,60,2019-07-30 22:44:46.131999+00:00,2019-07-30 22:44:46.127999+00:00,2019-07-30 22:44:46.116999+00:00,2019-07-30 22:44:45.950999+00:00,4,0,35.0,205.0,0.0,0.3434199561622982,2019-07-30T22:44:46.111999Z,h3,18107.94775634258
61,61,2019-07-30 22:44:46.394999+00:00,2019-07-30 22:44:46.281999+00:00,2019-07-30 22:44:46.394999+00:00,2019-07-30 22:44:46.395999+00:00,3,0,35.0,205.0,0.0,0.2963587029104277,2019-07-30T22:44:46.374999Z,h3,18107.947759236096
62,62,2019-07-30 22:44:56.113999+00:00,2019-07-30 22:44:55.946998+00:00,2019-07-30 22:44:56.142999+00:00,2019-07-30 22:44:55.965999+00:00,2,4,-1.75,168.25,-0.021,1.606442239381417,2019-07-30T22:44:56.114999Z,h3,18107.947872060173
63,63,2019-07-30 22:44:56.627999+00:00,2019-07-30 22:44:56.627999+00:00,2019-07-30 22:44:56.627999+00:00,2019-07-30 22:44:56.441999+00:00,4,0,35.0,205.0,0.0,0.04875715426995592,2019-07-30T22:44:56.607999Z,h3,18107.9478776736
64,64,2019-07-30 22:44:57.148999+00:00,2019-07-30 22:44:57.149999+00:00,2019-07-30 22:44:57.255999+00:00,2019-07-30 22:44:57.274999+00:00,3,4,-69.125,100.875,-0.119,0.9170584755296927,2019-07-30T22:44:57.188499Z,h3,18107.94788541665
65,65,2019-07-30 22:45:01.056999+00:00,2019-07-30 22:45:01.056999+00:00,2019-07-30 22:45:01.056999+00:00,2019-07-30 22:45:00.897999+00:00,0,1,35.0,205.0,0.0,-0.08394710039522846,2019-07-30T22:45:01.036999Z,h3,18107.947928935173
66,66,2019-07-30 22:45:04.122999+00:00,2019-07-30 22:45:04.097999+00:00,2019-07-30 22:45:04.192999+00:00,2019-07-30 22:45:04.082999+00:00,2,5,-114.625,55.375,-0.057,0.040701624434050156,2019-07-30T22:45:04.188499Z,h3,18107.947965219893
67,67,2019-07-30 22:45:08.404999+00:00,2019-07-30 22:45:08.421999+00:00,2019-07-30 22:45:08.403999+00:00,2019-07-30 22:45:08.421999+00:00,1,3,35.0,275.0,0.0,-0.08267517463166438,2019-07-30T22:45:08.401999Z,h4,18107.94801417823
68,68,2019-07-30 22:45:09.320999+00:00,2019-07-30 22:45:09.302999+00:00,2019-07-30 22:45:09.302999+00:00,2019-07-30 22:45:09.320999+00:00,0,3,-12.249999999999993,227.75,-0.018,-0.07377169428671591,2019-07-30T22:45:09.309999Z,h4,18107.94802458332
69,69,2019-07-30 22:45:09.690999+00:00,2019-07-30 22:45:09.727999+00:00,2019-07-30 22:45:09.766999+00:00,2019-07-30 22:45:09.784999+00:00,4,5,-15.75,224.25,-0.058,0.010175406108512539,2019-07-30T22:45:09.736999Z,h4,18107.94802995369
70,70,2019-07-30 22:45:10.146999+00:00,2019-07-30 22:45:09.968999+00:00,2019-07-30 22:45:10.146999+00:00,2019-07-30 22:45:10.164999+00:00,3,0,502.25,742.25,-0.178,9.252411979419549,2019-07-30T22:45:09.681999Z,h4,18107.94803435184
71,71,2019-07-30 22:45:10.517999+00:00,2019-07-30 22:45:10.592999+00:00,2019-07-30 22:45:10.437999+00:00,2019-07-30 22:45:10.609999+00:00,4,3,49.875,289.875,-0.017,0.2781277669660094,2019-07-30T22:45:10.564499Z,h4,18107.948039502306
72,72,2019-07-30 22:45:13.515999+00:00,2019-07-30 22:45:13.412999+00:00,2019-07-30 22:45:13.516999+00:00,2019-07-30 22:45:13.533999+00:00,4,5,-71.75,168.25,-0.122,-0.011871307126597964,2019-07-30T22:45:13.453999Z,h4,18107.94807334489
73,73,2019-07-30 22:45:29.161999+00:00,2019-07-30 22:45:29.161999+00:00,2019-07-30 22:45:29.159999+00:00,2019-07-30 22:45:29.172999+00:00,3,4,25.375,265.375,-0.011,0.9632717782725204,2019-07-30T22:45:29.147499Z,h4,18107.948254340263
74,74,2019-07-30 22:45:29.495999+00:00,2019-07-30 22:45:29.495999+00:00,2019-07-30 22:45:29.495999+00:00,2019-07-30 22:45:29.508999+00:00,5,3,57.75,297.75,-0.013,0.17594973062636265,2019-07-30T22:45:29.462999Z,h4,18107.94825824073
75,75,2019-07-30 22:45:30.519999+00:00,2019-07-30 22:45:30.534999+00:00,2019-07-30 22:45:30.521999+00:00,2019-07-30 22:45:30.533999+00:00,1,4,35.0,275.0,0.0,-0.07589157055932269,2019-07-30T22:45:30.514999Z,h4,18107.94827010416
76,76,2019-07-30 22:45:30.927999+00:00,2019-07-30 22:45:30.927999+00:00,2019-07-30 22:45:30.914999+00:00,2019-07-30 22:45:30.927999+00:00,0,1,35.0,275.0,0.0,-0.08182722412262167,2019-07-30T22:45:30.907999Z,h4,18107.94827466434
77,77,2019-07-30 22:45:37.803999+00:00,2019-07-30 22:45:37.705999+00:00,2019-07-30 22:45:37.891999+00:00,2019-07-30 22:45:37.901999+00:00,5,3,378.0,618.0,-0.196,-0.08394710039522846,2019-07-30T22:45:37.489999Z,h4,18107.948355381934
78,78,2019-07-30 22:45:38.338999+00:00,2019-07-30 22:45:38.142999+00:00,2019-07-30 22:45:38.327999+00:00,2019-07-30 22:45:38.338999+00:00,0,3,-479.5,-239.5,-0.196,-0.06571616445081016,2019-07-30T22:45:38.416999Z,h4,18107.9483604398
79,79,2019-07-30 22:45:39.361999+00:00,2019-07-30 22:45:39.361999+00:00,2019-07-30 22:45:39.350999+00:00,2019-07-30 22:45:39.361999+00:00,4,5,34.125,274.125,-0.001,0.0,2019-07-30T22:45:39.342499Z,h4,18107.94837228008
80,80,2019-07-30 22:45:40.659999+00:00,2019-07-30 22:45:40.616999+00:00,2019-07-30 22:45:40.738999+00:00,2019-07-30 22:45:40.749999+00:00,3,4,-81.375,158.625,-0.133,0.4816358891362602,2019-07-30T22:45:40.663499Z,h4,18107.94838833332
81,81,2019-07-30 22:45:52.788999+00:00,2019-07-30 22:45:52.858999+00:00,2019-07-30 22:45:52.904999+00:00,2019-07-30 22:45:52.912999+00:00,3,5,-47.25,192.75,-0.047,1.4733140094617116,2019-07-30T22:45:52.885999Z,h4,18107.94852912036
82,82,2019-07-30 22:45:52.994999+00:00,2019-07-30 22:45:53.151999+00:00,2019-07-30 22:45:53.142999+00:00,2019-07-30 22:45:53.149999+00:00,4,1,35.0,275.0,0.0,0.586357777003035,2019-07-30T22:45:53.131999Z,h4,18107.948532337952
83,83,2019-07-30 22:46:06.630999+00:00,2019-07-30 22:46:06.631999+00:00,2019-07-30 22:46:06.753999+00:00,2019-07-30 22:46:06.758999+00:00,3,2,141.75,381.75,-0.122,0.7843542208645083,2019-07-30T22:46:06.550999Z,h4,18107.94868937499
84,84,2019-07-30 22:46:08.782999+00:00,2019-07-30 22:46:08.585999+00:00,2019-07-30 22:46:08.781999+00:00,2019-07-30 22:46:08.653999+00:00,0,4,-654.5,-414.5,-0.197,-0.09030672921304879,2019-07-30T22:46:08.959999Z,h4,18107.94871278934
85,85,2019-07-30 22:46:11.490999+00:00,2019-07-30 22:46:11.616999+00:00,2019-07-30 22:46:11.683999+00:00,2019-07-30 22:46:11.686999+00:00,3,2,93.625,333.625,-0.067,1.9265435565450408,2019-07-30T22:46:11.563499Z,h4,18107.948746412025
86,86,2019-07-30 22:46:11.964999+00:00,2019-07-30 22:46:11.964999+00:00,2019-07-30 22:46:11.961999+00:00,2019-07-30 22:46:11.964999+00:00,0,1,35.0,275.0,0.0,-0.06656411495985287,2019-07-30T22:46:11.944999Z,h4,18107.948749618045
87,87,2019-07-30 22:46:12.593999+00:00,2019-07-30 22:46:12.589999+00:00,2019-07-30 22:46:12.750999+00:00,2019-07-30 22:46:12.751999+00:00,3,5,-248.5,-8.5,-0.162,1.3736798246491928,2019-07-30T22:46:12.731999Z,h4,18107.948758738414
88,88,2019-07-30 22:46:13.370999+00:00,2019-07-30 22:46:13.566999+00:00,2019-07-30 22:46:13.565999+00:00,2019-07-30 22:46:13.566999+00:00,1,3,35.0,275.0,0.0,-0.07970734785001489,2019-07-30T22:46:13.546999Z,h4,18107.948768171285
89,89,2019-07-30 22:46:18.474999+00:00,2019-07-30 22:46:18.483999+00:00,2019-07-30 22:46:18.501999+00:00,2019-07-30 22:46:18.503999+00:00,4,5,16.625,256.625,-0.021,0.013567208144683388,2019-07-30T22:46:18.474499Z,h4,18107.948825312487
90,90,2019-07-30 22:46:20.510999+00:00,2019-07-30 22:46:20.639999+00:00,2019-07-30 22:46:20.634999+00:00,2019-07-30 22:46:20.635999+00:00,1,5,35.0,275.0,0.0,-0.08394710039522846,2019-07-30T22:46:20.619999Z,h4,18107.94885002313
91,91,2019-07-30 22:46:21.135999+00:00,2019-07-30 22:46:21.112999+00:00,2019-07-30 22:46:21.236999+00:00,2019-07-30 22:46:21.241999+00:00,3,2,143.5,383.5,-0.124,0.6813282340158188,2019-07-30T22:46:21.030999Z,h4,18107.94885701388
92,92,2019-07-30 22:46:21.875999+00:00,2019-07-30 22:46:21.875999+00:00,2019-07-30 22:46:21.874999+00:00,2019-07-30 22:46:21.875999+00:00,0,1,35.0,275.0,0.0,-0.07885939734097218,2019-07-30T22:46:21.855999Z,h4,18107.948864340266
93,93,2019-07-30 22:46:22.000999+00:00,2019-07-30 22:46:22.000999+00:00,2019-07-30 22:46:22.125999+00:00,2019-07-30 22:46:22.124999+00:00,2,3,-73.5,166.5,-0.124,0.7767226662831239,2019-07-30T22:46:22.042999Z,h4,18107.948867314804
94,94,2019-07-30 22:46:22.398999+00:00,2019-07-30 22:46:22.547999+00:00,2019-07-30 22:46:22.595999+00:00,2019-07-30 22:46:22.594999+00:00,2,3,-6.125,233.875,-0.047,1.154484618061652,2019-07-30T22:46:22.551499Z,h4,18107.948872662026
95,95,2019-07-30 22:46:27.455999+00:00,2019-07-30 22:46:27.455999+00:00,2019-07-30 22:46:27.455999+00:00,2019-07-30 22:46:27.455999+00:00,0,1,35.0,275.0,0.0,-0.08479505090427117,2019-07-30T22:46:27.435999Z,h4,18107.948928912025
96,96,2019-07-30 22:46:27.755999+00:00,2019-07-30 22:46:27.755999+00:00,2019-07-30 22:46:27.755999+00:00,2019-07-30 22:46:27.755999+00:00,0,1,35.0,275.0,0.0,-0.09369853124921963,2019-07-30T22:46:27.735999Z,h4,18107.948932384246
97,97,2019-07-30 22:46:28.065999+00:00,2019-07-30 22:46:28.065999+00:00,2019-07-30 22:46:28.067999+00:00,2019-07-30 22:46:28.067999+00:00,4,2,38.5,278.5,-0.002,0.34596380768942636,2019-07-30T22:46:28.043999Z,h4,18107.94893600693
98,98,2019-07-30 22:46:28.284999+00:00,2019-07-30 22:46:28.284999+00:00,2019-07-30 22:46:28.281999+00:00,2019-07-30 22:46:28.279999+00:00,4,0,35.0,275.0,0.0,0.9289297826562907,2019-07-30T22:46:28.264999Z,h4,18107.94893903934
99,99,2019-07-30 22:46:46.966999+00:00,2019-07-30 22:46:46.946999+00:00,2019-07-30 22:46:46.987999+00:00,2019-07-30 22:46:46.987999+00:00,2,3,-0.875,239.125,-0.041,0.23615421676839518,2019-07-30T22:46:46.947499Z,h4,18107.94915497684
100,100,2019-07-30 22:46:47.155999+00:00,2019-07-30 22:46:47.155999+00:00,2019-07-30 22:46:47.160999+00:00,2019-07-30 22:46:47.155999+00:00,4,2,43.75,283.75,-0.005,1.579731798346572,2019-07-30T22:46:47.130999Z,h4,18107.94915819443
101,101,2019-07-30 22:46:47.740999+00:00,2019-07-30 22:46:47.740999+00:00,2019-07-30 22:46:47.544999+00:00,2019-07-30 22:46:47.740999+00:00,0,1,35.0,275.0,0.0,-0.11616921973885148,2019-07-30T22:46:47.720999Z,h4,18107.94916369212
102,102,2019-07-30 22:46:48.601999+00:00,2019-07-30 22:46:48.584999+00:00,2019-07-30 22:46:48.452999+00:00,2019-07-30 22:46:48.428999+00:00,0,1,35.0,275.0,0.0,-0.08267517463166438,2019-07-30T22:46:48.564999Z,h4,18107.949173831006
103,103,2019-07-30 22:46:48.829999+00:00,2019-07-30 22:46:48.758999+00:00,2019-07-30 22:46:48.775999+00:00,2019-07-30 22:46:48.940999+00:00,3,5,-203.00000000000003,36.99999999999997,-0.136,0.31925336665458093,2019-07-30T22:46:48.874999Z,h4,18107.94917758101
104,104,2019-07-30 22:47:04.984999+00:00,2019-07-30 22:47:04.984999+00:00,2019-07-30 22:47:04.984999+00:00,2019-07-30 22:47:04.984999+00:00,0,1,35.0,275.0,0.0,-0.07716349632288676,2019-07-30T22:47:04.964999Z,h4,18107.94936327545
105,105,2019-07-30 22:47:07.390999+00:00,2019-07-30 22:47:07.332999+00:00,2019-07-30 22:47:07.303999+00:00,2019-07-30 22:47:07.470999+00:00,3,4,-85.75000000000001,154.25,-0.138,2.6748598807752337,2019-07-30T22:47:07.381999Z,h4,18107.9493920486
106,106,2019-07-30 22:47:12.318999+00:00,2019-07-30 22:47:12.318999+00:00,2019-07-30 22:47:12.290999+00:00,2019-07-30 22:47:12.278999+00:00,0,1,35.0,275.0,0.0,-0.10896164041198846,2019-07-30T22:47:12.298999Z,h4,18107.94944815971
107,107,2019-07-30 22:47:28.462999+00:00,2019-07-30 22:47:28.462999+00:00,2019-07-30 22:47:28.444999+00:00,2019-07-30 22:47:28.428999+00:00,0,1,35.0,275.0,0.0,-0.08182722412262167,2019-07-30T22:47:28.442999Z,h4,18107.94963501156
108,108,2019-07-30 22:47:29.087999+00:00,2019-07-30 22:47:29.087999+00:00,2019-07-30 22:47:29.102999+00:00,2019-07-30 22:47:29.087999+00:00,4,2,61.25,301.25,-0.015,2.157186095004658,2019-07-30T22:47:29.052999Z,h4,18107.949643206008
109,109,2019-07-30 22:47:29.261999+00:00,2019-07-30 22:47:29.440999+00:00,2019-07-30 22:47:29.433999+00:00,2019-07-30 22:47:29.440999+00:00,1,3,35.0,275.0,0.0,-0.0805552983590576,2019-07-30T22:47:29.420999Z,h4,18107.94964633101
110,110,2019-07-30 22:47:29.814999+00:00,2019-07-30 22:47:29.809999+00:00,2019-07-30 22:47:29.947999+00:00,2019-07-30 22:47:29.751999+00:00,4,5,-86.62500000000001,153.375,-0.139,0.10556983837581761,2019-07-30T22:47:29.859499Z,h4,18107.949652210635
111,111,2019-07-30 22:47:30.563999+00:00,2019-07-30 22:47:30.672999+00:00,2019-07-30 22:47:30.688999+00:00,2019-07-30 22:47:30.672999+00:00,2,1,35.0,275.0,0.0,0.20054029538860133,2019-07-30T22:47:30.652999Z,h4,18107.949661550912
112,112,2019-07-30 22:47:31.195999+00:00,2019-07-30 22:47:31.196999+00:00,2019-07-30 22:47:31.184999+00:00,2019-07-30 22:47:31.259999+00:00,3,1,35.0,275.0,0.0,0.7572198045751415,2019-07-30T22:47:31.176999Z,h4,18107.949667384248
113,113,2019-07-30 22:47:31.478999+00:00,2019-07-30 22:47:31.476999+00:00,2019-07-30 22:47:31.486999+00:00,2019-07-30 22:47:31.532999+00:00,3,5,-63.0,177.0,-0.056,0.4256711555394413,2019-07-30T22:47:31.512999Z,h4,18107.94967054397
114,114,2019-07-30 22:47:31.784999+00:00,2019-07-30 22:47:31.776999+00:00,2019-07-30 22:47:31.937999+00:00,2019-07-30 22:47:31.940999+00:00,3,2,175.875,415.875,-0.161,1.5199512874590606,2019-07-30T22:47:31.676499Z,h4,18107.949675277767
115,115,2019-07-30 22:47:33.428999+00:00,2019-07-30 22:47:33.428999+00:00,2019-07-30 22:47:33.444999+00:00,2019-07-30 22:47:33.428999+00:00,2,0,35.0,275.0,0.0,1.0154207345786472,2019-07-30T22:47:33.408999Z,h4,18107.94969268517
116,116,2019-07-30 22:47:33.839999+00:00,2019-07-30 22:47:33.826999+00:00,2019-07-30 22:47:33.921999+00:00,2019-07-30 22:47:33.751999+00:00,2,0,57.75,297.75,-0.013,0.32094926767266635,2019-07-30T22:47:33.793999Z,h4,18107.94969843749
117,117,2019-07-30 22:47:34.250999+00:00,2019-07-30 22:47:34.250999+00:00,2019-07-30 22:47:34.212999+00:00,2019-07-30 22:47:34.250999+00:00,0,1,35.0,275.0,0.0,-0.053844857324212195,2019-07-30T22:47:34.230999Z,h4,18107.9497020023
118,118,2019-07-30 22:47:34.334999+00:00,2019-07-30 22:47:34.531999+00:00,2019-07-30 22:47:34.519999+00:00,2019-07-30 22:47:34.448999+00:00,1,5,38.5,278.5,0.001,-0.06868399123245963,2019-07-30T22:47:34.509999Z,h4,18107.949705254618
119,119,2019-07-30 22:47:39.892999+00:00,2019-07-30 22:47:39.895999+00:00,2019-07-30 22:47:39.778999+00:00,2019-07-30 22:47:39.771999+00:00,1,0,32.375,272.375,0.003,-0.10768971464842439,2019-07-30T22:47:39.877499Z,h4,18107.949768148137
120,120,2019-07-30 22:47:40.226999+00:00,2019-07-30 22:47:40.040999+00:00,2019-07-30 22:47:40.226999+00:00,2019-07-30 22:47:40.029999+00:00,0,2,-290.5,-50.5,-0.186,-0.07037989225054506,2019-07-30T22:47:40.206999Z,h4,18107.94977116897
121,121,2019-07-30 22:47:44.583999+00:00,2019-07-30 22:47:44.583999+00:00,2019-07-30 22:47:44.603999+00:00,2019-07-30 22:47:44.583999+00:00,2,0,35.0,275.0,0.0,0.5320889444243017,2019-07-30T22:47:44.563999Z,h4,18107.949821840262
122,122,2019-07-30 22:47:47.155999+00:00,2019-07-30 22:47:47.153999+00:00,2019-07-30 22:47:47.322999+00:00,2019-07-30 22:47:47.322999+00:00,2,3,-112.875,127.125,-0.169,0.014839133908247454,2019-07-30T22:47:47.218499Z,h4,18107.9498532986
123,123,2019-07-30 22:47:47.492999+00:00,2019-07-30 22:47:47.674999+00:00,2019-07-30 22:47:47.591999+00:00,2019-07-30 22:47:47.674999+00:00,1,3,35.0,275.0,0.0,-0.09030672921304879,2019-07-30T22:47:47.654999Z,h4,18107.949857372678
124,124,2019-07-30 22:47:53.317000+00:00,2019-07-30 22:47:53.317000+00:00,2019-07-30 22:47:53.337999+00:00,2019-07-30 22:47:53.317000+00:00,4,2,71.74825,311.74825,-0.020999,1.8667630456575297,2019-07-30T22:47:53.276001Z,h4,18107.949923229156
125,125,2019-07-30 22:47:53.618999+00:00,2019-07-30 22:47:53.610999+00:00,2019-07-30 22:47:53.584999+00:00,2019-07-30 22:47:53.600999+00:00,0,5,0.0,240.0,-0.008,-0.08691492717687795,2019-07-30T22:47:53.610999Z,h4,18107.94992616897
126,126,2019-07-30 22:48:36.816999+00:00,2019-07-30 22:48:36.707999+00:00,2019-07-30 22:48:36.678999+00:00,2019-07-30 22:48:36.816999+00:00,0,3,-251.125,-11.125,-0.109,-0.09327455599469828,2019-07-30T22:48:36.851499Z,h4,18107.95042614582
127,127,2019-07-30 22:48:37.059999+00:00,2019-07-30 22:48:37.066999+00:00,2019-07-30 22:48:37.069999+00:00,2019-07-30 22:48:36.885999+00:00,2,1,35.0,275.0,0.0,-0.01526310916276881,2019-07-30T22:48:37.046999Z,h4,18107.950429074062
128,128,2019-07-30 22:48:41.651000+00:00,2019-07-30 22:48:41.651000+00:00,2019-07-30 22:48:41.651000+00:00,2019-07-30 22:48:41.651000+00:00,0,1,35.0,275.0,0.0,-0.06741206546889557,2019-07-30T22:48:41.631000Z,h4,18107.950482094897
129,129,2019-07-30 22:48:41.720999+00:00,2019-07-30 22:48:41.895999+00:00,2019-07-30 22:48:41.905999+00:00,2019-07-30 22:48:41.720999+00:00,2,1,35.0,275.0,0.0,0.5842379007304283,2019-07-30T22:48:41.875999Z,h4,18107.950485104157
130,130,2019-07-30 22:48:42.122999+00:00,2019-07-30 22:48:42.122999+00:00,2019-07-30 22:48:41.966998+00:00,2019-07-30 22:48:42.004999+00:00,0,1,35.0,275.0,0.0,-0.08649095192235659,2019-07-30T22:48:42.102999Z,h4,18107.950488032395
131,131,2019-07-30 22:48:42.506999+00:00,2019-07-30 22:48:42.505999+00:00,2019-07-30 22:48:42.513999+00:00,2019-07-30 22:48:42.335999+00:00,2,4,21.0,261.0,-0.008,0.12337679906571454,2019-07-30T22:48:42.493999Z,h4,18107.95049208332
132,132,2019-07-30 22:48:46.032999+00:00,2019-07-30 22:48:45.937999+00:00,2019-07-30 22:48:45.948999+00:00,2019-07-30 22:48:46.132999+00:00,3,5,-243.25,-3.25,-0.159,0.6830241350339042,2019-07-30T22:48:46.076999Z,h4,18107.950533993044
133,133,2019-07-30 22:48:46.238999+00:00,2019-07-30 22:48:46.237999+00:00,2019-07-30 22:48:46.389999+00:00,2019-07-30 22:48:46.390999+00:00,3,4,-98.875,141.125,-0.153,1.9621574779248347,2019-07-30T22:48:46.294499Z,h4,18107.950536956007
134,134,2019-07-30 22:48:49.693999+00:00,2019-07-30 22:48:49.693999+00:00,2019-07-30 22:48:49.507999+00:00,2019-07-30 22:48:49.691999+00:00,0,1,35.0,275.0,0.0,-0.0699559169960237,2019-07-30T22:48:49.673999Z,h4,18107.95057518517
135,135,2019-07-30 22:48:49.959999+00:00,2019-07-30 22:48:49.957999+00:00,2019-07-30 22:48:49.822999+00:00,2019-07-30 22:48:49.768999+00:00,0,4,28.0,268.0,-0.002,-0.049605104778998634,2019-07-30T22:48:49.941999Z,h4,18107.95057826388
136,136,2019-07-30 22:48:53.303999+00:00,2019-07-30 22:48:53.302999+00:00,2019-07-30 22:48:53.128999+00:00,2019-07-30 22:48:53.302999+00:00,5,0,39.375,279.375,-0.001,0.07249976852315185,2019-07-30T22:48:53.280499Z,h4,18107.950617083323
137,137,2019-07-30 22:49:21.049999+00:00,2019-07-30 22:49:21.046999+00:00,2019-07-30 22:49:21.052999+00:00,2019-07-30 22:49:21.106999+00:00,3,2,40.25,280.25,-0.006,2.8105319622220675,2019-07-30T22:49:21.023999Z,h4,18107.95093876156
138,138,2019-07-30 22:49:33.916999+00:00,2019-07-30 22:49:33.941999+00:00,2019-07-30 22:49:34.028999+00:00,2019-07-30 22:49:34.027999+00:00,2,3,-40.25,199.75,-0.086,-0.03730982239787931,2019-07-30T22:49:33.964999Z,h4,18107.951088344897
139,139,2019-07-30 22:49:45.305999+00:00,2019-07-30 22:49:45.305999+00:00,2019-07-30 22:49:45.172999+00:00,2019-07-30 22:49:45.305999+00:00,0,1,35.0,275.0,0.0,-0.08988275395852743,2019-07-30T22:49:45.285999Z,h4,18107.95121884258
140,140,2019-07-30 22:49:51.695999+00:00,2019-07-30 22:49:51.695999+00:00,2019-07-30 22:49:51.528999+00:00,2019-07-30 22:49:51.695999+00:00,0,1,35.0,275.0,0.0,-0.049605104778998634,2019-07-30T22:49:51.675999Z,h4,18107.951292800917
141,141,2019-07-30 22:50:00.437999+00:00,2019-07-30 22:50:00.283999+00:00,2019-07-30 22:50:00.365999+00:00,2019-07-30 22:50:00.477999+00:00,3,0,439.25,679.25,-0.154,6.277801593697715,2019-07-30T22:50:00.032999Z,h4,18107.951394479154
142,142,2019-07-30 22:50:22.900999+00:00,2019-07-30 22:50:22.900999+00:00,2019-07-30 22:50:22.781999+00:00,2019-07-30 22:50:22.900999+00:00,0,1,35.0,275.0,0.0,-0.03773379765240067,2019-07-30T22:50:22.880999Z,h4,18107.951653969896
143,143,2019-07-30 22:50:26.092999+00:00,2019-07-30 22:50:25.928999+00:00,2019-07-30 22:50:25.914999+00:00,2019-07-30 22:50:26.092999+00:00,0,3,-395.5,-155.5,-0.164,-0.10768971464842439,2019-07-30T22:50:26.154999Z,h4,18107.95169091434
144,144,2019-07-30 22:50:26.396999+00:00,2019-07-30 22:50:26.382999+00:00,2019-07-30 22:50:26.390999+00:00,2019-07-30 22:50:26.350999+00:00,0,2,21.0,261.0,-0.008,-0.04918112952447728,2019-07-30T22:50:26.370999Z,h4,18107.951694432857
145,145,2019-07-30 22:50:27.507999+00:00,2019-07-30 22:50:27.507999+00:00,2019-07-30 22:50:27.547999+00:00,2019-07-30 22:50:27.507999+00:00,2,5,-20.125,219.875,-0.021,1.0213563881419463,2019-07-30T22:50:27.519499Z,h4,18107.95170783564
146,146,2019-07-30 22:50:27.703999+00:00,2019-07-30 22:50:27.703999+00:00,2019-07-30 22:50:27.743999+00:00,2019-07-30 22:50:27.703999+00:00,5,2,140.0,380.0,-0.04,0.8627896429509592,2019-07-30T22:50:27.623999Z,h4,18107.95171083332
147,147,2019-07-30 22:50:37.640999+00:00,2019-07-30 22:50:37.624999+00:00,2019-07-30 22:50:37.676999+00:00,2019-07-30 22:50:37.724999+00:00,4,5,-54.25,185.75,-0.102,-0.012719257635640675,2019-07-30T22:50:37.655999Z,h4,18107.95182556712
148,148,2019-07-30 22:50:38.356999+00:00,2019-07-30 22:50:38.371999+00:00,2019-07-30 22:50:38.366999+00:00,2019-07-30 22:50:38.485999+00:00,3,5,-133.0,107.0,-0.096,5.35353553884116,2019-07-30T22:50:38.447999Z,h4,18107.95183435184
149,149,2019-07-30 22:50:39.998999+00:00,2019-07-30 22:50:39.981999+00:00,2019-07-30 22:50:40.012999+00:00,2019-07-30 22:50:40.011999+00:00,2,3,8.75,248.75,-0.03,-0.04282150070665694,2019-07-30T22:50:39.976999Z,h4,18107.95185202545
150,150,2019-07-30 22:50:40.958999+00:00,2019-07-30 22:50:41.154999+00:00,2019-07-30 22:50:41.141999+00:00,2019-07-30 22:50:41.154999+00:00,1,3,35.0,275.0,0.0,-0.0835231251407071,2019-07-30T22:50:41.134999Z,h4,18107.951865254618
151,151,2019-07-30 22:50:41.284999+00:00,2019-07-30 22:50:41.284999+00:00,2019-07-30 22:50:41.325999+00:00,2019-07-30 22:50:41.285999+00:00,5,2,142.625,382.625,-0.041,0.8229359690259517,2019-07-30T22:50:41.203499Z,h4,18107.95186827545
152,152,2019-07-30 22:50:52.893999+00:00,2019-07-30 22:50:52.939999+00:00,2019-07-30 22:50:52.877999+00:00,2019-07-30 22:50:53.071999+00:00,3,5,-33.25,206.75,-0.039,2.8156196652763246,2019-07-30T22:50:52.958999Z,h4,18107.952003194438
153,153,2019-07-30 22:50:57.702999+00:00,2019-07-30 22:50:57.700999+00:00,2019-07-30 22:50:57.701999+00:00,2019-07-30 22:50:57.871999+00:00,5,3,334.25,574.25,-0.171,0.10048213532156133,2019-07-30T22:50:57.509999Z,h4,18107.95205873841
154,154,2019-07-30 22:50:58.558999+00:00,2019-07-30 22:50:58.558999+00:00,2019-07-30 22:50:58.444999+00:00,2019-07-30 22:50:58.558999+00:00,0,1,35.0,275.0,0.0,-0.06486821394176744,2019-07-30T22:50:58.538999Z,h4,18107.9520666898
155,155,2019-07-30 22:51:05.233999+00:00,2019-07-30 22:51:05.233999+00:00,2019-07-30 22:51:05.060999+00:00,2019-07-30 22:51:05.233999+00:00,0,1,35.0,275.0,0.0,-0.04536535223378507,2019-07-30T22:51:05.213999Z,h4,18107.952143935174
156,156,2019-07-30 22:51:05.470999+00:00,2019-07-30 22:51:05.465999+00:00,2019-07-30 22:51:05.467999+00:00,2019-07-30 22:51:05.537999+00:00,3,0,48.125,288.125,-0.005,2.8859995575268687,2019-07-30T22:51:05.438499Z,h4,18107.952147465265
157,157,2019-07-30 22:51:05.667999+00:00,2019-07-30 22:51:05.669999+00:00,2019-07-30 22:51:05.707999+00:00,2019-07-30 22:51:05.803999+00:00,3,2,68.25,308.25,-0.038,5.614704295626314,2019-07-30T22:51:05.630999Z,h4,18107.95215054397
158,158,2019-07-30 22:51:05.888999+00:00,2019-07-30 22:51:05.888999+00:00,2019-07-30 22:51:05.928999+00:00,2019-07-30 22:51:05.870999+00:00,4,2,105.0,345.0,-0.04,1.9227277792543487,2019-07-30T22:51:05.828999Z,h4,18107.952153576374
159,159,2019-07-30 22:51:21.908999+00:00,2019-07-30 22:51:21.904999+00:00,2019-07-30 22:51:21.728999+00:00,2019-07-30 22:51:21.904999+00:00,0,4,21.0,261.0,-0.004,-0.08649095192235659,2019-07-30T22:51:21.892999Z,h4,18107.95233693286
160,160,2019-07-30 22:51:22.276999+00:00,2019-07-30 22:51:22.288999+00:00,2019-07-30 22:51:22.125999+00:00,2019-07-30 22:51:22.287999+00:00,5,4,40.25,280.25,-0.006,-0.005935653563298982,2019-07-30T22:51:22.265999Z,h4,18107.95234165508
161,161,2019-07-30 22:51:22.797999+00:00,2019-07-30 22:51:22.722999+00:00,2019-07-30 22:51:22.795999+00:00,2019-07-30 22:51:22.918999+00:00,4,3,206.5,446.5,-0.196,0.12295282381119318,2019-07-30T22:51:22.604999Z,h4,18107.952348634248
162,162,2019-07-30 22:51:33.895999+00:00,2019-07-30 22:51:33.895999+00:00,2019-07-30 22:51:33.699999+00:00,2019-07-30 22:51:33.895999+00:00,0,1,35.0,275.0,0.0,-0.07801144683192947,2019-07-30T22:51:33.875999Z,h4,18107.952475682858
163,163,2019-07-30 22:51:36.248999+00:00,2019-07-30 22:51:36.248999+00:00,2019-07-30 22:51:36.051999+00:00,2019-07-30 22:51:36.246999+00:00,0,1,35.0,275.0,0.0,-0.040701624434050156,2019-07-30T22:51:36.228999Z,h4,18107.95250290508
164,164,2019-07-30 22:51:36.711999+00:00,2019-07-30 22:51:36.875999+00:00,2019-07-30 22:51:36.874999+00:00,2019-07-30 22:51:36.876999+00:00,3,1,35.0,275.0,0.0,1.994803572522979,2019-07-30T22:51:36.855999Z,h4,18107.9525101736
165,165,2019-07-30 22:51:40.560999+00:00,2019-07-30 22:51:40.550999+00:00,2019-07-30 22:51:40.487999+00:00,2019-07-30 22:51:40.683999+00:00,4,3,151.375,391.375,-0.133,0.19121283978913148,2019-07-30T22:51:40.464499Z,h4,18107.952554247677
166,166,2019-07-30 22:51:42.505999+00:00,2019-07-30 22:51:42.443999+00:00,2019-07-30 22:51:42.328999+00:00,2019-07-30 22:51:42.504999+00:00,0,4,-182.0,58.0,-0.062,-0.08013132310453625,2019-07-30T22:51:42.547999Z,h4,18107.952575324063
167,167,2019-07-30 22:51:43.324999+00:00,2019-07-30 22:51:43.292999+00:00,2019-07-30 22:51:43.189999+00:00,2019-07-30 22:51:43.369999+00:00,3,0,119.0,359.0,-0.032,2.4399775897704026,2019-07-30T22:51:43.224999Z,h4,18107.952585324063
168,168,2019-07-30 22:51:52.355999+00:00,2019-07-30 22:51:52.355999+00:00,2019-07-30 22:51:52.217999+00:00,2019-07-30 22:51:52.354999+00:00,0,1,35.0,275.0,0.0,-0.10344996210321082,2019-07-30T22:51:52.335999Z,h4,18107.952689328693
169,169,2019-07-30 22:51:53.084999+00:00,2019-07-30 22:51:53.085999+00:00,2019-07-30 22:51:53.075999+00:00,2019-07-30 22:51:52.889999+00:00,1,0,34.125,274.125,0.001,-0.07716349632288676,2019-07-30T22:51:53.066499Z,h4,18107.95269778934
170,170,2019-07-30 22:51:57.789999+00:00,2019-07-30 22:51:57.789999+00:00,2019-07-30 22:51:57.756999+00:00,2019-07-30 22:51:57.790999+00:00,3,0,35.0,275.0,0.0,2.058823835955704,2019-07-30T22:51:57.769999Z,h4,18107.95275224536
171,171,2019-07-30 22:51:58.344999+00:00,2019-07-30 22:51:58.289999+00:00,2019-07-30 22:51:58.223999+00:00,2019-07-30 22:51:58.419999+00:00,5,3,262.5,502.5,-0.13,0.055540758342297616,2019-07-30T22:51:58.139999Z,h4,18107.95275952545
172,172,2019-07-30 22:51:59.114999+00:00,2019-07-30 22:51:59.098999+00:00,2019-07-30 22:51:59.113999+00:00,2019-07-30 22:51:59.209999+00:00,3,4,-60.375,179.625,-0.109,0.8343833008980283,2019-07-30T22:51:59.133499Z,h4,18107.95276866897
173,173,2019-07-30 22:52:05.334999+00:00,2019-07-30 22:52:05.292999+00:00,2019-07-30 22:52:05.384999+00:00,2019-07-30 22:52:05.452999+00:00,5,3,154.0,464.0,-0.068,0.12846450211997082,2019-07-30T22:52:05.296999Z,h5,18107.95284121527
174,174,2019-07-30 22:52:05.903999+00:00,2019-07-30 22:52:05.820999+00:00,2019-07-30 22:52:05.707999+00:00,2019-07-30 22:52:05.890999+00:00,0,4,-651.0,-341.0,-0.196,-0.10472188786677489,2019-07-30T22:52:06.079999Z,h5,18107.95284613425
175,175,2019-07-30 22:52:06.109999+00:00,2019-07-30 22:52:06.204999+00:00,2019-07-30 22:52:06.227999+00:00,2019-07-30 22:52:06.187999+00:00,2,5,37.625,347.625,0.001,0.09836225904895456,2019-07-30T22:52:06.206499Z,h5,18107.9528505324
176,176,2019-07-30 22:52:06.497999+00:00,2019-07-30 22:52:06.518999+00:00,2019-07-30 22:52:06.536999+00:00,2019-07-30 22:52:06.504999+00:00,2,4,35.0,345.0,0.0,0.1352481061923125,2019-07-30T22:52:06.516999Z,h5,18107.95285346064
177,177,2019-07-30 22:52:22.256999+00:00,2019-07-30 22:52:22.251999+00:00,2019-07-30 22:52:22.261999+00:00,2019-07-30 22:52:22.316999+00:00,4,3,83.125,393.125,-0.055,0.5935653563298982,2019-07-30T22:52:22.214499Z,h5,18107.9530361111
178,178,2019-07-30 22:52:22.640999+00:00,2019-07-30 22:52:22.614999+00:00,2019-07-30 22:52:22.698999+00:00,2019-07-30 22:52:22.755999+00:00,3,4,-14.875,295.125,-0.057,0.008479505090427115,2019-07-30T22:52:22.707499Z,h5,18107.953041180543
179,179,2019-07-30 22:52:44.316999+00:00,2019-07-30 22:52:44.316999+00:00,2019-07-30 22:52:44.264999+00:00,2019-07-30 22:52:44.128999+00:00,0,1,-10.5,299.5,-0.052,-0.09497045701278371,2019-07-30T22:52:44.270999Z,h5,18107.95329074073
180,180,2019-07-30 22:52:45.273999+00:00,2019-07-30 22:52:45.262999+00:00,2019-07-30 22:52:45.364999+00:00,2019-07-30 22:52:45.178999+00:00,2,4,47.25,357.25,0.007,-0.005935653563298982,2019-07-30T22:52:45.337999Z,h5,18107.953302858787
181,181,2019-07-30 22:52:47.641999+00:00,2019-07-30 22:52:47.614999+00:00,2019-07-30 22:52:47.749999+00:00,2019-07-30 22:52:47.579999+00:00,5,4,42.875,352.875,-0.009,0.0182309359444183,2019-07-30T22:52:47.725499Z,h5,18107.953330590262
182,182,2019-07-30 22:52:48.049999+00:00,2019-07-30 22:52:48.047999+00:00,2019-07-30 22:52:47.856999+00:00,2019-07-30 22:52:47.852999+00:00,0,1,-132.125,177.875,-0.191,-0.08182722412262167,2019-07-30T22:52:47.932499Z,h5,18107.953333935173
183,183,2019-07-30 22:52:49.208999+00:00,2019-07-30 22:52:49.181999+00:00,2019-07-30 22:52:49.277999+00:00,2019-07-30 22:52:49.322999+00:00,3,5,10.5,320.5,-0.014,-0.07419566954123727,2019-07-30T22:52:49.271999Z,h5,18107.953348703693
184,184,2019-07-30 22:52:49.731999+00:00,2019-07-30 22:52:49.700999+00:00,2019-07-30 22:52:49.686999+00:00,2019-07-30 22:52:49.787999+00:00,3,5,-126.0,184.0,-0.092,0.4625570026827992,2019-07-30T22:52:49.758999Z,h5,18107.953354050915
185,185,2019-07-30 22:52:50.380999+00:00,2019-07-30 22:52:50.380999+00:00,2019-07-30 22:52:50.333999+00:00,2019-07-30 22:52:50.291999+00:00,0,1,-6.125,303.875,-0.047,-0.09073070446757014,2019-07-30T22:52:50.337499Z,h5,18107.95336091434
186,186,2019-07-30 22:52:51.357999+00:00,2019-07-30 22:52:51.207999+00:00,2019-07-30 22:52:51.312999+00:00,2019-07-30 22:52:51.262999+00:00,4,0,192.5,502.5,-0.045,0.6563136939990588,2019-07-30T22:52:51.202999Z,h5,18107.95337228008
187,187,2019-07-30 22:52:54.721999+00:00,2019-07-30 22:52:54.560999+00:00,2019-07-30 22:52:54.708999+00:00,2019-07-30 22:52:54.668999+00:00,0,2,35.0,345.0,0.0,-0.09157865497661286,2019-07-30T22:52:54.688999Z,h5,18107.953411574064
188,188,2019-07-30 22:53:09.001999+00:00,2019-07-30 22:53:09.001999+00:00,2019-07-30 22:53:08.828999+00:00,2019-07-30 22:53:08.828999+00:00,0,1,-116.375,193.625,-0.173,-0.09285058074017692,2019-07-30T22:53:08.895499Z,h5,18107.95357643517
189,189,2019-07-30 22:53:09.299999+00:00,2019-07-30 22:53:09.297999+00:00,2019-07-30 22:53:09.149999+00:00,2019-07-30 22:53:09.140999+00:00,4,5,-129.5,180.5,-0.188,2.184320511294025,2019-07-30T22:53:09.223999Z,h5,18107.95358032406
190,190,2019-07-30 22:53:09.912999+00:00,2019-07-30 22:53:09.746999+00:00,2019-07-30 22:53:09.919999+00:00,2019-07-30 22:53:09.943999+00:00,3,2,35.0,345.0,0.0,0.002119876272606779,2019-07-30T22:53:09.899999Z,h5,18107.953587337957
191,191,2019-07-30 22:53:11.059999+00:00,2019-07-30 22:53:11.071999+00:00,2019-07-30 22:53:11.231999+00:00,2019-07-30 22:53:11.078999+00:00,2,5,35.0,345.0,0.0,-0.006783604072341694,2019-07-30T22:53:11.211999Z,h5,18107.95360224536
192,192,2019-07-30 22:53:19.001999+00:00,2019-07-30 22:53:19.001999+00:00,2019-07-30 22:53:18.859999+00:00,2019-07-30 22:53:18.845999+00:00,0,1,-89.24999999999999,220.75,-0.142,-0.08988275395852743,2019-07-30T22:53:18.910999Z,h5,18107.95369218749
193,193,2019-07-30 22:53:19.164999+00:00,2019-07-30 22:53:19.319999+00:00,2019-07-30 22:53:19.216999+00:00,2019-07-30 22:53:19.355999+00:00,3,1,215.25,525.25,-0.103,0.012719257635640675,2019-07-30T22:53:19.093999Z,h5,18107.953696319437
194,194,2019-07-30 22:53:19.963999+00:00,2019-07-30 22:53:20.160999+00:00,2019-07-30 22:53:19.975999+00:00,2019-07-30 22:53:20.160999+00:00,1,3,-288.75,21.25,-0.185,-0.08140324886810031,2019-07-30T22:53:20.140999Z,h5,18107.953705590266
195,195,2019-07-30 22:53:26.409999+00:00,2019-07-30 22:53:26.407999+00:00,2019-07-30 22:53:26.378999+00:00,2019-07-30 22:53:26.407999+00:00,0,1,9.625,319.625,-0.029,-0.06486821394176744,2019-07-30T22:53:26.373499Z,h5,18107.953777916657
196,196,2019-07-30 22:53:26.846999+00:00,2019-07-30 22:53:26.837999+00:00,2019-07-30 22:53:26.650999+00:00,2019-07-30 22:53:26.650999+00:00,0,4,-651.0,-341.0,-0.196,-0.10387393735773218,2019-07-30T22:53:27.022999Z,h5,18107.9537829861
197,197,2019-07-30 22:53:27.309999+00:00,2019-07-30 22:53:27.158999+00:00,2019-07-30 22:53:27.248999+00:00,2019-07-30 22:53:27.170999+00:00,0,4,-178.5,131.5,-0.061,-0.0623243624146393,2019-07-30T22:53:27.350999Z,h5,18107.95378833332
198,198,2019-07-30 22:53:28.348999+00:00,2019-07-30 22:53:28.282999+00:00,2019-07-30 22:53:28.422999+00:00,2019-07-30 22:53:28.304999+00:00,4,2,35.0,345.0,0.0,0.07377169428671591,2019-07-30T22:53:28.402999Z,h5,18107.95380158564
199,199,2019-07-30 22:53:32.816999+00:00,2019-07-30 22:53:32.816999+00:00,2019-07-30 22:53:32.768999+00:00,2019-07-30 22:53:32.798999+00:00,0,1,-7.0,303.0,-0.048,-0.08564300141331388,2019-07-30T22:53:32.772999Z,h5,18107.95385209489
200,200,2019-07-30 22:53:33.189999+00:00,2019-07-30 22:53:33.059999+00:00,2019-07-30 22:53:33.037999+00:00,2019-07-30 22:53:33.037999+00:00,0,1,15.75,325.75,-0.022,-0.10005816006703998,2019-07-30T22:53:33.028999Z,h5,18107.953856712957
201,201,2019-07-30 22:53:33.308999+00:00,2019-07-30 22:53:33.469999+00:00,2019-07-30 22:53:33.287999+00:00,2019-07-30 22:53:33.470999+00:00,3,5,-285.25,24.75,-0.183,0.1505112153550813,2019-07-30T22:53:33.450999Z,h5,18107.95385964119
202,202,2019-07-30 22:53:36.555999+00:00,2019-07-30 22:53:36.572999+00:00,2019-07-30 22:53:36.446999+00:00,2019-07-30 22:53:36.440999+00:00,1,0,130.375,440.375,-0.109,-0.07631554581384405,2019-07-30T22:53:36.372499Z,h5,18107.953895706007
203,203,2019-07-30 22:53:40.893999+00:00,2019-07-30 22:53:40.882999+00:00,2019-07-30 22:53:40.999999+00:00,2019-07-30 22:53:40.837999+00:00,4,2,35.0,345.0,0.0,0.45916520064662836,2019-07-30T22:53:40.979999Z,h5,18107.95394709489
204,204,2019-07-30 22:53:41.701999+00:00,2019-07-30 22:53:41.506999+00:00,2019-07-30 22:53:41.528999+00:00,2019-07-30 22:53:41.595999+00:00,4,0,640.5,950.5,-0.173,1.9638533789429202,2019-07-30T22:53:41.162999Z,h5,18107.953954930545
205,205,2019-07-30 22:53:44.264999+00:00,2019-07-30 22:53:44.279999+00:00,2019-07-30 22:53:44.231999+00:00,2019-07-30 22:53:44.308999+00:00,4,3,102.375,412.375,-0.077,3.2145803797809203,2019-07-30T22:53:44.173499Z,h5,18107.95398515045
206,206,2019-07-30 22:53:44.474999+00:00,2019-07-30 22:53:44.427999+00:00,2019-07-30 22:53:44.494999+00:00,2019-07-30 22:53:44.422999+00:00,4,2,35.0,345.0,0.0,0.7326292398129028,2019-07-30T22:53:44.474999Z,h5,18107.953988599525
207,207,2019-07-30 22:53:44.866999+00:00,2019-07-30 22:53:44.866999+00:00,2019-07-30 22:53:44.747999+00:00,2019-07-30 22:53:44.818999+00:00,0,1,-69.125,240.875,-0.119,-0.07758747157740811,2019-07-30T22:53:44.787499Z,h5,18107.95399197916
208,208,2019-07-30 22:53:45.491999+00:00,2019-07-30 22:53:45.665999+00:00,2019-07-30 22:53:45.502999+00:00,2019-07-30 22:53:45.530999+00:00,1,4,-180.25,129.75,-0.082,-0.09369853124921963,2019-07-30T22:53:45.605999Z,h5,18107.95400097221
209,209,2019-07-30 22:53:46.419999+00:00,2019-07-30 22:53:46.422999+00:00,2019-07-30 22:53:46.389999+00:00,2019-07-30 22:53:46.578999+00:00,4,5,-135.625,174.375,-0.195,0.8750849253320785,2019-07-30T22:53:46.467499Z,h5,18107.9540114236
210,210,2019-07-30 22:53:47.104999+00:00,2019-07-30 22:53:46.980999+00:00,2019-07-30 22:53:47.107999+00:00,2019-07-30 22:53:47.107999+00:00,2,3,35.0,345.0,0.0,-0.03858174816144338,2019-07-30T22:53:47.087999Z,h5,18107.95401747684
211,211,2019-07-30 22:53:47.777999+00:00,2019-07-30 22:53:47.777999+00:00,2019-07-30 22:53:47.680999+00:00,2019-07-30 22:53:47.632999+00:00,0,1,-49.875,260.125,-0.097,-0.10005816006703998,2019-07-30T22:53:47.709499Z,h5,18107.95402523147
212,212,2019-07-30 22:53:48.146999+00:00,2019-07-30 22:53:48.153999+00:00,2019-07-30 22:53:48.044999+00:00,2019-07-30 22:53:48.238999+00:00,3,5,-304.5,5.5,-0.194,0.8691492717687795,2019-07-30T22:53:48.218999Z,h5,18107.95403056712
213,213,2019-07-30 22:53:48.492999+00:00,2019-07-30 22:53:48.492999+00:00,2019-07-30 22:53:48.307999+00:00,2019-07-30 22:53:48.414999+00:00,0,1,-126.875,183.125,-0.185,-0.05978051088751117,2019-07-30T22:53:48.380499Z,h5,18107.95403350693
214,214,2019-07-30 22:53:50.766999+00:00,2019-07-30 22:53:50.774999+00:00,2019-07-30 22:53:50.689999+00:00,2019-07-30 22:53:50.675999+00:00,5,4,174.125,484.125,-0.159,-0.04112559968857151,2019-07-30T22:53:50.590499Z,h5,18107.954060787026
215,215,2019-07-30 22:53:51.040999+00:00,2019-07-30 22:53:51.036999+00:00,2019-07-30 22:53:51.068999+00:00,2019-07-30 22:53:51.134999+00:00,5,3,150.5,460.5,-0.066,0.8988275395852743,2019-07-30T22:53:50.982999Z,h5,18107.95406523147
216,216,2019-07-30 22:53:51.365999+00:00,2019-07-30 22:53:51.374999+00:00,2019-07-30 22:53:51.418999+00:00,2019-07-30 22:53:51.378999+00:00,4,2,35.0,345.0,0.0,0.9051871684030948,2019-07-30T22:53:51.398999Z,h5,18107.95406903934
217,217,2019-07-30 22:53:51.834999+00:00,2019-07-30 22:53:51.834999+00:00,2019-07-30 22:53:51.781999+00:00,2019-07-30 22:53:51.733999+00:00,5,0,266.875,576.875,-0.053,0.09666635803086913,2019-07-30T22:53:51.629499Z,h5,18107.954072199063
218,218,2019-07-30 22:53:52.336999+00:00,2019-07-30 22:53:52.443999+00:00,2019-07-30 22:53:52.433999+00:00,2019-07-30 22:53:52.385999+00:00,4,1,61.25,371.25,-0.01,0.3790338775420921,2019-07-30T22:53:52.398999Z,h5,18107.954080277766
219,219,2019-07-30 22:53:57.730999+00:00,2019-07-30 22:53:57.927999+00:00,2019-07-30 22:53:57.784999+00:00,2019-07-30 22:53:57.927999+00:00,1,3,-215.24999999999997,94.75000000000003,-0.143,-0.07334771903219456,2019-07-30T22:53:57.907999Z,h5,18107.954142708324
220,220,2019-07-30 22:54:01.289999+00:00,2019-07-30 22:54:01.289999+00:00,2019-07-30 22:54:01.092999+00:00,2019-07-30 22:54:01.192999+00:00,0,1,-137.375,172.625,-0.197,-0.09921020955799727,2019-07-30T22:54:01.171499Z,h5,18107.95418162036
221,221,2019-07-30 22:54:01.638999+00:00,2019-07-30 22:54:01.638999+00:00,2019-07-30 22:54:01.508999+00:00,2019-07-30 22:54:01.631999+00:00,0,1,-78.75,231.25,-0.13,-0.07249976852315185,2019-07-30T22:54:01.553999Z,h5,18107.95418565971
222,222,2019-07-30 22:54:02.646999+00:00,2019-07-30 22:54:02.732999+00:00,2019-07-30 22:54:02.801999+00:00,2019-07-30 22:54:02.753999+00:00,4,2,35.0,345.0,0.0,1.819701792405659,2019-07-30T22:54:02.781999Z,h5,18107.954199340267
223,223,2019-07-30 22:54:02.968999+00:00,2019-07-30 22:54:02.979999+00:00,2019-07-30 22:54:02.893999+00:00,2019-07-30 22:54:02.879999+00:00,5,1,336.0,646.0,-0.086,0.7474683737211505,2019-07-30T22:54:02.701999Z,h5,18107.954202291658
224,224,2019-07-30 22:54:32.020999+00:00,2019-07-30 22:54:32.020999+00:00,2019-07-30 22:54:31.998999+00:00,2019-07-30 22:54:31.853999+00:00,0,1,15.75,325.75,-0.022,-0.10387393735773218,2019-07-30T22:54:31.989999Z,h5,18107.95453730323
225,225,2019-07-30 22:54:33.305999+00:00,2019-07-30 22:54:33.314999+00:00,2019-07-30 22:54:33.234999+00:00,2019-07-30 22:54:33.261999+00:00,5,4,167.125,477.125,-0.151,0.042397525452135584,2019-07-30T22:54:33.139499Z,h5,18107.95455343749
226,226,2019-07-30 22:54:34.237999+00:00,2019-07-30 22:54:34.237999+00:00,2019-07-30 22:54:34.201999+00:00,2019-07-30 22:54:34.077999+00:00,0,1,3.5000000000000036,313.5,-0.036,-0.04536535223378507,2019-07-30T22:54:34.199999Z,h5,18107.954562962957
227,227,2019-07-30 22:54:34.307999+00:00,2019-07-30 22:54:34.504999+00:00,2019-07-30 22:54:34.315999+00:00,2019-07-30 22:54:34.309999+00:00,1,4,-461.125,-151.125,-0.189,-0.05002908003351999,2019-07-30T22:54:34.579499Z,h5,18107.95456605323
228,228,2019-07-30 22:54:35.183999+00:00,2019-07-30 22:54:35.188999+00:00,2019-07-30 22:54:35.180999+00:00,2019-07-30 22:54:35.131999+00:00,4,1,56.0,366.0,-0.008,9.000146702979341,2019-07-30T22:54:35.148999Z,h5,18107.95457533564
229,229,2019-07-30 22:54:35.464999+00:00,2019-07-30 22:54:35.421999+00:00,2019-07-30 22:54:35.584999+00:00,2019-07-30 22:54:35.588999+00:00,3,5,31.5,341.5,-0.002,0.2899990740926074,2019-07-30T22:54:35.566999Z,h5,18107.954578599525
230,230,2019-07-30 22:54:40.196999+00:00,2019-07-30 22:54:40.196999+00:00,2019-07-30 22:54:40.101999+00:00,2019-07-30 22:54:40.210999+00:00,3,5,-150.5,159.5,-0.106,0.614764119055966,2019-07-30T22:54:40.187999Z,h5,18107.954632094898
231,231,2019-07-30 22:54:41.720999+00:00,2019-07-30 22:54:41.825999+00:00,2019-07-30 22:54:41.904999+00:00,2019-07-30 22:54:41.864999+00:00,2,3,70.0,380.0,0.04,0.22343495913275452,2019-07-30T22:54:41.864999Z,h5,18107.95465185184
232,232,2019-07-30 22:54:52.699999+00:00,2019-07-30 22:54:52.757999+00:00,2019-07-30 22:54:52.701999+00:00,2019-07-30 22:54:52.754999+00:00,4,1,182.0,492.0,-0.056,1.0060932789791774,2019-07-30T22:54:52.597999Z,h5,18107.95477738425
233,233,2019-07-30 22:55:06.106999+00:00,2019-07-30 22:55:06.106999+00:00,2019-07-30 22:55:05.988999+00:00,2019-07-30 22:55:06.144999+00:00,3,5,-225.75,84.25,-0.149,0.6190038716011794,2019-07-30T22:55:06.117999Z,h5,18107.954932453693
234,234,2019-07-30 22:55:23.802999+00:00,2019-07-30 22:55:23.813999+00:00,2019-07-30 22:55:23.788999+00:00,2019-07-30 22:55:23.930999+00:00,3,5,-194.25,115.75,-0.131,0.38242567957826296,2019-07-30T22:55:23.899999Z,h5,18107.955138194437
235,235,2019-07-30 22:55:52.378999+00:00,2019-07-30 22:55:52.378999+00:00,2019-07-30 22:55:52.378999+00:00,2019-07-30 22:55:52.378999+00:00,0,1,35.0,345.0,0.0,-0.04112559968857151,2019-07-30T22:55:52.358999Z,h5,18107.955467372674
236,236,2019-07-30 22:55:58.942999+00:00,2019-07-30 22:55:59.060999+00:00,2019-07-30 22:55:58.928999+00:00,2019-07-30 22:55:59.048999+00:00,4,1,381.5,691.5,-0.132,1.1086952905733456,2019-07-30T22:55:58.710999Z,h5,18107.955545243043
237,237,2019-07-30 22:55:59.236999+00:00,2019-07-30 22:55:59.237999+00:00,2019-07-30 22:55:59.240999+00:00,2019-07-30 22:55:59.191999+00:00,2,1,32.375,342.375,0.003,0.11574524448433013,2019-07-30T22:55:59.222499Z,h5,18107.955548159716
238,238,2019-07-30 22:55:59.625999+00:00,2019-07-30 22:55:59.626999+00:00,2019-07-30 22:55:59.595999+00:00,2019-07-30 22:55:59.596999+00:00,5,4,191.625,501.625,-0.179,0.19714849335243045,2019-07-30T22:55:59.486499Z,h5,18107.95555318286
239,239,2019-07-30 22:56:03.641999+00:00,2019-07-30 22:56:03.743999+00:00,2019-07-30 22:56:03.837999+00:00,2019-07-30 22:56:03.728999+00:00,4,2,35.0,345.0,0.0,3.847151459526782,2019-07-30T22:56:03.817999Z,h5,18107.955600011563
240,240,2019-07-30 22:56:04.239999+00:00,2019-07-30 22:56:04.239999+00:00,2019-07-30 22:56:04.167999+00:00,2019-07-30 22:56:04.127999+00:00,0,1,-27.999999999999993,282.0,-0.072,-0.06402026343272472,2019-07-30T22:56:04.183999Z,h5,18107.95560466434
241,241,2019-07-30 22:56:05.794999+00:00,2019-07-30 22:56:05.793999+00:00,2019-07-30 22:56:05.894999+00:00,2019-07-30 22:56:05.812999+00:00,2,3,106.75,416.75,0.082,0.12973642788353487,2019-07-30T22:56:05.833999Z,h5,18107.95562405092
242,242,2019-07-30 22:56:33.876999+00:00,2019-07-30 22:56:33.890999+00:00,2019-07-30 22:56:33.896999+00:00,2019-07-30 22:56:34.033999+00:00,3,5,-150.5,159.5,-0.106,0.13312822991970574,2019-07-30T22:56:33.982999Z,h5,18107.955949768508
243,243,2019-07-30 22:56:36.018999+00:00,2019-07-30 22:56:36.159999+00:00,2019-07-30 22:56:36.028999+00:00,2019-07-30 22:56:36.088999+00:00,4,1,378.875,688.875,-0.131,0.7364450171035952,2019-07-30T22:56:35.812499Z,h5,18107.95597442129
244,244,2019-07-30 22:56:36.514999+00:00,2019-07-30 22:56:36.496999+00:00,2019-07-30 22:56:36.541999+00:00,2019-07-30 22:56:36.352999+00:00,4,2,35.0,345.0,0.0,1.3897908843210047,2019-07-30T22:56:36.521999Z,h5,18107.95597859953
245,245,2019-07-30 22:56:36.674999+00:00,2019-07-30 22:56:36.686999+00:00,2019-07-30 22:56:36.648999+00:00,2019-07-30 22:56:36.833999+00:00,3,4,-126.0,184.0,-0.184,0.16747022553593555,2019-07-30T22:56:36.720999Z,h5,18107.955981898136
246,246,2019-07-30 22:56:37.596999+00:00,2019-07-30 22:56:37.598999+00:00,2019-07-30 22:56:37.456999+00:00,2019-07-30 22:56:37.419999+00:00,1,4,-337.74999999999994,-27.749999999999943,-0.142,-0.09327455599469828,2019-07-30T22:56:37.649999Z,h5,18107.955990752303
247,247,2019-07-30 22:56:38.049000+00:00,2019-07-30 22:56:37.851999+00:00,2019-07-30 22:56:37.859999+00:00,2019-07-30 22:56:38.024999+00:00,0,5,-783.125,-473.125,-0.187,-0.08691492717687795,2019-07-30T22:56:38.307499Z,h5,18107.95599596064
248,248,2019-07-30 22:56:38.234999+00:00,2019-07-30 22:56:38.428999+00:00,2019-07-30 22:56:38.231999+00:00,2019-07-30 22:56:38.428999+00:00,1,3,-309.75,0.25,-0.197,-0.07334771903219456,2019-07-30T22:56:38.408999Z,h5,18107.956000358787
249,249,2019-07-30 22:56:51.911999+00:00,2019-07-30 22:56:51.881999+00:00,2019-07-30 22:56:51.813999+00:00,2019-07-30 22:56:51.966999+00:00,5,3,302.75,612.75,-0.153,0.0016959010180854234,2019-07-30T22:56:51.640999Z,h5,18107.95615755786
250,250,2019-07-30 22:56:57.335999+00:00,2019-07-30 22:56:57.335999+00:00,2019-07-30 22:56:57.177999+00:00,2019-07-30 22:56:57.204999+00:00,0,1,-103.25,206.75,-0.158,-0.06571616445081016,2019-07-30T22:56:57.236999Z,h5,18107.956219201376
251,251,2019-07-30 22:56:57.468999+00:00,2019-07-30 22:56:57.468999+00:00,2019-07-30 22:56:57.634999+00:00,2019-07-30 22:56:57.635999+00:00,3,2,35.0,345.0,0.0,1.034075645777587,2019-07-30T22:56:57.614999Z,h5,18107.956222662026
252,252,2019-07-30 22:57:00.261999+00:00,2019-07-30 22:57:00.261999+00:00,2019-07-30 22:57:00.262999+00:00,2019-07-30 22:57:00.077999+00:00,2,0,33.25,343.25,0.001,-0.022046713235110503,2019-07-30T22:57:00.243999Z,h5,18107.95625306712
253,253,2019-07-30 22:57:00.544999+00:00,2019-07-30 22:57:00.741999+00:00,2019-07-30 22:57:00.549999+00:00,2019-07-30 22:57:00.741999+00:00,1,3,-301.0,9.0,-0.192,-0.08988275395852743,2019-07-30T22:57:00.721999Z,h5,18107.9562586111
254,254,2019-07-30 22:57:00.909999+00:00,2019-07-30 22:57:01.106999+00:00,2019-07-30 22:57:00.912999+00:00,2019-07-30 22:57:00.941999+00:00,1,4,-474.25,-164.25,-0.194,-0.04790920376091321,2019-07-30T22:57:01.183999Z,h5,18107.95626283564
255,255,2019-07-30 22:57:01.561999+00:00,2019-07-30 22:57:01.569999+00:00,2019-07-30 22:57:01.565999+00:00,2019-07-30 22:57:01.618999+00:00,4,3,81.375,391.375,-0.053,0.975991035908161,2019-07-30T22:57:01.519499Z,h5,18107.956268993046
256,256,2019-07-30 22:57:01.913999+00:00,2019-07-30 22:57:01.913999+00:00,2019-07-30 22:57:01.814999+00:00,2019-07-30 22:57:01.766999+00:00,5,0,468.125,778.125,-0.099,1.6361205071979124,2019-07-30T22:57:01.547499Z,h5,18107.95627218749
257,257,2019-07-30 22:57:16.215999+00:00,2019-07-30 22:57:16.234999+00:00,2019-07-30 22:57:16.136999+00:00,2019-07-30 22:57:16.073999+00:00,1,4,-222.25,87.75,-0.098,-0.07589157055932269,2019-07-30T22:57:16.263999Z,h5,18107.95643792823
258,258,2019-07-30 22:57:17.921999+00:00,2019-07-30 22:57:17.739999+00:00,2019-07-30 22:57:17.794999+00:00,2019-07-30 22:57:17.922999+00:00,3,4,-77.0,233.0,-0.128,0.056812684105861676,2019-07-30T22:57:17.838999Z,h5,18107.95645747684
259,259,2019-07-30 22:57:24.823999+00:00,2019-07-30 22:57:24.825999+00:00,2019-07-30 22:57:24.701999+00:00,2019-07-30 22:57:24.701999+00:00,1,4,-290.5,19.5,-0.124,-0.07758747157740811,2019-07-30T22:57:24.867999Z,h5,18107.956537372676
260,260,2019-07-30 22:57:30.105999+00:00,2019-07-30 22:57:30.102999+00:00,2019-07-30 22:57:29.911999+00:00,2019-07-30 22:57:29.988999+00:00,0,4,-644.0,-334.0,-0.194,-0.035613921379793884,2019-07-30T22:57:30.279999Z,h5,18107.956598483783
261,261,2019-07-30 22:57:30.283999+00:00,2019-07-30 22:57:30.283999+00:00,2019-07-30 22:57:30.381999+00:00,2019-07-30 22:57:30.327999+00:00,2,3,82.25,392.25,0.054,0.7550999283025348,2019-07-30T22:57:30.334999Z,h5,18107.95660167823
262,262,2019-07-30 22:57:30.727999+00:00,2019-07-30 22:57:30.606999+00:00,2019-07-30 22:57:30.703999+00:00,2019-07-30 22:57:30.727999+00:00,0,3,-28.0,282.0,-0.024,-0.10005816006703998,2019-07-30T22:57:30.719999Z,h5,18107.956605671287
263,263,2019-07-30 22:57:36.827999+00:00,2019-07-30 22:57:36.827999+00:00,2019-07-30 22:57:36.652999+00:00,2019-07-30 22:57:36.833999+00:00,3,4,-122.5,187.5,-0.18,0.08988275395852743,2019-07-30T22:57:36.722999Z,h5,18107.956676342583
264,264,2019-07-30 22:57:37.213999+00:00,2019-07-30 22:57:37.213999+00:00,2019-07-30 22:57:37.091999+00:00,2019-07-30 22:57:37.029999+00:00,4,0,462.0,772.0,-0.122,2.9775782125034818,2019-07-30T22:57:36.827999Z,h5,18107.956680810174
265,265,2019-07-30 22:57:37.429999+00:00,2019-07-30 22:57:37.526999+00:00,2019-07-30 22:57:37.444999+00:00,2019-07-30 22:57:37.432999+00:00,4,5,-111.125,198.875,-0.167,2.1783848577307263,2019-07-30T22:57:37.508499Z,h5,18107.95668542823
266,266,2019-07-30 22:57:43.746999+00:00,2019-07-30 22:57:43.782999+00:00,2019-07-30 22:57:43.924999+00:00,2019-07-30 22:57:43.925999+00:00,3,2,35.0,345.0,0.0,0.0008479505090427117,2019-07-30T22:57:43.904999Z,h5,18107.95675842592
267,267,2019-07-30 22:57:48.823999+00:00,2019-07-30 22:57:48.822999+00:00,2019-07-30 22:57:48.803999+00:00,2019-07-30 22:57:48.832999+00:00,3,4,10.5,320.5,-0.028,-0.010599381363033896,2019-07-30T22:57:48.797999Z,h5,18107.95681521989
268,268,2019-07-30 22:57:49.203999+00:00,2019-07-30 22:57:49.189999+00:00,2019-07-30 22:57:49.209999+00:00,2019-07-30 22:57:49.209999+00:00,2,3,35.0,345.0,0.0,0.00805552983590576,2019-07-30T22:57:49.189999Z,h5,18107.956819594896
269,269,2019-07-30 22:57:49.795999+00:00,2019-07-30 22:57:49.795999+00:00,2019-07-30 22:57:49.607999+00:00,2019-07-30 22:57:49.793999+00:00,4,0,693.0,1003.0,-0.188,4.096024933930819,2019-07-30T22:57:49.211999Z,h5,18107.956826469897
270,270,2019-07-30 22:57:51.108999+00:00,2019-07-30 22:57:51.103999+00:00,2019-07-30 22:57:51.109999+00:00,2019-07-30 22:57:50.928999+00:00,2,0,33.25,343.25,0.001,-0.04451740172474236,2019-07-30T22:57:51.090999Z,h5,18107.956841574065
271,271,2019-07-30 22:57:51.782999+00:00,2019-07-30 22:57:51.782999+00:00,2019-07-30 22:57:51.608999+00:00,2019-07-30 22:57:51.593999+00:00,0,1,-117.25,192.75,-0.174,-0.11277741770268064,2019-07-30T22:57:51.675999Z,h5,18107.95684937499
272,272,2019-07-30 22:57:52.184999+00:00,2019-07-30 22:57:52.051999+00:00,2019-07-30 22:57:52.161999+00:00,2019-07-30 22:57:52.103999+00:00,0,2,35.0,345.0,0.0,-0.055540758342297616,2019-07-30T22:57:52.141999Z,h5,18107.95685403934
273,273,2019-07-30 22:57:55.879999+00:00,2019-07-30 22:57:55.879999+00:00,2019-07-30 22:57:55.879999+00:00,2019-07-30 22:57:55.879999+00:00,0,1,35.0,345.0,0.0,-0.07758747157740811,2019-07-30T22:57:55.859999Z,h5,18107.9568967824
274,274,2019-07-30 22:58:02.452999+00:00,2019-07-30 22:58:02.452999+00:00,2019-07-30 22:58:02.278999+00:00,2019-07-30 22:58:02.451999+00:00,0,1,-117.25,192.75,-0.174,-0.07037989225054506,2019-07-30T22:58:02.345999Z,h5,18107.95697299768
275,275,2019-07-30 22:58:02.790999+00:00,2019-07-30 22:58:02.790999+00:00,2019-07-30 22:58:02.802999+00:00,2019-07-30 22:58:02.802999+00:00,2,3,35.0,345.0,0.0,0.4625570026827992,2019-07-30T22:58:02.782999Z,h5,18107.95697690971
276,276,2019-07-30 22:58:03.293999+00:00,2019-07-30 22:58:03.293999+00:00,2019-07-30 22:58:03.208999+00:00,2019-07-30 22:58:03.345999+00:00,3,4,-49.875,260.125,-0.097,0.1534790421367308,2019-07-30T22:58:03.237499Z,h5,18107.956983206008
277,277,2019-07-30 22:58:12.743999+00:00,2019-07-30 22:58:12.546999+00:00,2019-07-30 22:58:12.659999+00:00,2019-07-30 22:58:12.610999+00:00,0,4,-430.5,-50.5,-0.133,-0.08309914988618573,2019-07-30T22:58:12.856999Z,h6,18107.957091967583
278,278,2019-07-30 22:58:20.562999+00:00,2019-07-30 22:58:20.558999+00:00,2019-07-30 22:58:20.680999+00:00,2019-07-30 22:58:20.648999+00:00,2,5,-43.75,336.25,-0.03,0.0508770305425627,2019-07-30T22:58:20.673999Z,h6,18107.957183831008
279,279,2019-07-30 22:58:53.487999+00:00,2019-07-30 22:58:53.509999+00:00,2019-07-30 22:58:53.359999+00:00,2019-07-30 22:58:53.359999+00:00,5,1,560.0,940.0,-0.15,0.6368108322910764,2019-07-30T22:58:53.039999Z,h6,18107.95756398147
280,280,2019-07-30 22:59:00.865999+00:00,2019-07-30 22:59:00.984999+00:00,2019-07-30 22:59:00.799999+00:00,2019-07-30 22:59:00.867999+00:00,1,4,-25.375,354.625,-0.023,-0.11023356617555252,2019-07-30T22:59:00.882499Z,h6,18107.957650312488
281,281,2019-07-30 22:59:01.368999+00:00,2019-07-30 22:59:01.368999+00:00,2019-07-30 22:59:01.368999+00:00,2019-07-30 22:59:01.190999+00:00,0,1,-120.75,259.25,-0.178,-0.08606697666783523,2019-07-30T22:59:01.259999Z,h6,18107.95765475693
282,282,2019-07-30 22:59:06.685999+00:00,2019-07-30 22:59:06.489999+00:00,2019-07-30 22:59:06.508999+00:00,2019-07-30 22:59:06.508999+00:00,0,5,-739.375,-359.375,-0.177,-0.06147641190559659,2019-07-30T22:59:06.931499Z,h6,18107.957716307857
283,283,2019-07-30 22:59:10.514999+00:00,2019-07-30 22:59:10.514999+00:00,2019-07-30 22:59:10.368999+00:00,2019-07-30 22:59:10.369999+00:00,4,0,542.5,922.5,-0.145,4.135454632601305,2019-07-30T22:59:10.059999Z,h6,18107.95776108795
284,284,2019-07-30 22:59:14.884999+00:00,2019-07-30 22:59:14.884999+00:00,2019-07-30 22:59:14.780999+00:00,2019-07-30 22:59:14.690999+00:00,0,1,-134.75,245.25,-0.194,-0.07080386750506641,2019-07-30T22:59:14.767999Z,h6,18107.95781119212
285,285,2019-07-30 22:59:15.184999+00:00,2019-07-30 22:59:15.184999+00:00,2019-07-30 22:59:14.990999+00:00,2019-07-30 22:59:15.184999+00:00,0,1,35.0,415.0,0.0,-0.07419566954123727,2019-07-30T22:59:15.164999Z,h6,18107.95781466434
286,286,2019-07-30 22:59:17.707999+00:00,2019-07-30 22:59:17.707999+00:00,2019-07-30 22:59:17.541999+00:00,2019-07-30 22:59:17.541999+00:00,0,1,-110.25,269.75,-0.166,-0.08225119937714302,2019-07-30T22:59:17.604999Z,h6,18107.9578439236
287,287,2019-07-30 22:59:27.442999+00:00,2019-07-30 22:59:27.245999+00:00,2019-07-30 22:59:27.247999+00:00,2019-07-30 22:59:27.274999+00:00,0,5,-686.875,-306.875,-0.165,-0.13016040313805624,2019-07-30T22:59:27.667499Z,h6,18107.95795653934
288,288,2019-07-30 22:59:30.662999+00:00,2019-07-30 22:59:30.655999+00:00,2019-07-30 22:59:30.465999+00:00,2019-07-30 22:59:30.465999+00:00,0,1,-131.25,248.75,-0.19,-0.07249976852315185,2019-07-30T22:59:30.540999Z,h6,18107.957993807857
289,289,2019-07-30 22:59:31.049999+00:00,2019-07-30 22:59:31.048999+00:00,2019-07-30 22:59:31.114999+00:00,2019-07-30 22:59:30.923999+00:00,5,2,536.375,916.375,-0.191,2.121996148879386,2019-07-30T22:59:30.617499Z,h6,18107.957999074064
290,290,2019-07-30 22:59:31.509999+00:00,2019-07-30 22:59:31.509999+00:00,2019-07-30 22:59:31.374999+00:00,2019-07-30 22:59:31.374999+00:00,5,0,625.6250000000001,1005.6250000000001,-0.135,0.7101585513232711,2019-07-30T22:59:31.017499Z,h6,18107.958004224525
291,291,2019-07-30 22:59:31.806999+00:00,2019-07-30 22:59:31.825999+00:00,2019-07-30 22:59:31.799999+00:00,2019-07-30 22:59:31.986999+00:00,3,4,35.0,415.0,0.0,0.05766063461490439,2019-07-30T22:59:31.966999Z,h6,18107.958009131933
292,292,2019-07-30 22:59:32.149999+00:00,2019-07-30 22:59:32.255999+00:00,2019-07-30 22:59:32.148999+00:00,2019-07-30 22:59:32.149999+00:00,5,1,406.0,786.0,-0.106,0.5643110637679245,2019-07-30T22:59:31.917999Z,h6,18107.958013171283
293,293,2019-07-30 22:59:32.912999+00:00,2019-07-30 22:59:32.912999+00:00,2019-07-30 22:59:32.915999+00:00,2019-07-30 22:59:32.724999+00:00,2,0,364.0,744.0,-0.188,0.09242660548565557,2019-07-30T22:59:32.516999Z,h6,18107.95801988425
294,294,2019-07-30 22:59:37.052999+00:00,2019-07-30 22:59:37.054999+00:00,2019-07-30 22:59:36.921999+00:00,2019-07-30 22:59:36.921999+00:00,5,1,500.5,880.5,-0.133,1.4707701579345833,2019-07-30T22:59:36.635999Z,h6,18107.958068483786
295,295,2019-07-30 22:59:41.183999+00:00,2019-07-30 22:59:41.192999+00:00,2019-07-30 22:59:41.223999+00:00,2019-07-30 22:59:41.223999+00:00,2,3,35.0,415.0,0.0,0.04451740172474236,2019-07-30T22:59:41.203999Z,h6,18107.958116041656
296,296,2019-07-30 22:59:41.715999+00:00,2019-07-30 22:59:41.616999+00:00,2019-07-30 22:59:41.591999+00:00,2019-07-30 22:59:41.591999+00:00,5,0,577.5,957.5,-0.124,0.8521902615879252,2019-07-30T22:59:41.261999Z,h6,18107.958122465265
297,297,2019-07-30 22:59:41.957999+00:00,2019-07-30 22:59:42.106999+00:00,2019-07-30 22:59:42.154999+00:00,2019-07-30 22:59:41.957999+00:00,2,5,-479.5,-99.5,-0.196,0.11235344244815929,2019-07-30T22:59:42.231999Z,h6,18107.95812681712
298,298,2019-07-30 22:59:45.875999+00:00,2019-07-30 22:59:45.879999+00:00,2019-07-30 22:59:45.747999+00:00,2019-07-30 22:59:45.779999+00:00,4,1,297.5,677.5,-0.1,0.7902898744278073,2019-07-30T22:59:45.609999Z,h6,18107.958170682858
299,299,2019-07-30 22:59:49.316999+00:00,2019-07-30 22:59:49.316999+00:00,2019-07-30 22:59:49.143999+00:00,2019-07-30 22:59:49.143999+00:00,0,1,-116.375,263.625,-0.173,-0.09581840752182642,2019-07-30T22:59:49.210499Z,h6,18107.958209733784
300,300,2019-07-30 22:59:51.008999+00:00,2019-07-30 22:59:51.008999+00:00,2019-07-30 22:59:50.818999+00:00,2019-07-30 22:59:50.819999+00:00,0,1,-130.375,249.625,-0.189,-0.07885939734097218,2019-07-30T22:59:50.894499Z,h6,18107.95822931712
301,301,2019-07-30 22:59:51.154999+00:00,2019-07-30 22:59:51.153999+00:00,2019-07-30 22:59:51.331999+00:00,2019-07-30 22:59:51.331999+00:00,2,3,35.0,415.0,0.0,0.8967076633126676,2019-07-30T22:59:51.311999Z,h6,18107.9582330324
302,302,2019-07-30 22:59:52.176999+00:00,2019-07-30 22:59:52.176999+00:00,2019-07-30 22:59:52.128999+00:00,2019-07-30 22:59:52.014999+00:00,0,1,-106.75,273.25,-0.162,-0.08521902615879252,2019-07-30T22:59:52.075999Z,h6,18107.958242939803
303,303,2019-07-30 22:59:57.613999+00:00,2019-07-30 22:59:57.516999+00:00,2019-07-30 22:59:57.538999+00:00,2019-07-30 22:59:57.535999+00:00,0,2,29.75,409.75,-0.003,-0.07122784275958777,2019-07-30T22:59:57.518999Z,h6,18107.958306898137
304,304,2019-07-30 23:00:00.206999+00:00,2019-07-30 23:00:00.274999+00:00,2019-07-30 23:00:00.181999+00:00,2019-07-30 23:00:00.181999+00:00,5,1,360.5,740.5,-0.093,0.5303930434062162,2019-07-30T22:59:59.975999Z,h6,18107.95833773147
305,305,2019-07-30 23:00:11.088999+00:00,2019-07-30 23:00:11.074999+00:00,2019-07-30 23:00:11.176999+00:00,2019-07-30 23:00:11.176999+00:00,2,3,35.0,415.0,0.0,0.06953194174150235,2019-07-30T23:00:11.156999Z,h6,18107.958462719896
306,306,2019-07-30 23:00:26.785999+00:00,2019-07-30 23:00:26.775999+00:00,2019-07-30 23:00:26.727999+00:00,2019-07-30 23:00:26.727999+00:00,5,0,288.75,668.75,-0.058,1.4555070487718145,2019-07-30T23:00:26.562999Z,h6,18107.95864491897
307,307,2019-07-30 23:00:27.198999+00:00,2019-07-30 23:00:27.189999+00:00,2019-07-30 23:00:27.050999+00:00,2019-07-30 23:00:27.053999+00:00,0,1,-84.00000000000001,296.0,-0.136,-0.0729237437776732,2019-07-30T23:00:27.101999Z,h6,18107.95864872684
308,308,2019-07-30 23:00:27.461999+00:00,2019-07-30 23:00:27.460999+00:00,2019-07-30 23:00:27.400999+00:00,2019-07-30 23:00:27.348999+00:00,5,0,529.375,909.375,-0.113,0.6567376692535801,2019-07-30T23:00:27.046499Z,h6,18107.958652071746
309,309,2019-07-30 23:00:27.941999+00:00,2019-07-30 23:00:27.979999+00:00,2019-07-30 23:00:27.800999+00:00,2019-07-30 23:00:27.799999+00:00,1,5,-521.5,-141.5,-0.159,-0.09539443226730507,2019-07-30T23:00:28.097999Z,h6,18107.958657199066
310,310,2019-07-30 23:00:36.610999+00:00,2019-07-30 23:00:36.618999+00:00,2019-07-30 23:00:36.610999+00:00,2019-07-30 23:00:36.528999+00:00,4,5,-87.50000000000001,292.5,-0.14,0.04536535223378507,2019-07-30T23:00:36.578999Z,h6,18107.958758425917
311,311,2019-07-30 23:00:46.208999+00:00,2019-07-30 23:00:46.208999+00:00,2019-07-30 23:00:46.012999+00:00,2019-07-30 23:00:46.012999+00:00,0,1,-136.5,243.5,-0.196,-0.08394710039522846,2019-07-30T23:00:46.090999Z,h6,18107.958868182857
312,312,2019-07-30 23:00:46.424999+00:00,2019-07-30 23:00:46.415999+00:00,2019-07-30 23:00:46.355999+00:00,2019-07-30 23:00:46.464999+00:00,3,4,35.0,415.0,0.0,0.19163681504365285,2019-07-30T23:00:46.444999Z,h6,18107.95887114582
313,313,2019-07-30 23:00:50.004999+00:00,2019-07-30 23:00:50.001999+00:00,2019-07-30 23:00:49.873999+00:00,2019-07-30 23:00:49.873999+00:00,5,0,608.125,988.125,-0.131,0.5041065776258921,2019-07-30T23:00:49.526499Z,h6,18107.95891284721
314,314,2019-07-30 23:00:53.623999+00:00,2019-07-30 23:00:53.617999+00:00,2019-07-30 23:00:53.611999+00:00,2019-07-30 23:00:53.611999+00:00,0,1,29.75,409.75,-0.006,-0.07631554581384405,2019-07-30T23:00:53.594999Z,h6,18107.958955868045
315,315,2019-07-30 23:00:55.752999+00:00,2019-07-30 23:00:55.637999+00:00,2019-07-30 23:00:55.639999+00:00,2019-07-30 23:00:55.639999+00:00,5,0,529.375,909.375,-0.113,1.0179645861057753,2019-07-30T23:00:55.337499Z,h6,18107.958979594896
316,316,2019-07-30 23:00:56.360999+00:00,2019-07-30 23:00:56.361999+00:00,2019-07-30 23:00:56.192999+00:00,2019-07-30 23:00:56.192999+00:00,5,1,626.5,1006.5,-0.169,0.8988275395852743,2019-07-30T23:00:55.834999Z,h6,18107.9589857986
317,317,2019-07-30 23:00:56.541999+00:00,2019-07-30 23:00:56.545999+00:00,2019-07-30 23:00:56.498999+00:00,2019-07-30 23:00:56.500999+00:00,4,5,-131.25,248.75,-0.19,0.20944377573354978,2019-07-30T23:00:56.575999Z,h6,18107.95898956017
318,318,2019-07-30 23:00:57.010999+00:00,2019-07-30 23:00:56.994999+00:00,2019-07-30 23:00:56.824999+00:00,2019-07-30 23:00:56.872999+00:00,0,1,-71.75,308.25,-0.122,-0.07928337259549353,2019-07-30T23:00:56.913999Z,h6,18107.958993333323
319,319,2019-07-30 23:00:57.320999+00:00,2019-07-30 23:00:57.340999+00:00,2019-07-30 23:00:57.240999+00:00,2019-07-30 23:00:57.240999+00:00,5,1,385.0,765.0,-0.1,2.0308414691572945,2019-07-30T23:00:57.020999Z,h6,18107.958998090267
320,320,2019-07-30 23:00:57.816999+00:00,2019-07-30 23:00:57.814999+00:00,2019-07-30 23:00:57.879999+00:00,2019-07-30 23:00:57.766999+00:00,2,4,-162.75,217.25,-0.113,0.12083294753858641,2019-07-30T23:00:57.859999Z,h6,18107.95900326388
321,321,2019-07-30 23:00:58.237999+00:00,2019-07-30 23:00:58.142999+00:00,2019-07-30 23:00:58.145999+00:00,2019-07-30 23:00:58.339999+00:00,3,4,35.0,415.0,0.0,0.12888847737449216,2019-07-30T23:00:58.319999Z,h6,18107.95900858795
322,322,2019-07-30 23:00:58.687999+00:00,2019-07-30 23:00:58.681999+00:00,2019-07-30 23:00:58.525999+00:00,2019-07-30 23:00:58.722999+00:00,3,5,38.5,418.5,0.002,0.151359165864124,2019-07-30T23:00:58.700999Z,h6,18107.95901302082
323,323,2019-07-30 23:00:59.642999+00:00,2019-07-30 23:00:59.642999+00:00,2019-07-30 23:00:59.524999+00:00,2019-07-30 23:00:59.524999+00:00,5,0,551.25,931.25,-0.118,1.6556233689058946,2019-07-30T23:00:59.209999Z,h6,18107.959024444437
324,324,2019-07-30 23:01:00.553999+00:00,2019-07-30 23:01:00.610999+00:00,2019-07-30 23:01:00.419999+00:00,2019-07-30 23:01:00.419999+00:00,1,5,-605.5,-225.5,-0.183,-0.07419566954123727,2019-07-30T23:01:00.765999Z,h6,18107.959034872674
