,Unnamed: 0,id,datetime,obs_dt,phone_number,arrival_hydrophone,relative_depth,depth,max_amp,second_hydrophone,t1,t2,origin_time,t,ct
0,0,0,18107.940725659715,2019-07-30T22:34:38.534999Z,3,h3,-23.625,146.375,0.4835541366096442,h4,0.198,0.265,2019-07-30 22:34:38.548499+00:00,0.0,0.0
1,1,1,18107.940827037022,2019-07-30T22:34:47.315998Z,3,h3,-22.75,147.25,0.7108755317928845,h4,0.154,0.22,2019-07-30 22:34:47.328998+00:00,8.780499,8.780499
2,2,2,18107.94082677082,2019-07-30T22:34:47.393999Z,3,h3,-22.749999999999996,147.25,0.7108755317928845,h4,0.076,0.142,2019-07-30 22:34:47.406999+00:00,0.078001,8.858500000000001
3,3,3,18107.94083244212,2019-07-30T22:34:47.723999Z,3,h3,77.875,247.875,0.5041573131223888,h4,0.078,0.029,2019-07-30 22:34:47.679499+00:00,0.2725,9.131000000000002
4,4,4,18107.94084653934,2019-07-30T22:34:48.979999Z,3,h3,-22.75,147.25,0.9502784771398244,h4,0.198,0.264,2019-07-30 22:34:48.992999+00:00,1.3135,10.444500000000001
5,5,5,18107.94084653934,2019-07-30T22:34:49.309999Z,3,h3,77.00000000000001,247.0,0.6844663816734416,h4,0.199,0.151,2019-07-30 22:34:49.265999+00:00,0.273,10.717500000000001
6,6,6,18107.941236377304,2019-07-30T22:35:22.660999Z,3,h3,-21.875,148.125,1.0475986734511364,h4,0.2,0.265,2019-07-30 22:35:22.673499+00:00,33.4075,44.125
7,7,7,18107.94123626157,2019-07-30T22:35:22.991999Z,3,h3,77.87500000000001,247.875,0.5847674091300181,h4,0.199,0.15,2019-07-30 22:35:22.947499+00:00,0.274,44.399
8,8,8,18107.9421748148,2019-07-30T22:36:43.757998Z,3,h3,-7.105427357601002e-15,170.0,0.7359313195904933,h4,0.187,0.227,2019-07-30 22:36:43.757998+00:00,80.810499,125.209499
9,9,9,18107.942302523134,2019-07-30T22:36:54.780999Z,3,h3,-0.8749999999999858,169.125,0.6197547920965732,h4,0.197,0.238,2019-07-30 22:36:54.781499+00:00,11.023501,136.233
10,10,10,18107.944069675912,2019-07-30T22:39:27.466999Z,3,h3,1.750000000000021,171.75000000000003,4.304392982027832,h4,0.342,0.38,2019-07-30 22:39:27.465999+00:00,152.6845,288.9175
11,11,11,18107.94407131943,2019-07-30T22:39:27.608999Z,3,h3,1.4210854715202004e-14,170.0,4.304392982027832,h4,0.198,0.238,2019-07-30 22:39:27.608999+00:00,0.143,289.0605
12,12,12,18107.94407131943,2019-07-30T22:39:27.750999Z,3,h3,0.0,170.0,4.304392982027832,h4,0.056,0.096,2019-07-30 22:39:27.750999+00:00,0.034,289.2025
14,14,14,18107.944083240727,2019-07-30T22:39:28.638999Z,3,h3,-7.105427357601002e-15,170.0,2.932311841224656,h4,0.178,0.218,2019-07-30 22:39:28.638999+00:00,0.888,290.09049999999996
15,15,15,18107.944083240727,2019-07-30T22:39:28.776999Z,3,h3,0.0,170.0,2.932311841224656,h4,0.04,0.08,2019-07-30 22:39:28.776999+00:00,0.138,290.22849999999994
16,16,16,18107.944091585632,2019-07-30T22:39:29.359998Z,3,h3,-0.8749999999999858,169.125,0.8438596191972096,h4,0.199,0.24,2019-07-30 22:39:29.360498+00:00,0.583499,290.81199899999996
17,17,17,18107.94409417823,2019-07-30T22:39:29.583999Z,3,h3,1.4210854715202004e-14,170.0,1.806728380129972,h4,0.2,0.24,2019-07-30 22:39:29.583999+00:00,0.223501,291.03549999999996
18,18,18,18107.94445787036,2019-07-30T22:40:01.070999Z,3,h3,1.750000000000021,171.75000000000003,2.111310642993844,h4,0.137,0.175,2019-07-30 22:40:01.069999+00:00,31.486,322.52149999999995
19,19,19,18107.944510879617,2019-07-30T22:40:05.588998Z,3,h3,1.4210854715202004e-14,170.0,2.3002557519524736,h4,0.198,0.238,2019-07-30 22:40:05.588998+00:00,4.518999,327.04049899999995
20,20,20,18107.944510879617,2019-07-30T22:40:05.681999Z,3,h3,7.105427357601002e-15,170.0,2.3002557519524736,h4,0.105,0.145,2019-07-30 22:40:05.681999+00:00,0.093001,327.13349999999997
21,21,21,18107.944510868045,2019-07-30T22:40:05.902999Z,3,h3,70.875,240.875,1.6801362862322178,h4,0.198,0.157,2019-07-30 22:40:05.862499+00:00,0.1805,327.31399999999996
22,22,22,18107.94462884258,2019-07-30T22:40:15.785999Z,3,h3,-2.625000000000007,167.375,0.5554825513845203,h4,0.191,0.234,2019-07-30 22:40:15.787499+00:00,9.925,337.239
23,23,23,18107.94463159721,2019-07-30T22:40:16.018999Z,3,h3,1.4210854715202004e-14,170.0,1.8044810725447145,h4,0.198,0.238,2019-07-30 22:40:16.018999+00:00,0.2315,337.47049999999996
24,24,24,18107.944762199066,2019-07-30T22:40:27.307999Z,3,h3,-7.874999999999993,162.125,0.5031407072506489,h4,0.199,0.248,2019-07-30 22:40:27.312499+00:00,11.2935,348.76399999999995
25,25,25,18107.94504475693,2019-07-30T22:40:51.716999Z,3,h3,1.4210854715202004e-14,170.0,2.688602474159498,h4,0.198,0.238,2019-07-30 22:40:51.716999+00:00,24.4045,373.16849999999994
26,26,26,18107.945055706008,2019-07-30T22:40:52.662999Z,3,h3,-1.7499999999999858,168.25,1.8650700193669896,h4,0.198,0.24,2019-07-30 22:40:52.663999+00:00,0.947,374.11549999999994
27,27,27,18107.945072766197,2019-07-30T22:40:54.136999Z,3,h3,1.4210854715202004e-14,170.0,2.6988648821791883,h4,0.2,0.24,2019-07-30 22:40:54.136999+00:00,1.4729999999999999,375.58849999999995
28,28,28,18107.945077696742,2019-07-30T22:40:54.513999Z,3,h3,116.375,286.375,0.5219771309837666,h4,0.186,0.093,2019-07-30 22:40:54.447499+00:00,0.3105,375.89899999999994
29,29,29,18107.94508284721,2019-07-30T22:40:55.024999Z,3,h3,-7.105427357601002e-15,170.0,1.0918041767380084,h4,0.16,0.2,2019-07-30 22:40:55.024999+00:00,0.5775,376.47649999999993
30,30,30,18107.945744062486,2019-07-30T22:41:52.138998Z,3,h3,1.4210854715202004e-14,170.0,1.719101422302217,h4,0.198,0.238,2019-07-30 22:41:52.138998+00:00,57.113999,433.5904989999999
31,31,31,18107.94608412036,2019-07-30T22:42:21.504999Z,3,h3,-7.105427357601002e-15,170.0,2.5359728821509058,h4,0.192,0.232,2019-07-30 22:42:21.504999+00:00,29.366001,462.9564999999999
32,32,32,18107.94608386573,2019-07-30T22:42:21.793999Z,3,h3,1.4210854715202004e-14,170.0,1.582962476317464,h4,0.198,0.238,2019-07-30 22:42:21.793999+00:00,0.289,463.2454999999999
33,33,33,18107.946091747675,2019-07-30T22:42:22.155999Z,3,h3,1.4210854715202004e-14,170.0,2.8214492949033296,h4,0.2,0.24,2019-07-30 22:42:22.155999+00:00,0.362,463.6074999999999
34,34,34,18107.946333206008,2019-07-30T22:42:43.042999Z,3,h3,-7.874999999999993,162.125,0.5744270263580092,h4,0.2,0.249,2019-07-30 22:42:43.047499+00:00,20.8915,484.4989999999999
35,35,35,18107.946551724526,2019-07-30T22:43:01.921998Z,3,h3,1.4210854715202004e-14,170.0,12.984892363646154,h4,0.2,0.24,2019-07-30 22:43:01.921998+00:00,18.874499,503.3734989999999
36,36,36,18107.946551724526,2019-07-30T22:43:02.002999Z,3,h3,1.749999999999993,171.75,12.984892363646154,h4,0.119,0.157,2019-07-30 22:43:02.001999+00:00,0.080001,503.4534999999999
37,37,37,18107.946551724523,2019-07-30T22:43:02.125999Z,3,h3,10.499999999999996,180.5,2.9320941835143373,h4,0.006,0.034,2019-07-30 22:43:02.119999+00:00,0.118,503.5714999999999
39,39,39,18107.946558946747,2019-07-30T22:43:02.546999Z,3,h3,1.750000000000021,171.75000000000003,4.198146824032441,h4,0.2,0.238,2019-07-30 22:43:02.545999+00:00,0.131,503.9974999999999
40,40,40,18107.946558946747,2019-07-30T22:43:02.676999Z,3,h3,0.8750000000000071,170.875,4.198146824032441,h4,0.068,0.107,2019-07-30 22:43:02.676499+00:00,0.067,504.1279999999999
43,43,43,18107.946889212955,2019-07-30T22:43:31.080999Z,3,h3,1.4210854715202004e-14,170.0,11.153351427539675,h4,0.2,0.24,2019-07-30 22:43:31.080999+00:00,28.306,532.5324999999999
44,44,44,18107.94688921295,2019-07-30T22:43:31.160999Z,3,h3,1.749999999999993,171.75,11.153351427539675,h4,0.12,0.158,2019-07-30 22:43:31.159999+00:00,0.079,532.6114999999999
45,45,45,18107.94688921295,2019-07-30T22:43:31.244999Z,3,h3,1.75,171.75,11.153351427539675,h4,0.036,0.074,2019-07-30 22:43:31.243999+00:00,0.084,532.6954999999998
47,47,47,18107.94695130786,2019-07-30T22:43:36.463999Z,3,h3,-7.105427357601002e-15,170.0,8.775505456202604,h4,0.182,0.222,2019-07-30 22:43:36.463999+00:00,0.0045,537.9154999999998
48,48,48,18107.94695130785,2019-07-30T22:43:36.546999Z,3,h3,-7.105427357601002e-15,170.0,8.775505456202604,h4,0.099,0.139,2019-07-30 22:43:36.546999+00:00,0.083,537.9984999999998
50,50,50,18107.946955868043,2019-07-30T22:43:36.788998Z,3,h3,35.875,205.875,1.640246276400933,h4,0.399,0.398,2019-07-30 22:43:36.768498+00:00,0.221499,538.2199989999998
51,51,51,18107.946953009246,2019-07-30T22:43:36.937999Z,3,h3,35.0,205.0,0.5624937586159513,h4,0.398,0.398,2019-07-30 22:43:36.917999+00:00,0.149501,538.3694999999998
52,52,52,18107.946954675917,2019-07-30T22:43:37.081999Z,3,h3,77.87500000000003,247.87500000000003,0.5624937586159513,h4,0.399,0.35,2019-07-30 22:43:37.037499+00:00,0.1195,538.4889999999998
53,53,53,18107.94720406249,2019-07-30T22:43:58.312999Z,3,h3,4.3749999999999964,174.375,6.514704216291707,h4,0.198,0.233,2019-07-30 22:43:58.310499+00:00,21.273,559.7619999999998
54,54,54,18107.94720406249,2019-07-30T22:43:58.395999Z,3,h3,4.375000000000011,174.375,6.514704216291707,h4,0.115,0.15,2019-07-30 22:43:58.393499+00:00,0.083,559.8449999999998
56,56,56,18107.94722086804,2019-07-30T22:43:59.742999Z,3,h3,4.3749999999999964,174.375,2.340659423920941,h4,0.198,0.233,2019-07-30 22:43:59.740499+00:00,0.937,561.1919999999998
57,57,57,18107.94735322916,2019-07-30T22:44:11.206999Z,3,h3,7.0,177.0,13.99364171043863,h4,0.198,0.23,2019-07-30 22:44:11.202999+00:00,11.4625,572.6544999999998
58,58,58,18107.94735322916,2019-07-30T22:44:11.284999Z,3,h3,7.0,177.0,13.99364171043863,h4,0.12,0.152,2019-07-30 22:44:11.280999+00:00,0.078,572.7324999999997
59,59,59,18107.947353229152,2019-07-30T22:44:11.384999Z,3,h3,3.500000000000004,173.5,13.99364171043863,h4,0.015,0.051,2019-07-30 22:44:11.382999+00:00,0.102,572.8344999999997
60,60,60,18107.94735322916,2019-07-30T22:44:11.475999Z,3,h3,35.0,205.0,1.6422695582452245,h4,0.399,0.399,2019-07-30 22:44:11.455999+00:00,0.073,572.9074999999997
61,61,61,18107.94737166665,2019-07-30T22:44:12.752999Z,3,h3,7.875,177.875,5.306428670928783,h4,0.198,0.229,2019-07-30 22:44:12.748499+00:00,1.2925,574.1999999999997
62,62,62,18107.947371145823,2019-07-30T22:44:12.863999Z,3,h3,7.875,177.875,5.306428670928783,h4,0.087,0.118,2019-07-30 22:44:12.859499+00:00,0.111,574.3109999999997
63,63,63,18107.947371145823,2019-07-30T22:44:12.970999Z,3,h3,34.125,204.125,0.8087541635394554,h4,0.398,0.399,2019-07-30 22:44:12.951499+00:00,0.092,574.4029999999997
64,64,64,18107.94741436341,2019-07-30T22:44:16.495999Z,3,h3,7.0,177.0,4.005118814271375,h4,0.198,0.23,2019-07-30 22:44:16.491999+00:00,3.5404999999999998,577.9434999999996
65,65,65,18107.94741436341,2019-07-30T22:44:16.570999Z,3,h3,7.0,177.0,4.005118814271375,h4,0.123,0.155,2019-07-30 22:44:16.566999+00:00,0.075,578.0184999999997
66,66,66,18107.94742045137,2019-07-30T22:44:17.229999Z,3,h3,8.75,178.75,6.519487139463266,h4,0.198,0.228,2019-07-30 22:44:17.224999+00:00,0.658,578.6764999999997
67,67,67,18107.947420393502,2019-07-30T22:44:17.316999Z,3,h3,8.750000000000014,178.75,6.519487139463266,h4,0.111,0.141,2019-07-30 22:44:17.311999+00:00,0.087,578.7634999999997
68,68,68,18107.94742975693,2019-07-30T22:44:17.773998Z,3,h3,8.75,178.75,12.757782046491888,h4,0.198,0.228,2019-07-30 22:44:17.768998+00:00,0.456999,579.2204989999997
69,69,69,18107.9474291898,2019-07-30T22:44:17.999999Z,3,h3,42.87500000000001,212.875,1.1346197843014143,h4,0.399,0.39,2019-07-30 22:44:17.975499+00:00,0.206501,579.4269999999997
70,70,70,18107.947481805542,2019-07-30T22:44:22.316999Z,3,h3,9.625,179.625,9.63388069591834,h4,0.2,0.229,2019-07-30 22:44:22.311499+00:00,4.336,583.7629999999997
71,71,71,18107.9474817824,2019-07-30T22:44:22.608999Z,3,h3,9.625,179.625,1.948007675942466,h4,0.198,0.227,2019-07-30 22:44:22.603499+00:00,0.292,584.0549999999997
72,72,72,18107.947495081007,2019-07-30T22:44:23.462999Z,3,h3,9.625,179.625,2.6036536089871403,h4,0.198,0.227,2019-07-30 22:44:23.457499+00:00,0.854,584.9089999999998
73,73,73,18107.947495081007,2019-07-30T22:44:23.675999Z,3,h3,183.75,353.75,3.4944561113028123,h4,0.184,0.014,2019-07-30 22:44:23.570999+00:00,0.1135,585.0224999999998
74,74,74,18107.947625069435,2019-07-30T22:44:34.695999Z,3,h3,12.250000000000004,182.25,1.8608496148386948,h4,0.198,0.224,2019-07-30 22:44:34.688999+00:00,11.118,596.1404999999999
75,75,75,18107.9476292361,2019-07-30T22:44:35.055999Z,3,h3,12.250000000000004,182.25,2.7059489909391594,h4,0.198,0.224,2019-07-30 22:44:35.048999+00:00,0.36,596.5004999999999
76,76,76,18107.94763335647,2019-07-30T22:44:35.411999Z,3,h3,12.250000000000004,182.25,13.788930204286192,h4,0.198,0.224,2019-07-30 22:44:35.404999+00:00,0.356,596.8564999999999
77,77,77,18107.94763335647,2019-07-30T22:44:35.490999Z,3,h3,12.250000000000004,182.25,13.788930204286192,h4,0.119,0.145,2019-07-30 22:44:35.483999+00:00,0.079,596.9354999999998
78,78,78,18107.94763332175,2019-07-30T22:44:35.567999Z,3,h3,11.374999999999996,181.375,13.788930204286192,h4,0.041,0.068,2019-07-30 22:44:35.561499+00:00,0.0775,597.0129999999998
79,79,79,18107.947633287025,2019-07-30T22:44:35.710999Z,3,h3,12.24999999999998,182.25,8.168110854206683,h4,0.348,0.374,2019-07-30 22:44:35.703999+00:00,0.1425,597.1554999999998
80,80,80,18107.94763876156,2019-07-30T22:44:35.858999Z,3,h3,12.250000000000004,182.25,8.168110854206683,h4,0.198,0.224,2019-07-30 22:44:35.851999+00:00,0.148,597.3034999999999
81,81,81,18107.947638761565,2019-07-30T22:44:35.944999Z,3,h3,12.249999999999991,182.25,8.168110854206683,h4,0.112,0.138,2019-07-30 22:44:35.937999+00:00,0.086,597.3894999999999
82,82,82,18107.94763853008,2019-07-30T22:44:36.020999Z,3,h3,11.375000000000004,181.375,8.168110854206683,h4,0.035,0.062,2019-07-30 22:44:36.014499+00:00,0.0765,597.4659999999999
84,84,84,18107.94765076388,2019-07-30T22:44:37.015999Z,3,h3,12.250000000000004,182.25,3.7343817843252567,h4,0.198,0.224,2019-07-30 22:44:37.008999+00:00,0.6775,598.4604999999999
85,85,85,18107.94765076388,2019-07-30T22:44:37.094999Z,3,h3,12.250000000000004,182.25,3.7343817843252567,h4,0.119,0.145,2019-07-30 22:44:37.087999+00:00,0.044001,598.5394999999999
87,87,87,18107.947656990727,2019-07-30T22:44:37.434999Z,3,h3,12.250000000000004,182.25,3.2828731776432925,h4,0.198,0.224,2019-07-30 22:44:37.427999+00:00,0.002,598.8794999999998
88,88,88,18107.947654606472,2019-07-30T22:44:37.534999Z,3,h3,12.250000000000004,182.25,3.2828731776432925,h4,0.098,0.124,2019-07-30 22:44:37.527999+00:00,0.1,598.9794999999998
90,90,90,18107.9476620486,2019-07-30T22:44:37.870999Z,3,h3,12.250000000000004,182.25,2.905737915030856,h4,0.198,0.224,2019-07-30 22:44:37.863999+00:00,0.336,599.3154999999998
92,92,92,18107.94770307869,2019-07-30T22:44:41.394999Z,3,h3,13.125000000000004,183.125,3.880403951976243,h4,0.167,0.192,2019-07-30 22:44:41.387499+00:00,3.1275,602.8389999999998
93,93,93,18107.94770252313,2019-07-30T22:44:41.477999Z,3,h3,13.125000000000004,183.125,3.880403951976243,h4,0.084,0.109,2019-07-30 22:44:41.470499+00:00,0.083,602.9219999999998
95,95,95,18107.94775355323,2019-07-30T22:44:45.798999Z,3,h3,14.875000000000009,184.875,3.0931097365148315,h4,0.185,0.208,2019-07-30 22:44:45.790499+00:00,4.005,607.2419999999998
96,96,96,18107.947753518507,2019-07-30T22:44:45.943999Z,3,h3,14.875,184.875,3.0931097365148315,h4,0.04,0.063,2019-07-30 22:44:45.935499+00:00,0.145,607.3869999999998
97,97,97,18107.94775783564,2019-07-30T22:44:46.149999Z,3,h3,14.000000000000009,184.0,2.5617213478357157,h4,0.198,0.222,2019-07-30 22:44:46.141999+00:00,0.2065,607.5934999999998
98,98,98,18107.947760706007,2019-07-30T22:44:46.397999Z,3,h3,14.000000000000009,184.0,6.660407882168905,h4,0.198,0.222,2019-07-30 22:44:46.389999+00:00,0.248,607.8414999999999
99,99,99,18107.947760706007,2019-07-30T22:44:46.475999Z,3,h3,14.000000000000009,184.0,6.660407882168905,h4,0.12,0.144,2019-07-30 22:44:46.467999+00:00,0.078,607.9194999999999
100,100,100,18107.947873634246,2019-07-30T22:44:56.145999Z,3,h3,15.750000000000009,185.75,1.6040393037387786,h4,0.198,0.22,2019-07-30 22:44:56.136999+00:00,9.669,617.5884999999998
101,101,101,18107.94787888888,2019-07-30T22:44:56.630999Z,3,h3,15.750000000000009,185.75,2.628609134994309,h4,0.198,0.22,2019-07-30 22:44:56.621999+00:00,0.485,618.0734999999999
102,102,102,18107.94788662036,2019-07-30T22:44:57.299998Z,3,h3,18.37500000000001,188.375,1.1806418967656107,h4,0.157,0.176,2019-07-30 22:44:57.289498+00:00,0.667499,618.7409989999999
103,103,103,18107.947930358787,2019-07-30T22:45:01.059999Z,3,h3,17.500000000000007,187.5,2.501567662393521,h4,0.198,0.218,2019-07-30 22:45:01.049999+00:00,3.760501,622.5014999999999
104,104,104,18107.94796662036,2019-07-30T22:45:04.194999Z,3,h3,14.000000000000009,184.0,0.2438111625724362,h4,0.2,0.224,2019-07-30 22:45:04.186999+00:00,3.137,625.6384999999998
105,105,105,18107.94801537036,2019-07-30T22:45:08.424999Z,4,h4,19.249999999999982,189.25,1.5629335274751317,h3,0.198,0.18,2019-07-30 22:45:08.413999+00:00,4.227,629.8654999999998
106,106,106,18107.9480254861,2019-07-30T22:45:09.323999Z,4,h4,19.249999999999982,189.25,4.150552558799568,h3,0.198,0.18,2019-07-30 22:45:09.312999+00:00,0.899,630.7644999999998
107,107,107,18107.948025486097,2019-07-30T22:45:09.513999Z,4,h4,32.375,202.375,4.150552558799568,h3,0.396,0.393,2019-07-30 22:45:09.495499+00:00,0.1825,630.9469999999998
108,108,108,18107.948031145825,2019-07-30T22:45:09.787999Z,4,h4,19.249999999999982,189.25,1.6473445050898845,h3,0.198,0.18,2019-07-30 22:45:09.776999+00:00,0.2815,631.2284999999998
109,109,109,18107.948035254616,2019-07-30T22:45:10.167999Z,4,h4,19.249999999999982,189.25,11.29345874596751,h3,0.198,0.18,2019-07-30 22:45:10.156999+00:00,0.38,631.6084999999998
110,110,110,18107.948035254616,2019-07-30T22:45:10.250999Z,4,h4,19.25,189.25,11.29345874596751,h3,0.115,0.097,2019-07-30 22:45:10.239999+00:00,0.083,631.6914999999998
111,111,111,18107.948035254616,2019-07-30T22:45:10.355999Z,4,h4,35.0,205.0,11.29345874596751,h3,0.399,0.399,2019-07-30 22:45:10.335999+00:00,0.096,631.7874999999998
112,112,112,18107.94803525462,2019-07-30T22:45:10.430999Z,4,h4,19.25,189.25,2.7479712214048817,h3,0.123,0.105,2019-07-30 22:45:10.419999+00:00,0.084,631.8714999999997
114,114,114,18107.948074270826,2019-07-30T22:45:13.536998Z,4,h4,20.124999999999982,190.125,3.4919127121915667,h3,0.198,0.181,2019-07-30 22:45:13.525498+00:00,2.8454990000000002,634.9769989999998
115,115,115,18107.948074247677,2019-07-30T22:45:13.775999Z,4,h4,20.124999999999982,190.125,0.5394753167268835,h3,0.171,0.154,2019-07-30 22:45:13.764499+00:00,0.239001,635.2159999999998
116,116,116,18107.94825526619,2019-07-30T22:45:29.174999Z,4,h4,22.74999999999999,192.75,5.625439468400746,h3,0.2,0.186,2019-07-30 22:45:29.161999+00:00,15.3975,650.6134999999998
117,117,117,18107.948255266198,2019-07-30T22:45:29.320999Z,4,h4,23.62499999999999,193.625,8.9365675078152,h3,0.389,0.376,2019-07-30 22:45:29.307499+00:00,0.1455,650.7589999999998
118,118,118,18107.94825942129,2019-07-30T22:45:29.511999Z,4,h4,23.62499999999999,193.625,8.9365675078152,h3,0.198,0.185,2019-07-30 22:45:29.498499+00:00,0.191,650.9499999999998
119,119,119,18107.94825917823,2019-07-30T22:45:29.604999Z,4,h4,23.625,193.625,8.9365675078152,h3,0.105,0.092,2019-07-30 22:45:29.591499+00:00,0.093,651.0429999999998
120,120,120,18107.948259143508,2019-07-30T22:45:29.733999Z,4,h4,27.124999999999996,197.125,1.498669086315548,h3,0.399,0.39,2019-07-30 22:45:29.718499+00:00,0.127,651.1699999999997
121,121,121,18107.9482710648,2019-07-30T22:45:30.537000Z,4,h4,23.62500000000001,193.625,5.4969609805441575,h3,0.176,0.163,2019-07-30 22:45:30.523500+00:00,0.805001,651.9750009999997
122,122,122,18107.9482710648,2019-07-30T22:45:30.619999Z,4,h4,23.625,193.625,5.4969609805441575,h3,0.093,0.08,2019-07-30 22:45:30.606499+00:00,0.082999,652.0579999999997
123,123,123,18107.9482710648,2019-07-30T22:45:30.757999Z,4,h4,21.874999999999982,191.875,3.282330102640562,h3,0.373,0.358,2019-07-30 22:45:30.745499+00:00,0.139,652.1969999999997
124,124,124,18107.94827584489,2019-07-30T22:45:30.930999Z,4,h4,23.62499999999999,193.625,3.282330102640562,h3,0.198,0.185,2019-07-30 22:45:30.917499+00:00,0.172,652.3689999999997
125,125,125,18107.94835634258,2019-07-30T22:45:37.904999Z,4,h4,24.499999999999996,194.5,1.6184773296458608,h3,0.198,0.186,2019-07-30 22:45:37.890999+00:00,6.9735,659.3424999999996
126,126,126,18107.9483613773,2019-07-30T22:45:38.341999Z,4,h4,25.374999999999996,195.375,8.10212887128011,h3,0.198,0.187,2019-07-30 22:45:38.327499+00:00,0.4365,659.7789999999997
127,127,127,18107.948361342584,2019-07-30T22:45:38.436999Z,4,h4,25.375000000000004,195.375,8.10212887128011,h3,0.103,0.092,2019-07-30 22:45:38.422499+00:00,0.095,659.8739999999997
128,128,128,18107.94836134258,2019-07-30T22:45:38.563999Z,4,h4,26.25,266.25,1.5395649719274334,h5,0.005,0.015,2019-07-30 22:45:38.548999+00:00,0.1265,660.0004999999996
129,129,129,18107.94837318286,2019-07-30T22:45:39.364999Z,4,h4,25.374999999999996,195.375,3.21087821898209,h3,0.198,0.187,2019-07-30 22:45:39.350499+00:00,0.8015,660.8019999999997
130,130,130,18107.948389305544,2019-07-30T22:45:40.751999Z,4,h4,26.249999999999996,196.25,0.7374438644526471,h3,0.198,0.188,2019-07-30 22:45:40.736999+00:00,1.3865,662.1884999999996
131,131,131,18107.948530057856,2019-07-30T22:45:52.915999Z,4,h4,27.999999999999996,198.0,1.918278311040865,h3,0.198,0.19,2019-07-30 22:45:52.899999+00:00,12.163,674.3514999999996
132,132,132,18107.94853327545,2019-07-30T22:45:53.193999Z,4,h4,28.874999999999996,198.875,5.98715128048927,h3,0.157,0.15,2019-07-30 22:45:53.177499+00:00,0.2775,674.6289999999997
133,133,133,18107.94869030092,2019-07-30T22:46:06.761999Z,4,h4,30.625,200.625,0.6525848899183473,h3,0.198,0.193,2019-07-30 22:46:06.744499+00:00,13.567,688.1959999999997
134,134,134,18107.948713981477,2019-07-30T22:46:08.784999Z,4,h4,31.5,201.5,0.7115719492089148,h3,0.2,0.196,2019-07-30 22:46:08.766999+00:00,2.0225,690.2184999999997
135,135,135,18107.948747349525,2019-07-30T22:46:11.747999Z,4,h4,32.375,202.375,2.5746809650146005,h3,0.14,0.137,2019-07-30 22:46:11.729499+00:00,2.9625,693.1809999999997
136,136,136,18107.948750821743,2019-07-30T22:46:11.966999Z,4,h4,32.375,202.375,5.257554381525972,h3,0.199,0.196,2019-07-30 22:46:11.948499+00:00,0.219,693.3999999999997
137,137,137,18107.948759675917,2019-07-30T22:46:12.754999Z,4,h4,32.375,202.375,2.004324645560404,h3,0.198,0.195,2019-07-30 22:46:12.736499+00:00,0.788,694.1879999999998
138,138,138,18107.94876910878,2019-07-30T22:46:13.569999Z,4,h4,32.375,202.375,5.414680358357442,h3,0.198,0.195,2019-07-30 22:46:13.551499+00:00,0.815,695.0029999999998
139,139,139,18107.948826249987,2019-07-30T22:46:18.506999Z,4,h4,33.25,203.25,2.2367721291686764,h3,0.198,0.196,2019-07-30 22:46:18.487999+00:00,4.9365,699.9394999999998
140,140,140,18107.948826249987,2019-07-30T22:46:18.700999Z,4,h4,32.375,202.375,2.2367721291686764,h3,0.399,0.396,2019-07-30 22:46:18.682499+00:00,0.1945,700.1339999999998
141,141,141,18107.948850925917,2019-07-30T22:46:20.641998Z,4,h4,34.125,204.125,2.4927676543850863,h3,0.195,0.194,2019-07-30 22:46:20.622498+00:00,1.939999,702.0739989999997
142,142,142,18107.948857974523,2019-07-30T22:46:21.245999Z,4,h4,35.0,205.0,0.9275062587750178,h3,0.192,0.192,2019-07-30 22:46:21.225999+00:00,0.603501,702.6774999999998
143,143,143,18107.948865243045,2019-07-30T22:46:21.878999Z,4,h4,34.125,204.125,10.117854976833378,h3,0.198,0.197,2019-07-30 22:46:21.859499+00:00,0.6335,703.3109999999998
144,144,144,18107.948865243045,2019-07-30T22:46:21.960999Z,4,h4,34.125,204.125,10.117854976833378,h3,0.116,0.115,2019-07-30 22:46:21.941499+00:00,0.082,703.3929999999998
145,145,145,18107.948865243045,2019-07-30T22:46:22.127999Z,4,h4,33.25,273.25,1.9332554652820129,h5,0.397,0.399,2019-07-30 22:46:22.108999+00:00,0.1675,703.5604999999998
146,146,146,18107.94887408564,2019-07-30T22:46:22.597999Z,4,h4,34.125,204.125,2.4743717101952782,h3,0.198,0.197,2019-07-30 22:46:22.578499+00:00,0.4695,704.0299999999999
147,147,147,18107.948929837952,2019-07-30T22:46:27.457999Z,4,h4,35.0,205.0,9.70795839201006,h3,0.2,0.2,2019-07-30 22:46:27.437999+00:00,4.8595,708.8894999999999
148,148,148,18107.948929837952,2019-07-30T22:46:27.681999Z,4,h4,35.0,205.0,6.267024542762095,h3,0.276,0.276,2019-07-30 22:46:27.661999+00:00,0.224,709.1134999999999
149,149,149,18107.948933368043,2019-07-30T22:46:27.757999Z,4,h4,35.0,205.0,6.267024542762095,h3,0.2,0.2,2019-07-30 22:46:27.737999+00:00,0.076,709.1895
150,150,150,18107.94893333332,2019-07-30T22:46:27.835999Z,4,h4,35.0,205.0,6.267024542762095,h3,0.122,0.122,2019-07-30 22:46:27.815999+00:00,0.078,709.2674999999999
151,151,151,18107.94893694443,2019-07-30T22:46:28.070999Z,4,h4,35.0,205.0,9.131319625750512,h3,0.198,0.198,2019-07-30 22:46:28.050999+00:00,0.235,709.5024999999999
152,152,152,18107.94893694443,2019-07-30T22:46:28.184998Z,4,h4,35.0,205.0,9.131319625750512,h3,0.084,0.084,2019-07-30 22:46:28.164998+00:00,0.113999,709.616499
155,155,155,18107.948939363418,2019-07-30T22:46:28.504999Z,4,h4,32.375,202.375,1.1544917730786062,h3,0.399,0.396,2019-07-30 22:46:28.486499+00:00,0.124,709.9380000000001
156,156,156,18107.949155937487,2019-07-30T22:46:46.989999Z,4,h4,39.37499999999998,209.375,8.374812237770492,h3,0.2,0.205,2019-07-30 22:46:46.967499+00:00,18.481,728.4190000000001
157,157,157,18107.949155902767,2019-07-30T22:46:47.070999Z,4,h4,39.375,209.375,8.374812237770492,h3,0.119,0.124,2019-07-30 22:46:47.048499+00:00,0.081,728.5000000000001
158,158,158,18107.949155902767,2019-07-30T22:46:47.152999Z,4,h4,39.375,209.375,8.374812237770492,h3,0.037,0.042,2019-07-30 22:46:47.130499+00:00,0.082,728.5820000000001
159,159,159,18107.949155902767,2019-07-30T22:46:47.230999Z,4,h4,39.375,209.375,6.07639514962746,h3,0.126,0.131,2019-07-30 22:46:47.208499+00:00,0.078,728.6600000000001
160,160,160,18107.94915787036,2019-07-30T22:46:47.340999Z,4,h4,39.375,209.375,6.07639514962746,h3,0.016,0.021,2019-07-30 22:46:47.318499+00:00,0.11,728.7700000000001
161,161,161,18107.94915783564,2019-07-30T22:46:47.417999Z,4,h4,45.5,215.5,6.07639514962746,h3,0.005,0.017,2019-07-30 22:46:47.391999+00:00,0.0735,728.8435000000001
162,162,162,18107.94916313656,2019-07-30T22:46:47.495999Z,4,h4,35.0,205.0,3.094760863645665,h3,0.399,0.399,2019-07-30 22:46:47.475999+00:00,0.084,728.9275
163,163,163,18107.949164027763,2019-07-30T22:46:47.572999Z,4,h4,40.25000000000001,210.25,4.459402426131146,h3,0.37,0.376,2019-07-30 22:46:47.549999+00:00,0.074,729.0015
164,164,164,18107.94916464119,2019-07-30T22:46:47.661999Z,4,h4,40.24999999999996,210.24999999999997,4.459402426131146,h3,0.281,0.287,2019-07-30 22:46:47.638999+00:00,0.089,729.0905
165,165,165,18107.94916140045,2019-07-30T22:46:47.742999Z,4,h4,40.24999999999998,210.25,4.459402426131146,h3,0.2,0.206,2019-07-30 22:46:47.719999+00:00,0.081,729.1715
166,166,166,18107.949164641195,2019-07-30T22:46:47.850999Z,4,h4,40.25000000000001,210.25,4.459402426131146,h3,0.091,0.097,2019-07-30 22:46:47.827999+00:00,0.108,729.2795
167,167,167,18107.949164618043,2019-07-30T22:46:47.991999Z,4,h4,35.875,275.875,1.4674799337796596,h5,0.399,0.398,2019-07-30 22:46:47.971499+00:00,0.1435,729.423
168,168,168,18107.94917479165,2019-07-30T22:46:48.618999Z,4,h4,39.37499999999998,209.375,1.3528199408035753,h3,0.2,0.205,2019-07-30 22:46:48.596499+00:00,0.625,730.048
169,169,169,18107.94917874999,2019-07-30T22:46:48.942999Z,4,h4,40.24999999999998,210.25,1.3907427127603058,h3,0.199,0.205,2019-07-30 22:46:48.919999+00:00,0.3235,730.3715
170,170,170,18107.949364201377,2019-07-30T22:47:04.986999Z,4,h4,42.87499999999999,212.875,3.63235182049589,h3,0.2,0.209,2019-07-30 22:47:04.962499+00:00,16.0425,746.414
171,171,171,18107.94936420138,2019-07-30T22:47:05.061999Z,4,h4,43.75000000000001,213.75,3.63235182049589,h3,0.124,0.134,2019-07-30 22:47:05.036999+00:00,0.0745,746.4884999999999
172,172,172,18107.949364201377,2019-07-30T22:47:05.182999Z,4,h4,34.125,204.125,3.63235182049589,h3,0.399,0.398,2019-07-30 22:47:05.163499+00:00,0.1265,746.6149999999999
173,173,173,18107.949393009247,2019-07-30T22:47:07.472999Z,4,h4,43.74999999999999,213.75,2.096503938631217,h3,0.199,0.209,2019-07-30 22:47:07.447999+00:00,2.2845,748.8994999999999
174,174,174,18107.949392997674,2019-07-30T22:47:07.558999Z,4,h4,43.75,213.75,2.096503938631217,h3,0.113,0.123,2019-07-30 22:47:07.533999+00:00,0.058,748.9854999999999
176,176,176,18107.9494486111,2019-07-30T22:47:12.320999Z,4,h4,46.375000000000014,216.375,2.639416856448876,h3,0.158,0.171,2019-07-30 22:47:12.294499+00:00,4.7605,753.7459999999999
177,177,177,18107.9494486111,2019-07-30T22:47:12.415999Z,4,h4,46.375,216.375,2.639416856448876,h3,0.063,0.076,2019-07-30 22:47:12.389499+00:00,0.095,753.8409999999999
178,178,178,18107.94963593749,2019-07-30T22:47:28.464999Z,4,h4,77.875,247.875,5.949966490909685,h3,0.165,0.214,2019-07-30 22:47:28.420499+00:00,16.031,769.8719999999998
179,179,179,18107.94963593749,2019-07-30T22:47:28.567999Z,4,h4,77.875,247.875,5.949966490909685,h3,0.062,0.111,2019-07-30 22:47:28.523499+00:00,0.103,769.9749999999998
180,180,180,18107.94963593749,2019-07-30T22:47:28.684999Z,4,h4,35.0,205.0,3.1285179687766096,h3,0.399,0.399,2019-07-30 22:47:28.664999+00:00,0.1415,770.1164999999997
181,181,181,18107.949641759245,2019-07-30T22:47:28.967999Z,4,h4,48.99999999999999,219.0,5.68678753954168,h3,0.2,0.216,2019-07-30 22:47:28.939999+00:00,0.275,770.3914999999997
182,182,182,18107.94964175925,2019-07-30T22:47:29.088999Z,4,h4,49.0,219.0,6.196290931098613,h3,0.079,0.095,2019-07-30 22:47:29.060999+00:00,0.121,770.5124999999997
183,183,183,18107.94964175925,2019-07-30T22:47:29.172999Z,4,h4,48.125,218.125,6.196290931098613,h3,0.116,0.131,2019-07-30 22:47:29.145499+00:00,0.0845,770.5969999999998
184,184,184,18107.949643194435,2019-07-30T22:47:29.262999Z,4,h4,48.125,218.125,6.196290931098613,h3,0.026,0.041,2019-07-30 22:47:29.235499+00:00,0.09,770.6869999999998
185,185,185,18107.94964319443,2019-07-30T22:47:29.345999Z,4,h4,49.0,219.0,6.196290931098613,h3,0.026,0.042,2019-07-30 22:47:29.317999+00:00,0.0825,770.7694999999998
186,186,186,18107.94964413193,2019-07-30T22:47:29.442999Z,4,h4,85.75,255.75,4.385979176441422,h3,0.134,0.192,2019-07-30 22:47:29.393999+00:00,0.076,770.8454999999998
187,187,187,18107.949645231474,2019-07-30T22:47:29.537999Z,4,h4,18.375,188.375,4.385979176441422,h3,0.039,0.02,2019-07-30 22:47:29.527499+00:00,0.1335,770.9789999999998
188,188,188,18107.94964626156,2019-07-30T22:47:29.612999Z,4,h4,35.0,275.0,4.385979176441422,h5,0.399,0.399,2019-07-30 22:47:29.592999+00:00,0.0655,771.0444999999999
189,189,189,18107.949651712952,2019-07-30T22:47:29.708999Z,4,h4,34.125,204.125,1.2641577742311991,h3,0.399,0.398,2019-07-30 22:47:29.689499+00:00,0.0965,771.1409999999998
190,190,190,18107.949653368043,2019-07-30T22:47:29.950999Z,4,h4,48.12499999999999,218.125,2.235340387073708,h3,0.2,0.215,2019-07-30 22:47:29.923499+00:00,0.234,771.3749999999999
191,191,191,18107.949653368043,2019-07-30T22:47:30.042999Z,4,h4,48.125,218.125,2.235340387073708,h3,0.108,0.123,2019-07-30 22:47:30.015499+00:00,0.092,771.4669999999999
192,192,192,18107.949662511564,2019-07-30T22:47:30.673999Z,4,h4,49.875000000000014,219.875,11.442116204261955,h3,0.284,0.301,2019-07-30 22:47:30.645499+00:00,0.63,772.0969999999999
193,193,193,18107.94966251156,2019-07-30T22:47:30.757999Z,4,h4,48.12499999999999,218.125,11.442116204261955,h3,0.2,0.215,2019-07-30 22:47:30.730499+00:00,0.085,772.1819999999999
194,194,194,18107.949662476844,2019-07-30T22:47:30.843999Z,4,h4,48.125,218.125,11.442116204261955,h3,0.114,0.129,2019-07-30 22:47:30.816499+00:00,0.086,772.2679999999999
195,195,195,18107.94966247684,2019-07-30T22:47:30.977999Z,4,h4,20.125,260.125,3.8670097517769,h5,0.002,0.019,2019-07-30 22:47:30.966499+00:00,0.15,772.4179999999999
197,197,197,18107.94966831017,2019-07-30T22:47:31.261999Z,4,h4,49.87499999999999,219.875,1.0387967341225437,h3,0.199,0.216,2019-07-30 22:47:31.233499+00:00,0.0725,772.6849999999998
198,198,198,18107.949668287027,2019-07-30T22:47:31.534999Z,4,h4,48.12499999999999,218.125,1.535666201536675,h3,0.2,0.215,2019-07-30 22:47:31.507499+00:00,0.274,772.9589999999998
199,199,199,18107.949671469894,2019-07-30T22:47:31.723999Z,4,h4,31.5,201.5,1.535666201536675,h3,0.399,0.395,2019-07-30 22:47:31.705999+00:00,0.1985,773.1574999999998
200,200,200,18107.94967623841,2019-07-30T22:47:31.943999Z,4,h4,48.12499999999999,218.125,2.7563580106345915,h3,0.2,0.215,2019-07-30 22:47:31.916499+00:00,0.2105,773.3679999999998
201,201,201,18107.94969341434,2019-07-30T22:47:33.447999Z,4,h4,49.000000000000014,219.0,2.8800306418255444,h3,0.182,0.198,2019-07-30 22:47:33.419999+00:00,1.5034999999999998,774.8714999999999
202,202,202,18107.94969341434,2019-07-30T22:47:33.534999Z,4,h4,49.0,219.0,3.0360476151551725,h3,0.095,0.111,2019-07-30 22:47:33.506999+00:00,0.087,774.9584999999998
203,203,203,18107.94969341434,2019-07-30T22:47:33.654000Z,4,h4,48.99999999999999,219.0,3.0360476151551725,h3,0.2,0.216,2019-07-30 22:47:33.626000+00:00,0.119001,775.0775009999999
204,204,204,18107.949698518507,2019-07-30T22:47:33.753999Z,4,h4,49.0,219.0,5.966738065227321,h3,0.1,0.116,2019-07-30 22:47:33.725999+00:00,0.099999,775.1774999999999
205,205,205,18107.949699398134,2019-07-30T22:47:33.944999Z,4,h4,48.99999999999999,219.0,5.966738065227321,h3,0.2,0.216,2019-07-30 22:47:33.916999+00:00,0.191,775.3684999999999
206,206,206,18107.949699398137,2019-07-30T22:47:34.072999Z,4,h4,0.8749999999999929,240.875,6.69247085311905,h5,0.072,0.111,2019-07-30 22:47:34.072499+00:00,0.1555,775.5239999999999
207,207,207,18107.949699363417,2019-07-30T22:47:34.166999Z,4,h4,49.875000000000014,219.875,6.69247085311905,h3,0.286,0.303,2019-07-30 22:47:34.138499+00:00,0.066,775.5899999999999
208,208,208,18107.94970292823,2019-07-30T22:47:34.252999Z,4,h4,50.74999999999999,220.75,6.69247085311905,h3,0.199,0.217,2019-07-30 22:47:34.223999+00:00,0.0855,775.6754999999999
209,209,209,18107.949702928232,2019-07-30T22:47:34.333999Z,4,h4,49.000000000000014,219.0,6.69247085311905,h3,0.118,0.134,2019-07-30 22:47:34.305999+00:00,0.082,775.7574999999999
210,210,210,18107.94970292823,2019-07-30T22:47:34.414999Z,4,h4,49.875,219.875,6.69247085311905,h3,0.036,0.053,2019-07-30 22:47:34.386499+00:00,0.0805,775.838
211,211,211,18107.94970755785,2019-07-30T22:47:34.533999Z,4,h4,33.25,203.25,1.0169394329709671,h3,0.004,0.002,2019-07-30 22:47:34.514999+00:00,0.1285,775.9665
212,212,212,18107.949766724527,2019-07-30T22:47:39.762999Z,4,h4,50.74999999999999,220.75,2.7313486378243077,h3,0.199,0.217,2019-07-30 22:47:39.733999+00:00,5.219,781.1855
214,214,214,18107.94976670137,2019-07-30T22:47:39.967999Z,4,h4,49.87499999999999,219.875,6.696729779433056,h3,0.2,0.217,2019-07-30 22:47:39.939499+00:00,0.15,781.3910000000001
215,215,215,18107.949769108785,2019-07-30T22:47:40.060999Z,4,h4,50.75,220.75,6.696729779433056,h3,0.106,0.124,2019-07-30 22:47:40.031999+00:00,0.0925,781.4835
216,216,216,18107.949769074065,2019-07-30T22:47:40.186999Z,4,h4,33.25,203.25,2.279893402978548,h3,0.399,0.397,2019-07-30 22:47:40.167999+00:00,0.136,781.6195
217,217,217,18107.94976952545,2019-07-30T22:47:40.279999Z,4,h4,35.0,275.0,0.9921953831194098,h5,0.399,0.399,2019-07-30 22:47:40.259999+00:00,0.092,781.7115
218,218,218,18107.949822511564,2019-07-30T22:47:44.606999Z,4,h4,52.500000000000014,222.5,3.6210188914566954,h3,0.178,0.198,2019-07-30 22:47:44.576999+00:00,4.317,786.0285
219,219,219,18107.949822511564,2019-07-30T22:47:44.728999Z,4,h4,50.75,220.75,3.6210188914566954,h3,0.056,0.074,2019-07-30 22:47:44.699999+00:00,0.123,786.1515
220,220,220,18107.94982251156,2019-07-30T22:47:44.826999Z,4,h4,35.875,275.875,1.5635589138871286,h5,0.399,0.398,2019-07-30 22:47:44.806499+00:00,0.1065,786.258
221,221,221,18107.949854224527,2019-07-30T22:47:47.324999Z,4,h4,51.62499999999999,221.625,1.484034961915235,h3,0.2,0.219,2019-07-30 22:47:47.295499+00:00,2.489,788.7470000000001
222,222,222,18107.94985833332,2019-07-30T22:47:47.676999Z,4,h4,51.62499999999999,221.625,1.511719402183702,h3,0.2,0.219,2019-07-30 22:47:47.647499+00:00,0.352,789.099
223,223,223,18107.949923599528,2019-07-30T22:47:53.366999Z,4,h4,53.37499999999999,223.375,6.689032863028729,h3,0.151,0.172,2019-07-30 22:47:53.336499+00:00,5.689,794.788
224,224,224,18107.949923599528,2019-07-30T22:47:53.470999Z,4,h4,53.375,223.375,6.689032863028729,h3,0.047,0.068,2019-07-30 22:47:53.440499+00:00,0.104,794.892
225,225,225,18107.949923576376,2019-07-30T22:47:53.586999Z,4,h4,60.37500000000002,230.37500000000003,1.8106328096357205,h3,0.37,0.399,2019-07-30 22:47:53.552499+00:00,0.112,795.004
226,226,226,18107.950427071748,2019-07-30T22:48:36.818999Z,4,h4,63.0,233.0,2.156282520978283,h3,0.2,0.232,2019-07-30 22:48:36.782999+00:00,43.2305,838.2345
227,227,227,18107.950427071748,2019-07-30T22:48:37.057999Z,4,h4,35.0,205.0,0.7146893295237805,h3,0.399,0.399,2019-07-30 22:48:37.037999+00:00,0.255,838.4895
228,228,228,18107.95048299768,2019-07-30T22:48:41.652999Z,4,h4,63.0,233.0,13.57324636428484,h3,0.199,0.231,2019-07-30 22:48:41.616999+00:00,4.579,843.0685
229,229,229,18107.950482997672,2019-07-30T22:48:41.730999Z,4,h4,63.0,233.0,13.57324636428484,h3,0.121,0.153,2019-07-30 22:48:41.694999+00:00,0.049,843.1465
231,231,231,18107.95048763888,2019-07-30T22:48:41.933999Z,4,h4,56.875000000000014,296.875,3.1197600645467287,h5,0.399,0.374,2019-07-30 22:48:41.901499+00:00,0.2065,843.353
232,232,232,18107.95048406249,2019-07-30T22:48:42.016999Z,4,h4,63.87500000000003,233.87500000000003,3.1197600645467287,h3,0.349,0.382,2019-07-30 22:48:41.980499+00:00,0.079,843.4319999999999
233,233,233,18107.950488981467,2019-07-30T22:48:42.165999Z,4,h4,63.875,233.875,2.6278665542576163,h3,0.2,0.233,2019-07-30 22:48:42.129499+00:00,0.149,843.5809999999999
234,234,234,18107.950488981467,2019-07-30T22:48:42.267999Z,4,h4,63.875,233.875,2.6278665542576163,h3,0.098,0.131,2019-07-30 22:48:42.231499+00:00,0.0575,843.6829999999999
236,236,236,18107.95049438656,2019-07-30T22:48:42.515999Z,4,h4,25.375,265.375,1.6758714876722878,h5,0.019,0.03,2019-07-30 22:48:42.501499+00:00,0.27,843.9529999999999
237,237,237,18107.95053495369,2019-07-30T22:48:46.136999Z,4,h4,63.875,233.875,2.937292953956715,h3,0.2,0.233,2019-07-30 22:48:46.100499+00:00,3.599,847.5519999999999
238,238,238,18107.95053495369,2019-07-30T22:48:46.253999Z,4,h4,63.875,233.875,2.937292953956715,h3,0.083,0.116,2019-07-30 22:48:46.217499+00:00,0.0775,847.6689999999999
240,240,240,18107.95053983795,2019-07-30T22:48:46.443999Z,4,h4,35.0,205.0,1.545050989584773,h3,0.399,0.399,2019-07-30 22:48:46.423999+00:00,0.2065,847.8754999999999
241,241,241,18107.9505761111,2019-07-30T22:48:49.695998Z,4,h4,65.62499999999997,235.625,8.042693721635008,h3,0.2,0.235,2019-07-30 22:48:49.658498+00:00,3.234499,851.1099989999999
242,242,242,18107.9505761111,2019-07-30T22:48:49.771999Z,4,h4,64.75,234.75,8.042693721635008,h3,0.124,0.158,2019-07-30 22:48:49.734999+00:00,0.076501,851.1864999999999
243,243,243,18107.9505761111,2019-07-30T22:48:49.848999Z,4,h4,68.25,238.25,8.042693721635008,h3,0.043,0.081,2019-07-30 22:48:49.809999+00:00,0.075,851.2615
244,244,244,18107.95057608795,2019-07-30T22:48:49.928999Z,4,h4,35.875,275.875,4.084006193475778,h5,0.399,0.398,2019-07-30 22:48:49.908499+00:00,0.0985,851.3599999999999
245,245,245,18107.950581180543,2019-07-30T22:48:50.017999Z,4,h4,1.7499999999999716,171.74999999999997,4.084006193475778,h3,0.399,0.361,2019-07-30 22:48:50.016999+00:00,0.1085,851.4685
247,247,247,18107.95061788193,2019-07-30T22:48:53.315999Z,4,h4,65.625,235.625,5.028178873465836,h3,0.188,0.223,2019-07-30 22:48:53.278499+00:00,2.9725,854.7299999999999
248,248,248,18107.95061788193,2019-07-30T22:48:53.393999Z,4,h4,65.62499999999999,235.625,5.028178873465836,h3,0.11,0.145,2019-07-30 22:48:53.356499+00:00,0.078,854.8079999999999
249,249,249,18107.95061788193,2019-07-30T22:48:53.476999Z,4,h4,66.5,236.5,5.028178873465836,h3,0.026,0.062,2019-07-30 22:48:53.438999+00:00,0.0825,854.8904999999999
250,250,250,18107.95093966434,2019-07-30T22:49:21.108999Z,4,h4,2.6250000000000213,242.62500000000003,2.147259828373845,h5,0.199,0.236,2019-07-30 22:49:21.107499+00:00,27.6685,882.5589999999999
251,251,251,18107.95093966434,2019-07-30T22:49:21.223999Z,4,h4,5.250000000000011,245.25,2.147259828373845,h5,0.084,0.118,2019-07-30 22:49:21.220999+00:00,0.1135,882.6724999999999
252,252,252,18107.95093966434,2019-07-30T22:49:21.299999Z,4,h4,2.624999999999993,242.625,2.147259828373845,h5,0.005,0.042,2019-07-30 22:49:21.298499+00:00,0.0775,882.7499999999999
253,253,253,18107.95108920137,2019-07-30T22:49:34.032999Z,4,h4,6.125,246.125,1.2191048858713178,h5,0.2,0.233,2019-07-30 22:49:34.029499+00:00,12.731,895.4809999999999
254,254,254,18107.95108920138,2019-07-30T22:49:34.107999Z,4,h4,6.125,246.125,1.2191048858713178,h5,0.125,0.158,2019-07-30 22:49:34.104499+00:00,0.075,895.5559999999999
255,255,255,18107.95121966434,2019-07-30T22:49:45.307999Z,4,h4,8.75,248.75,4.129646810605835,h5,0.199,0.229,2019-07-30 22:49:45.302999+00:00,11.1985,906.7544999999999
256,256,256,18107.951293599526,2019-07-30T22:49:51.697999Z,4,h4,9.625,249.625,12.048872327067189,h5,0.199,0.228,2019-07-30 22:49:51.692499+00:00,6.3895,913.1439999999999
257,257,257,18107.951293599526,2019-07-30T22:49:51.782999Z,4,h4,9.625000000000014,249.625,12.048872327067189,h5,0.114,0.143,2019-07-30 22:49:51.777499+00:00,0.085,913.2289999999999
259,259,259,18107.951395266195,2019-07-30T22:50:00.482999Z,4,h4,12.250000000000004,252.25,5.535548306186435,h5,0.2,0.226,2019-07-30 22:50:00.475999+00:00,8.412,921.9275
260,260,260,18107.95139526619,2019-07-30T22:50:00.562999Z,4,h4,12.250000000000004,252.25,5.535548306186435,h5,0.12,0.146,2019-07-30 22:50:00.555999+00:00,0.08,922.0075
261,261,261,18107.951650902767,2019-07-30T22:50:22.745999Z,4,h4,16.624999999999982,256.625,6.146513690541046,h5,0.357,0.378,2019-07-30 22:50:22.736499+00:00,22.1805,944.1880000000001
262,262,262,18107.95165468749,2019-07-30T22:50:22.902999Z,4,h4,16.625000000000007,256.625,6.146513690541046,h5,0.2,0.221,2019-07-30 22:50:22.893499+00:00,0.157,944.3450000000001
263,263,263,18107.95165468749,2019-07-30T22:50:23.005999Z,4,h4,15.750000000000009,255.75,6.146513690541046,h5,0.096,0.118,2019-07-30 22:50:22.996999+00:00,0.1035,944.4485000000002
264,264,264,18107.95169162036,2019-07-30T22:50:26.094999Z,4,h4,17.500000000000007,257.5,2.726369049428798,h5,0.2,0.22,2019-07-30 22:50:26.084999+00:00,3.088,947.5365000000002
265,265,265,18107.95169460647,2019-07-30T22:50:26.398999Z,4,h4,15.750000000000009,255.75,4.486926613048425,h5,0.153,0.175,2019-07-30 22:50:26.389999+00:00,0.305,947.8415000000001
266,266,266,18107.951707986096,2019-07-30T22:50:27.556999Z,4,h4,17.500000000000007,257.5,9.276174585458625,h5,0.152,0.172,2019-07-30 22:50:27.546999+00:00,1.157,948.9985000000001
267,267,267,18107.951707986096,2019-07-30T22:50:27.635999Z,4,h4,17.499999999999996,257.5,9.276174585458625,h5,0.073,0.093,2019-07-30 22:50:27.625999+00:00,0.079,949.0775000000001
269,269,269,18107.95171313656,2019-07-30T22:50:27.815999Z,4,h4,16.624999999999996,256.625,8.361055613237037,h5,0.089,0.11,2019-07-30 22:50:27.806499+00:00,0.1805,949.2580000000002
271,271,271,18107.951826215267,2019-07-30T22:50:37.728999Z,4,h4,20.12500000000001,260.125,2.9324271683359058,h5,0.197,0.214,2019-07-30 22:50:37.717499+00:00,9.648,959.1690000000001
272,272,272,18107.951826215267,2019-07-30T22:50:37.833999Z,4,h4,20.125,260.125,2.9324271683359058,h5,0.092,0.109,2019-07-30 22:50:37.822499+00:00,0.105,959.2740000000001
273,273,273,18107.951835023137,2019-07-30T22:50:38.487999Z,4,h4,19.25000000000001,259.25,4.206393700778662,h5,0.199,0.217,2019-07-30 22:50:38.476999+00:00,0.6545,959.9285000000001
274,274,274,18107.951835023137,2019-07-30T22:50:38.566999Z,4,h4,19.249999999999982,259.25,4.206393700778662,h5,0.12,0.138,2019-07-30 22:50:38.555999+00:00,0.079,960.0075
275,275,275,18107.951835023137,2019-07-30T22:50:38.645999Z,4,h4,18.375000000000004,258.375,4.206393700778662,h5,0.04,0.059,2019-07-30 22:50:38.635499+00:00,0.0795,960.0870000000001
276,276,276,18107.9518526736,2019-07-30T22:50:40.014999Z,4,h4,20.12500000000001,260.125,0.7200857097989914,h5,0.198,0.215,2019-07-30 22:50:40.003499+00:00,1.3679999999999999,961.4550000000002
277,277,277,18107.951865902767,2019-07-30T22:50:41.157999Z,4,h4,20.12500000000001,260.125,6.562842535662018,h5,0.198,0.215,2019-07-30 22:50:41.146499+00:00,1.143,962.5980000000002
278,278,278,18107.951865902767,2019-07-30T22:50:41.288999Z,4,h4,20.125,260.125,6.562842535662018,h5,0.067,0.084,2019-07-30 22:50:41.277499+00:00,0.131,962.7290000000002
279,279,279,18107.95186587962,2019-07-30T22:50:41.376999Z,4,h4,21.0,261.0,6.441698049869565,h5,0.11,0.126,2019-07-30 22:50:41.364999+00:00,0.0875,962.8165000000001
280,280,280,18107.952003831007,2019-07-30T22:50:53.076000Z,4,h4,22.75000000000001,262.75,2.538808690370709,h5,0.2,0.214,2019-07-30 22:50:53.063000+00:00,11.698001,974.5145010000001
281,281,281,18107.952003831007,2019-07-30T22:50:53.150999Z,4,h4,22.74999999999999,262.75,2.538808690370709,h5,0.125,0.139,2019-07-30 22:50:53.137999+00:00,0.074999,974.5895000000002
282,282,282,18107.952059340267,2019-07-30T22:50:57.874999Z,4,h4,24.50000000000001,264.5,1.5126465522229329,h5,0.198,0.21,2019-07-30 22:50:57.860999+00:00,4.723,979.3125000000001
283,283,283,18107.952059340267,2019-07-30T22:50:57.951999Z,4,h4,24.499999999999996,264.5,1.5126465522229329,h5,0.121,0.133,2019-07-30 22:50:57.937999+00:00,0.077,979.3895000000001
284,284,284,18107.95206729165,2019-07-30T22:50:58.561998Z,4,h4,23.62500000000001,263.625,5.207891370468269,h5,0.198,0.211,2019-07-30 22:50:58.548498+00:00,0.610499,979.9999990000001
285,285,285,18107.95206726851,2019-07-30T22:50:58.709999Z,4,h4,23.625,263.625,5.207891370468269,h5,0.05,0.063,2019-07-30 22:50:58.696499+00:00,0.148001,980.1480000000001
286,286,286,18107.952144502306,2019-07-30T22:51:05.235999Z,4,h4,25.37500000000001,265.375,5.798066631370844,h5,0.199,0.21,2019-07-30 22:51:05.221499+00:00,6.525,986.6730000000001
287,287,287,18107.952144502306,2019-07-30T22:51:05.325999Z,4,h4,22.75,262.75,5.798066631370844,h5,0.106,0.12,2019-07-30 22:51:05.312999+00:00,0.0915,986.7645000000001
288,288,288,18107.952144502306,2019-07-30T22:51:05.419999Z,4,h4,24.5,264.5,5.798066631370844,h5,0.011,0.023,2019-07-30 22:51:05.405999+00:00,0.093,986.8575000000001
289,289,289,18107.95214804397,2019-07-30T22:51:05.540999Z,4,h4,25.37500000000001,265.375,2.4070135885470902,h5,0.198,0.209,2019-07-30 22:51:05.526499+00:00,0.1205,986.9780000000001
290,290,290,18107.95214804397,2019-07-30T22:51:05.668999Z,4,h4,25.375000000000043,265.37500000000006,5.366399258264706,h5,0.336,0.347,2019-07-30 22:51:05.654499+00:00,0.128,987.1060000000001
291,291,291,18107.952151134246,2019-07-30T22:51:05.806999Z,4,h4,25.37500000000001,265.375,5.366399258264706,h5,0.198,0.209,2019-07-30 22:51:05.792499+00:00,0.138,987.2440000000001
292,292,292,18107.95215112267,2019-07-30T22:51:05.891999Z,4,h4,25.375000000000004,265.375,5.366399258264706,h5,0.113,0.124,2019-07-30 22:51:05.877499+00:00,0.025,987.3290000000001
293,293,293,18107.952151122678,2019-07-30T22:51:05.981999Z,4,h4,24.5,264.5,5.366399258264706,h5,0.022,0.034,2019-07-30 22:51:05.967999+00:00,0.0905,987.4195000000001
295,295,295,18107.952337407394,2019-07-30T22:51:21.910999Z,4,h4,28.874999999999996,268.875,3.535244826931997,h5,0.195,0.202,2019-07-30 22:51:21.894499+00:00,15.9265,1003.3460000000001
296,296,296,18107.952342199063,2019-07-30T22:51:22.318999Z,4,h4,28.875000000000018,268.875,1.954407015575625,h5,0.17,0.177,2019-07-30 22:51:22.302499+00:00,0.408,1003.7540000000001
297,297,297,18107.95234915508,2019-07-30T22:51:22.921999Z,4,h4,28.875000000000018,268.875,3.187742225704982,h5,0.198,0.205,2019-07-30 22:51:22.905499+00:00,0.603,1004.3570000000001
298,298,298,18107.95247616897,2019-07-30T22:51:33.898999Z,4,h4,31.5,271.5,4.784193176462429,h5,0.198,0.202,2019-07-30 22:51:33.880999+00:00,10.9755,1015.3325000000001
299,299,299,18107.952476168968,2019-07-30T22:51:34.074999Z,4,h4,27.125,267.125,4.784193176462429,h5,0.016,0.025,2019-07-30 22:51:34.059499+00:00,0.1785,1015.5110000000001
300,300,300,18107.952503402765,2019-07-30T22:51:36.250999Z,4,h4,31.50000000000002,271.5,6.13578309015419,h5,0.2,0.204,2019-07-30 22:51:36.232999+00:00,2.1734999999999998,1017.6845000000001
301,301,301,18107.952503402765,2019-07-30T22:51:36.346999Z,4,h4,31.5,271.5,6.13578309015419,h5,0.104,0.108,2019-07-30 22:51:36.328999+00:00,0.096,1017.7805000000001
302,302,302,18107.952503402765,2019-07-30T22:51:36.427999Z,4,h4,28.875,268.875,6.13578309015419,h5,0.019,0.026,2019-07-30 22:51:36.411499+00:00,0.0825,1017.863
303,303,303,18107.95251068286,2019-07-30T22:51:36.878999Z,4,h4,31.5,271.5,1.5488772123540415,h5,0.198,0.202,2019-07-30 22:51:36.860999+00:00,0.4495,1018.3125
304,304,304,18107.952554733787,2019-07-30T22:51:40.686999Z,4,h4,33.25,273.25,1.273383492577126,h5,0.198,0.2,2019-07-30 22:51:40.667999+00:00,3.807,1022.1195
305,305,305,18107.952575787025,2019-07-30T22:51:42.507999Z,4,h4,33.25,273.25,4.681150879491423,h5,0.198,0.2,2019-07-30 22:51:42.488999+00:00,1.821,1023.9405
306,306,306,18107.952575787025,2019-07-30T22:51:42.680999Z,4,h4,20.125,260.125,4.681150879491423,h5,0.009,0.026,2019-07-30 22:51:42.669499+00:00,0.1805,1024.121
307,307,307,18107.95258327545,2019-07-30T22:51:43.152999Z,4,h4,33.25,273.25,1.630834146876582,h5,0.198,0.2,2019-07-30 22:51:43.133999+00:00,0.4645,1024.5855000000001
308,308,308,18107.952583252303,2019-07-30T22:51:43.371999Z,4,h4,33.25,273.25,1.927920926145775,h5,0.199,0.201,2019-07-30 22:51:43.352999+00:00,0.219,1024.8045000000002
309,309,309,18107.952689768503,2019-07-30T22:51:52.357999Z,4,h4,35.0,275.0,2.67858109455713,h5,0.198,0.198,2019-07-30 22:51:52.337999+00:00,8.985,1033.7895
310,310,310,18107.95269821758,2019-07-30T22:51:53.088999Z,4,h4,35.875,275.875,2.1345314670066307,h5,0.198,0.197,2019-07-30 22:51:53.068499+00:00,0.7305,1034.52
311,311,311,18107.952752662022,2019-07-30T22:51:57.793999Z,4,h4,35.875,275.875,2.0242493171505416,h5,0.198,0.197,2019-07-30 22:51:57.773499+00:00,4.705,1039.225
312,312,312,18107.952752662022,2019-07-30T22:51:58.004999Z,4,h4,35.0,275.0,0.8903463416458048,h5,0.399,0.399,2019-07-30 22:51:57.984999+00:00,0.2115,1039.4364999999998
313,313,313,18107.95275996527,2019-07-30T22:51:58.422999Z,4,h4,36.75,276.75,0.4693456551590309,h5,0.198,0.196,2019-07-30 22:51:58.401999+00:00,0.417,1039.8534999999997
314,314,314,18107.952769108782,2019-07-30T22:51:59.212999Z,4,h4,36.75,276.75,0.846677813638366,h5,0.198,0.196,2019-07-30 22:51:59.191999+00:00,0.79,1040.6434999999997
315,315,315,18107.952841319435,2019-07-30T22:52:05.480999Z,5,h5,38.49999999999998,278.5,5.643889518087266,h4,0.169,0.173,2019-07-30 22:52:05.458999+00:00,6.267,1046.9104999999997
316,316,316,18107.95284131943,2019-07-30T22:52:05.572999Z,5,h5,38.5,278.5,5.643889518087266,h4,0.077,0.081,2019-07-30 22:52:05.550999+00:00,0.092,1047.0024999999998
317,317,317,18107.95284131943,2019-07-30T22:52:05.667999Z,5,h5,35.0,275.0,5.643889518087266,h4,0.399,0.399,2019-07-30 22:52:05.647999+00:00,0.097,1047.0994999999998
318,318,318,18107.952848391196,2019-07-30T22:52:05.905999Z,5,h5,37.625,277.625,0.7273712475265428,h4,0.2,0.203,2019-07-30 22:52:05.884499+00:00,0.2365,1047.3359999999998
319,319,319,18107.952849861103,2019-07-30T22:52:06.185999Z,5,h5,37.625,277.625,1.2439783102023587,h4,0.2,0.203,2019-07-30 22:52:06.164499+00:00,0.28,1047.6159999999998
320,320,320,18107.952849849524,2019-07-30T22:52:06.286000Z,5,h5,37.62499999999999,277.625,1.2439783102023587,h4,0.1,0.103,2019-07-30 22:52:06.264500+00:00,0.100001,1047.7160009999998
321,321,321,18107.95285576388,2019-07-30T22:52:06.538999Z,5,h5,38.5,278.5,0.494750329466978,h4,0.199,0.203,2019-07-30 22:52:06.516999+00:00,0.252499,1047.9684999999997
322,322,322,18107.95303657406,2019-07-30T22:52:22.319999Z,5,h5,41.12499999999998,281.125,3.2653356680099788,h4,0.2,0.207,2019-07-30 22:52:22.296499+00:00,15.7795,1063.7479999999998
323,323,323,18107.95304164351,2019-07-30T22:52:22.757999Z,5,h5,41.12499999999998,281.125,4.222865757381403,h4,0.2,0.207,2019-07-30 22:52:22.734499+00:00,0.438,1064.186
324,324,324,18107.953291180544,2019-07-30T22:52:44.319999Z,5,h5,46.37499999999999,286.375,2.613927861037045,h4,0.198,0.211,2019-07-30 22:52:44.293499+00:00,21.559,1085.745
325,325,325,18107.953291180544,2019-07-30T22:52:44.401998Z,5,h5,46.375,286.375,2.613927861037045,h4,0.116,0.129,2019-07-30 22:52:44.375498+00:00,0.081999,1085.826999
326,326,326,18107.953303229155,2019-07-30T22:52:45.366999Z,5,h5,47.24999999999999,287.25,1.726610715440914,h4,0.192,0.206,2019-07-30 22:52:45.339999+00:00,0.964501,1086.7914999999998
327,327,327,18107.953303229155,2019-07-30T22:52:45.449999Z,5,h5,47.25,287.25,1.726610715440914,h4,0.109,0.123,2019-07-30 22:52:45.422999+00:00,0.083,1086.8745
328,328,328,18107.953331041652,2019-07-30T22:52:47.762999Z,5,h5,46.37499999999999,286.375,1.8627888457876045,h4,0.2,0.213,2019-07-30 22:52:47.736499+00:00,2.3135,1089.1879999999999
329,329,329,18107.95333440971,2019-07-30T22:52:48.051999Z,5,h5,48.12499999999999,288.125,1.086798964456782,h4,0.2,0.215,2019-07-30 22:52:48.024499+00:00,0.288,1089.4759999999999
330,330,330,18107.953349189804,2019-07-30T22:52:49.327999Z,5,h5,47.24999999999999,287.25,0.4588682520716508,h4,0.2,0.214,2019-07-30 22:52:49.300999+00:00,1.2765,1090.7524999999998
331,331,331,18107.95335432869,2019-07-30T22:52:49.789999Z,5,h5,48.125000000000014,288.125,2.405041302694374,h4,0.185,0.2,2019-07-30 22:52:49.762499+00:00,0.4615,1091.2139999999997
332,332,332,18107.953354328693,2019-07-30T22:52:49.874999Z,5,h5,48.125,288.125,2.405041302694374,h4,0.1,0.115,2019-07-30 22:52:49.847499+00:00,0.085,1091.2989999999998
333,333,333,18107.95336019675,2019-07-30T22:52:50.278999Z,5,h5,47.24999999999999,287.25,2.1236462042161763,h4,0.2,0.214,2019-07-30 22:52:50.251999+00:00,0.4045,1091.7034999999998
334,334,334,18107.953361388874,2019-07-30T22:52:50.382999Z,5,h5,47.25,287.25,2.1236462042161763,h4,0.096,0.11,2019-07-30 22:52:50.355999+00:00,0.104,1091.8075
335,335,335,18107.95336138888,2019-07-30T22:52:50.477999Z,5,h5,-1.749999999999993,308.25,2.1236462042161763,h6,0.104,0.146,2019-07-30 22:52:50.478999+00:00,0.123,1091.9305
336,336,336,18107.95336136573,2019-07-30T22:52:50.557999Z,5,h5,48.125,288.125,2.1236462042161763,h4,0.023,0.038,2019-07-30 22:52:50.530499+00:00,0.0515,1091.982
337,337,337,18107.953372743046,2019-07-30T22:52:51.364999Z,5,h5,47.24999999999999,287.25,4.058898984710979,h4,0.2,0.214,2019-07-30 22:52:51.337999+00:00,0.8075,1092.7894999999999
338,338,338,18107.953372743043,2019-07-30T22:52:51.487999Z,5,h5,47.25,287.25,4.058898984710979,h4,0.077,0.091,2019-07-30 22:52:51.460999+00:00,0.123,1092.9125
339,339,339,18107.95341082175,2019-07-30T22:52:54.652999Z,5,h5,48.12499999999999,288.125,3.931607528188669,h4,0.2,0.215,2019-07-30 22:52:54.625499+00:00,3.1645,1096.077
340,340,340,18107.9534107986,2019-07-30T22:52:54.759999Z,5,h5,48.125,288.125,3.931607528188669,h4,0.093,0.108,2019-07-30 22:52:54.732499+00:00,0.107,1096.184
341,341,341,18107.9534107986,2019-07-30T22:52:54.881999Z,5,h5,48.125,288.125,3.931607528188669,h4,0.041,0.056,2019-07-30 22:52:54.854499+00:00,0.122,1096.306
342,342,342,18107.95357688656,2019-07-30T22:53:09.003999Z,5,h5,51.62499999999999,291.625,2.4615614858143107,h4,0.199,0.218,2019-07-30 22:53:08.974499+00:00,14.12,1110.426
343,343,343,18107.953576886564,2019-07-30T22:53:09.093999Z,5,h5,51.625,291.625,2.4615614858143107,h4,0.109,0.128,2019-07-30 22:53:09.064499+00:00,0.09,1110.5159999999998
344,344,344,18107.95358077545,2019-07-30T22:53:09.339999Z,5,h5,51.62499999999999,291.625,4.455938501072486,h4,0.199,0.218,2019-07-30 22:53:09.310499+00:00,0.246,1110.762
345,345,345,18107.95358077545,2019-07-30T22:53:09.516999Z,5,h5,53.375,293.375,4.455938501072486,h4,0.02,0.041,2019-07-30 22:53:09.486499+00:00,0.176,1110.9379999999999
346,346,346,18107.953587824064,2019-07-30T22:53:09.946000Z,5,h5,51.62499999999999,291.625,0.7276644167463316,h4,0.2,0.219,2019-07-30 22:53:09.916500+00:00,0.430001,1111.3680009999998
347,347,347,18107.953602708323,2019-07-30T22:53:11.233999Z,5,h5,51.62499999999999,291.625,3.0458690766807552,h4,0.2,0.219,2019-07-30 22:53:11.204499+00:00,1.2879990000000001,1112.6559999999997
348,348,348,18107.953692673604,2019-07-30T22:53:19.004999Z,5,h5,49.87499999999999,289.875,1.877265248949766,h4,0.2,0.217,2019-07-30 22:53:18.976499+00:00,7.772,1120.4279999999997
349,349,349,18107.953696805544,2019-07-30T22:53:19.361999Z,5,h5,53.37499999999999,293.375,1.162130790601511,h4,0.2,0.221,2019-07-30 22:53:19.331499+00:00,0.355,1120.7829999999997
350,350,350,18107.95370604165,2019-07-30T22:53:20.162999Z,5,h5,54.24999999999999,294.25,2.02045501771371,h4,0.199,0.221,2019-07-30 22:53:20.131999+00:00,0.8005,1121.5834999999997
351,351,351,18107.953778368043,2019-07-30T22:53:26.411999Z,5,h5,55.12499999999999,295.125,5.463707682388119,h4,0.2,0.223,2019-07-30 22:53:26.380499+00:00,6.2485,1127.8319999999997
352,352,352,18107.953778368046,2019-07-30T22:53:26.559999Z,5,h5,55.125,295.125,5.463707682388119,h4,0.052,0.075,2019-07-30 22:53:26.528499+00:00,0.148,1127.9799999999996
353,353,353,18107.95377849536,2019-07-30T22:53:26.659999Z,5,h5,55.12499999999999,295.125,4.323841921302341,h4,0.095,0.118,2019-07-30 22:53:26.628499+00:00,0.1,1128.0799999999995
354,354,354,18107.953780057866,2019-07-30T22:53:26.742999Z,5,h5,55.125,295.125,4.323841921302341,h4,0.012,0.035,2019-07-30 22:53:26.711499+00:00,0.083,1128.1629999999996
355,355,355,18107.953780706004,2019-07-30T22:53:26.849999Z,5,h5,54.24999999999999,294.25,2.6575490413597587,h4,0.2,0.222,2019-07-30 22:53:26.818999+00:00,0.1075,1128.2704999999996
356,356,356,18107.95378343749,2019-07-30T22:53:27.023999Z,5,h5,35.875,275.875,2.6575490413597587,h4,0.024,0.025,2019-07-30 22:53:27.003499+00:00,0.1845,1128.4549999999997
357,357,357,18107.95378878471,2019-07-30T22:53:27.311999Z,5,h5,56.875,296.875,2.548075404424492,h4,0.199,0.224,2019-07-30 22:53:27.279499+00:00,0.276,1128.7309999999998
358,358,358,18107.95378878471,2019-07-30T22:53:27.394999Z,5,h5,55.12500000000001,295.125,2.548075404424492,h4,0.116,0.139,2019-07-30 22:53:27.363499+00:00,0.084,1128.8149999999998
359,359,359,18107.9538020486,2019-07-30T22:53:28.457000Z,5,h5,55.12499999999999,295.125,3.018807757074334,h4,0.2,0.223,2019-07-30 22:53:28.425500+00:00,1.062001,1129.8770009999998
360,360,360,18107.9538020486,2019-07-30T22:53:28.540999Z,5,h5,55.12500000000001,295.125,3.018807757074334,h4,0.116,0.139,2019-07-30 22:53:28.509499+00:00,0.083999,1129.9609999999998
361,361,361,18107.953852523136,2019-07-30T22:53:32.820999Z,5,h5,55.99999999999999,296.0,5.457493408236385,h4,0.197,0.221,2019-07-30 22:53:32.788999+00:00,4.2795,1134.2404999999999
362,362,362,18107.953852523136,2019-07-30T22:53:32.919999Z,5,h5,55.99999999999999,296.0,5.457493408236385,h4,0.098,0.122,2019-07-30 22:53:32.887999+00:00,0.099,1134.3394999999998
363,363,363,18107.953857199063,2019-07-30T22:53:33.220000Z,5,h5,57.75,297.75,1.0028808381135834,h4,0.2,0.226,2019-07-30 22:53:33.187000+00:00,0.299001,1134.638501
364,364,364,18107.953860127305,2019-07-30T22:53:33.472999Z,5,h5,55.99999999999999,296.0,3.653054183740348,h4,0.2,0.224,2019-07-30 22:53:33.440999+00:00,0.253999,1134.8925
365,365,365,18107.95389619212,2019-07-30T22:53:36.588999Z,5,h5,56.875,296.875,0.7086980714917694,h4,0.2,0.225,2019-07-30 22:53:36.556499+00:00,3.1155,1138.008
366,366,366,18107.953947546284,2019-07-30T22:53:41.028998Z,5,h5,57.75,297.75,2.357434853406068,h4,0.2,0.226,2019-07-30 22:53:40.995998+00:00,4.439499,1142.447499
367,367,367,18107.95395539351,2019-07-30T22:53:41.705999Z,5,h5,58.625,298.625,10.196206026674078,h4,0.2,0.227,2019-07-30 22:53:41.672499+00:00,0.676501,1143.124
368,368,368,18107.953955393503,2019-07-30T22:53:41.826999Z,5,h5,58.625,298.625,10.196206026674078,h4,0.079,0.106,2019-07-30 22:53:41.793499+00:00,0.121,1143.2450000000001
369,369,369,18107.953985590266,2019-07-30T22:53:44.316999Z,5,h5,58.625,298.625,3.064663272255061,h4,0.198,0.225,2019-07-30 22:53:44.283499+00:00,2.49,1145.7350000000001
370,370,370,18107.95398906249,2019-07-30T22:53:44.614999Z,5,h5,58.625,298.625,4.333125025980003,h4,0.2,0.227,2019-07-30 22:53:44.581499+00:00,0.298,1146.0330000000001
371,371,371,18107.953989062487,2019-07-30T22:53:44.700999Z,5,h5,58.62499999999999,298.625,4.333125025980003,h4,0.114,0.141,2019-07-30 22:53:44.667499+00:00,0.086,1146.1190000000001
372,372,372,18107.953992465267,2019-07-30T22:53:44.793000Z,5,h5,60.37500000000002,300.375,4.929509017036365,h4,0.314,0.343,2019-07-30 22:53:44.758500+00:00,0.091001,1146.2100010000001
373,373,373,18107.953992465267,2019-07-30T22:53:44.907000Z,5,h5,58.625,298.625,4.929509017036365,h4,0.2,0.227,2019-07-30 22:53:44.873500+00:00,0.115,1146.3250010000002
374,374,374,18107.95399244212,2019-07-30T22:53:44.986999Z,5,h5,58.625,298.625,4.929509017036365,h4,0.12,0.147,2019-07-30 22:53:44.953499+00:00,0.079999,1146.4050000000002
375,375,375,18107.9540014236,2019-07-30T22:53:45.683999Z,5,h5,58.625,298.625,4.357991917437447,h4,0.2,0.227,2019-07-30 22:53:45.650499+00:00,0.697,1147.102
376,376,376,18107.9540014236,2019-07-30T22:53:45.804999Z,5,h5,58.625,298.625,4.357991917437447,h4,0.079,0.106,2019-07-30 22:53:45.771499+00:00,0.121,1147.2230000000002
377,377,377,18107.954011874983,2019-07-30T22:53:46.586999Z,5,h5,58.625,298.625,1.7996166405472371,h4,0.2,0.227,2019-07-30 22:53:46.553499+00:00,0.782,1148.005
378,378,378,18107.954011874983,2019-07-30T22:53:46.707999Z,5,h5,58.625,298.625,1.7996166405472371,h4,0.079,0.106,2019-07-30 22:53:46.674499+00:00,0.121,1148.1260000000002
379,379,379,18107.954017581007,2019-07-30T22:53:47.109999Z,5,h5,60.375,300.375,1.414279144435013,h4,0.17,0.199,2019-07-30 22:53:47.075499+00:00,0.401,1148.5270000000003
380,380,380,18107.95402568286,2019-07-30T22:53:47.779999Z,5,h5,59.5,299.5,9.66238178580473,h4,0.199,0.227,2019-07-30 22:53:47.745999+00:00,0.6705,1149.1975000000002
381,381,381,18107.95402568286,2019-07-30T22:53:47.863999Z,5,h5,59.49999999999999,299.5,9.66238178580473,h4,0.115,0.143,2019-07-30 22:53:47.829999+00:00,0.084,1149.2815000000003
382,382,382,18107.95402568286,2019-07-30T22:53:47.969999Z,5,h5,60.375,300.375,9.66238178580473,h4,0.008,0.037,2019-07-30 22:53:47.935499+00:00,0.1055,1149.3870000000002
383,383,383,18107.954027893506,2019-07-30T22:53:48.090999Z,5,h5,59.5,299.5,8.710772323282153,h4,0.079,0.107,2019-07-30 22:53:48.056999+00:00,0.1215,1149.5085000000001
384,384,384,18107.95403105323,2019-07-30T22:53:48.240999Z,5,h5,59.5,299.5,8.710772323282153,h4,0.2,0.228,2019-07-30 22:53:48.206999+00:00,0.15,1149.6585000000002
385,385,385,18107.954031018508,2019-07-30T22:53:48.361999Z,5,h5,62.125,302.125,8.710772323282153,h4,0.076,0.107,2019-07-30 22:53:48.326499+00:00,0.071499,1149.7780000000002
387,387,387,18107.95406123841,2019-07-30T22:53:50.851999Z,5,h5,61.25,301.25,1.9599294540106225,h4,0.2,0.23,2019-07-30 22:53:50.816999+00:00,2.4905,1152.2685000000004
388,388,388,18107.95406123841,2019-07-30T22:53:50.951999Z,5,h5,61.25,301.25,2.3578793759442256,h4,0.1,0.13,2019-07-30 22:53:50.916999+00:00,0.1,1152.3685000000003
389,389,389,18107.954065717586,2019-07-30T22:53:51.104999Z,5,h5,62.12499999999997,302.125,5.397435914620587,h4,0.331,0.362,2019-07-30 22:53:51.069499+00:00,0.1525,1152.5210000000002
390,390,390,18107.95406417823,2019-07-30T22:53:51.235999Z,5,h5,60.375,300.375,5.397435914620587,h4,0.069,0.098,2019-07-30 22:53:51.201499+00:00,0.132,1152.6530000000002
391,391,391,18107.954065694437,2019-07-30T22:53:51.350999Z,5,h5,60.375,300.375,5.397435914620587,h4,0.085,0.114,2019-07-30 22:53:51.316499+00:00,0.062499,1152.768
393,393,393,18107.95406701388,2019-07-30T22:53:51.564999Z,5,h5,28.874999999999996,268.875,1.4203731215665747,h4,0.399,0.392,2019-07-30 22:53:51.548499+00:00,0.232,1153.0
394,394,394,18107.954072685174,2019-07-30T22:53:51.837999Z,5,h5,60.375,300.375,2.5564534139738395,h4,0.2,0.229,2019-07-30 22:53:51.803499+00:00,0.255,1153.255
395,395,395,18107.95408072916,2019-07-30T22:53:52.535999Z,5,h5,60.375,300.375,3.167133791911949,h4,0.2,0.229,2019-07-30 22:53:52.501499+00:00,0.698,1153.9530000000002
396,396,396,18107.95414315971,2019-07-30T22:53:57.929999Z,5,h5,79.62500000000001,319.625,6.020111159010169,h4,0.179,0.23,2019-07-30 22:53:57.884499+00:00,5.383,1159.3360000000002
397,397,397,18107.95414315971,2019-07-30T22:53:58.049999Z,5,h5,79.625,319.625,6.020111159010169,h4,0.059,0.11,2019-07-30 22:53:58.004499+00:00,0.12,1159.4560000000001
398,398,398,18107.95418208332,2019-07-30T22:54:01.291999Z,5,h5,63.0,303.0,7.36206072473501,h4,0.2,0.232,2019-07-30 22:54:01.255999+00:00,3.2515,1162.7075000000002
399,399,399,18107.95418208332,2019-07-30T22:54:01.409999Z,5,h5,63.875,303.875,7.36206072473501,h4,0.081,0.114,2019-07-30 22:54:01.373499+00:00,0.1175,1162.8250000000003
400,400,400,18107.9541861111,2019-07-30T22:54:01.640999Z,5,h5,63.0,303.0,4.268397454988115,h4,0.199,0.231,2019-07-30 22:54:01.604999+00:00,0.2315,1163.0565000000004
401,401,401,18107.954186111096,2019-07-30T22:54:01.760999Z,5,h5,63.0,303.0,4.268397454988115,h4,0.079,0.111,2019-07-30 22:54:01.724999+00:00,0.12,1163.1765000000003
402,402,402,18107.95419980323,2019-07-30T22:54:02.822999Z,5,h5,63.0,303.0,5.35999033036453,h4,0.2,0.232,2019-07-30 22:54:02.786999+00:00,1.062,1164.2385000000002
403,403,403,18107.95419980323,2019-07-30T22:54:02.943999Z,5,h5,63.0,303.0,5.35999033036453,h4,0.079,0.111,2019-07-30 22:54:02.907999+00:00,0.121,1164.3595000000003
404,404,404,18107.95420458332,2019-07-30T22:54:03.077999Z,5,h5,63.875,303.875,1.7242899929905746,h4,0.2,0.233,2019-07-30 22:54:03.041499+00:00,0.1335,1164.4930000000002
405,405,405,18107.954537754616,2019-07-30T22:54:32.022999Z,5,h5,69.12499999999997,309.125,7.4488806073191185,h4,0.199,0.238,2019-07-30 22:54:31.983499+00:00,28.942,1193.4350000000002
406,406,406,18107.95453775462,2019-07-30T22:54:32.113999Z,5,h5,70.0,310.0,7.4488806073191185,h4,0.107,0.147,2019-07-30 22:54:32.073999+00:00,0.0905,1193.5255000000002
407,407,407,18107.95453768517,2019-07-30T22:54:32.253999Z,5,h5,38.5,278.5,3.6328364044914014,h4,0.395,0.399,2019-07-30 22:54:32.231999+00:00,0.158,1193.6835
408,408,408,18107.95455354166,2019-07-30T22:54:33.416999Z,5,h5,69.12499999999997,309.125,6.296164660898568,h4,0.17,0.209,2019-07-30 22:54:33.377499+00:00,1.1455,1194.8290000000002
409,409,409,18107.95455354165,2019-07-30T22:54:33.492999Z,5,h5,69.125,309.125,6.296164660898568,h4,0.094,0.133,2019-07-30 22:54:33.453499+00:00,0.076,1194.9050000000002
411,411,411,18107.95456341434,2019-07-30T22:54:34.240000Z,5,h5,69.12499999999997,309.125,12.89800657300966,h4,0.2,0.239,2019-07-30 22:54:34.200500+00:00,0.2585,1195.6520010000002
412,412,412,18107.954563414343,2019-07-30T22:54:34.323999Z,5,h5,69.125,309.125,12.89800657300966,h4,0.116,0.155,2019-07-30 22:54:34.284499+00:00,0.083999,1195.736
413,413,413,18107.954566504617,2019-07-30T22:54:34.506999Z,5,h5,69.99999999999999,310.0,3.3258450985365053,h4,0.198,0.238,2019-07-30 22:54:34.466999+00:00,0.1825,1195.9185
414,414,414,18107.954575555545,2019-07-30T22:54:35.308999Z,5,h5,69.125,309.125,7.807371867711637,h4,0.18,0.219,2019-07-30 22:54:35.269499+00:00,0.8025,1196.721
415,415,415,18107.954575555545,2019-07-30T22:54:35.392999Z,5,h5,69.125,309.125,7.807371867711637,h4,0.096,0.135,2019-07-30 22:54:35.353499+00:00,0.084,1196.805
416,416,416,18107.954579004618,2019-07-30T22:54:35.590999Z,5,h5,65.625,305.625,1.8158475290702567,h4,0.188,0.223,2019-07-30 22:54:35.553499+00:00,0.2,1197.005
417,417,417,18107.9546320486,2019-07-30T22:54:40.212999Z,5,h5,1.749999999999993,311.75,5.376451037686209,h6,0.158,0.196,2019-07-30 22:54:40.211999+00:00,4.6585,1201.6635
418,418,418,18107.9546320486,2019-07-30T22:54:40.328999Z,5,h5,1.75,311.75,5.376451037686209,h6,0.042,0.08,2019-07-30 22:54:40.327999+00:00,0.116,1201.7795
419,419,419,18107.95465120369,2019-07-30T22:54:41.827999Z,5,h5,2.6250000000000213,312.625,7.447099350165608,h6,0.199,0.236,2019-07-30 22:54:41.826499+00:00,1.4985,1203.278
420,420,420,18107.95465120369,2019-07-30T22:54:41.919999Z,5,h5,2.625000000000007,312.625,7.447099350165608,h6,0.107,0.144,2019-07-30 22:54:41.918499+00:00,0.092,1203.3700000000001
421,421,421,18107.954777812487,2019-07-30T22:54:52.765999Z,5,h5,2.6250000000000213,312.625,0.9637915885889152,h6,0.2,0.237,2019-07-30 22:54:52.764499+00:00,10.846,1214.2160000000001
422,422,422,18107.95493216434,2019-07-30T22:55:06.163999Z,5,h5,7.875,317.875,9.2774678727797,h6,0.144,0.175,2019-07-30 22:55:06.159499+00:00,13.395,1227.611
423,423,423,18107.95493216434,2019-07-30T22:55:06.244999Z,5,h5,5.2499999999999964,315.25,9.2774678727797,h6,0.06,0.094,2019-07-30 22:55:06.241999+00:00,0.0825,1227.6935
424,424,424,18107.955137939804,2019-07-30T22:55:23.939999Z,5,h5,11.375000000000004,321.375,4.30744052600488,h6,0.151,0.178,2019-07-30 22:55:23.933499+00:00,17.6915,1245.385
425,425,425,18107.95546759258,2019-07-30T22:55:52.380999Z,5,h5,17.500000000000007,327.5,8.23250458378331,h6,0.199,0.219,2019-07-30 22:55:52.370999+00:00,28.4375,1273.8225
426,426,426,18107.955467592583,2019-07-30T22:55:52.472999Z,5,h5,17.499999999999996,327.5,8.23250458378331,h6,0.107,0.127,2019-07-30 22:55:52.462999+00:00,0.092,1273.9145
427,427,427,18107.95554546295,2019-07-30T22:55:59.108999Z,5,h5,18.37500000000001,328.375,4.049406838771395,h6,0.2,0.219,2019-07-30 22:55:59.098499+00:00,6.6355,1280.5500000000002
428,428,428,18107.95554546295,2019-07-30T22:55:59.238999Z,5,h5,18.37500000000001,328.375,4.3005086684491545,h6,0.07,0.089,2019-07-30 22:55:59.228499+00:00,0.13,1280.6800000000003
429,429,429,18107.955550219896,2019-07-30T22:55:59.361000Z,5,h5,28.875,268.875,4.3005086684491545,h4,0.039,0.032,2019-07-30 22:55:59.344500+00:00,0.116001,1280.7960010000004
430,430,430,18107.95554836804,2019-07-30T22:55:59.518999Z,5,h5,18.375000000000004,328.375,4.3005086684491545,h6,0.041,0.06,2019-07-30 22:55:59.508499+00:00,0.163999,1280.9600000000005
431,431,431,18107.955553206008,2019-07-30T22:55:59.794999Z,5,h5,16.624999999999982,326.625,0.8228142439354655,h6,0.181,0.202,2019-07-30 22:55:59.785499+00:00,0.277,1281.2370000000005
432,432,432,18107.955600243047,2019-07-30T22:56:03.840999Z,5,h5,17.500000000000007,327.5,3.21946452078586,h6,0.2,0.22,2019-07-30 22:56:03.830999+00:00,4.0455,1285.2825000000005
433,433,433,18107.955600243044,2019-07-30T22:56:03.926998Z,5,h5,17.499999999999996,327.5,3.21946452078586,h6,0.114,0.134,2019-07-30 22:56:03.916998+00:00,0.085999,1285.3684990000004
434,434,434,18107.955604872677,2019-07-30T22:56:04.089999Z,5,h5,70.87499999999999,310.875,3.99146514185139,h4,0.198,0.239,2019-07-30 22:56:04.049499+00:00,0.132501,1285.5010000000004
435,435,435,18107.95560398147,2019-07-30T22:56:04.165999Z,5,h5,70.875,310.875,3.99146514185139,h4,0.122,0.163,2019-07-30 22:56:04.125499+00:00,0.076,1285.5770000000005
436,436,436,18107.95560306712,2019-07-30T22:56:04.242999Z,5,h5,20.125,330.125,3.99146514185139,h6,0.045,0.062,2019-07-30 22:56:04.231499+00:00,0.106,1285.6830000000004
437,437,437,18107.95560394675,2019-07-30T22:56:04.337999Z,5,h5,20.125,330.125,3.99146514185139,h6,0.026,0.043,2019-07-30 22:56:04.326499+00:00,0.095,1285.7780000000005
438,438,438,18107.95562259258,2019-07-30T22:56:05.795999Z,5,h5,20.124999999999982,330.125,5.188509817190071,h6,0.179,0.196,2019-07-30 22:56:05.784499+00:00,1.458,1287.2360000000006
439,439,439,18107.95562259258,2019-07-30T22:56:05.918000Z,5,h5,20.125000000000007,330.125,5.188509817190071,h6,0.057,0.074,2019-07-30 22:56:05.906500+00:00,0.122001,1287.3580010000005
440,440,440,18107.95562739582,2019-07-30T22:56:06.007999Z,5,h5,35.0,345.0,5.188509817190071,h6,0.399,0.399,2019-07-30 22:56:05.987999+00:00,0.081499,1287.4395000000004
441,441,441,18107.95594912036,2019-07-30T22:56:34.059999Z,5,h5,26.25000000000001,336.25,2.0651673632017022,h6,0.134,0.144,2019-07-30 22:56:34.044999+00:00,28.057,1315.4965000000004
442,442,442,18107.95597395832,2019-07-30T22:56:36.190000Z,5,h5,26.249999999999996,336.25,0.7460954604622391,h6,0.15,0.16,2019-07-30 22:56:36.175000+00:00,2.130001,1317.6265010000004
443,443,443,18107.95597869212,2019-07-30T22:56:36.550999Z,5,h5,26.25000000000001,336.25,1.084199737640597,h6,0.198,0.208,2019-07-30 22:56:36.535999+00:00,0.360999,1317.9875000000004
444,444,444,18107.9559820486,2019-07-30T22:56:36.835999Z,5,h5,21.00000000000001,331.0,1.4155300505359207,h6,0.197,0.213,2019-07-30 22:56:36.823999+00:00,0.288,1318.2755000000004
445,445,445,18107.955990856477,2019-07-30T22:56:37.600999Z,5,h5,27.125000000000018,337.125,1.5516840082120158,h6,0.2,0.209,2019-07-30 22:56:37.585499+00:00,0.7615,1319.0370000000005
446,446,446,18107.95599592592,2019-07-30T22:56:38.051000Z,5,h5,27.124999999999996,337.125,4.250848927047462,h6,0.188,0.197,2019-07-30 22:56:38.035500+00:00,0.450001,1319.4870010000004
447,447,447,18107.955995925917,2019-07-30T22:56:38.194999Z,5,h5,27.125,337.125,4.250848927047462,h6,0.044,0.053,2019-07-30 22:56:38.179499+00:00,0.143999,1319.6310000000003
448,448,448,18107.956000462957,2019-07-30T22:56:38.430999Z,5,h5,27.125000000000018,337.125,3.3854552210479745,h6,0.2,0.209,2019-07-30 22:56:38.415499+00:00,0.236,1319.8670000000004
449,449,449,18107.95600046295,2019-07-30T22:56:38.517000Z,5,h5,27.125000000000007,337.125,3.3854552210479745,h6,0.114,0.123,2019-07-30 22:56:38.501500+00:00,0.086001,1319.9530010000003
450,450,450,18107.9561576273,2019-07-30T22:56:52.012999Z,5,h5,29.75000000000002,339.75,0.9684854285161868,h6,0.2,0.206,2019-07-30 22:56:51.995999+00:00,13.494499,1333.4475000000002
451,451,451,18107.9562192361,2019-07-30T22:56:57.338999Z,5,h5,30.625,340.625,6.533205444214917,h6,0.198,0.203,2019-07-30 22:56:57.321499+00:00,5.3255,1338.7730000000001
452,452,452,18107.9562192361,2019-07-30T22:56:57.469999Z,5,h5,30.625000000000007,340.625,6.533205444214917,h6,0.067,0.072,2019-07-30 22:56:57.452499+00:00,0.131,1338.9040000000002
453,453,453,18107.9562227199,2019-07-30T22:56:57.637999Z,5,h5,30.62500000000002,340.625,2.175694409558424,h6,0.2,0.205,2019-07-30 22:56:57.620499+00:00,0.168,1339.0720000000001
454,454,454,18107.956222696743,2019-07-30T22:56:57.719999Z,5,h5,32.375,342.375,2.175694409558424,h6,0.118,0.121,2019-07-30 22:56:57.701499+00:00,0.081,1339.153
455,455,455,18107.956253078693,2019-07-30T22:57:00.264999Z,5,h5,32.375,342.375,2.3246106318559256,h6,0.198,0.201,2019-07-30 22:57:00.246499+00:00,2.545,1341.698
456,456,456,18107.956258645823,2019-07-30T22:57:00.743999Z,5,h5,32.375,342.375,2.1817801538380004,h6,0.2,0.203,2019-07-30 22:57:00.725499+00:00,0.479,1342.1770000000001
457,457,457,18107.95625864582,2019-07-30T22:57:00.825999Z,5,h5,32.375,342.375,2.1817801538380004,h6,0.118,0.121,2019-07-30 22:57:00.807499+00:00,0.082,1342.2590000000002
458,458,458,18107.95626287036,2019-07-30T22:57:01.108999Z,5,h5,31.5,341.5,4.487241559976839,h6,0.199,0.203,2019-07-30 22:57:01.090999+00:00,0.2835,1342.5425000000002
459,459,459,18107.956262604155,2019-07-30T22:57:01.205999Z,5,h5,31.5,341.5,4.487241559976839,h6,0.079,0.083,2019-07-30 22:57:01.187999+00:00,0.097,1342.6395000000002
460,460,460,18107.95626901619,2019-07-30T22:57:01.640999Z,5,h5,31.5,341.5,0.9047919458059122,h6,0.198,0.202,2019-07-30 22:57:01.622999+00:00,0.435,1343.0745000000002
461,461,461,18107.956272199062,2019-07-30T22:57:01.916999Z,5,h5,32.375,342.375,7.368836494478448,h6,0.198,0.201,2019-07-30 22:57:01.898499+00:00,0.2755,1343.3500000000001
462,462,462,18107.956272199062,2019-07-30T22:57:02.064000Z,5,h5,32.375,342.375,7.368836494478448,h6,0.051,0.054,2019-07-30 22:57:02.045500+00:00,0.147001,1343.4970010000002
463,463,463,18107.956277106467,2019-07-30T22:57:02.142999Z,5,h5,42.875,282.875,4.432030204286225,h4,0.002,0.011,2019-07-30 22:57:02.118499+00:00,0.072999,1343.5700000000002
464,464,464,18107.956437928227,2019-07-30T22:57:16.236999Z,5,h5,35.0,345.0,3.101035280759275,h6,0.2,0.2,2019-07-30 22:57:16.216999+00:00,14.0985,1357.6685000000002
465,465,465,18107.95643792823,2019-07-30T22:57:16.327999Z,5,h5,35.0,345.0,3.101035280759275,h6,0.109,0.109,2019-07-30 22:57:16.307999+00:00,0.091,1357.7595000000001
466,466,466,18107.956457453696,2019-07-30T22:57:17.925999Z,5,h5,35.0,345.0,4.400374588877968,h6,0.198,0.198,2019-07-30 22:57:17.905999+00:00,1.5979999999999999,1359.3575
467,467,467,18107.95645745369,2019-07-30T22:57:18.006999Z,5,h5,35.0,345.0,4.400374588877968,h6,0.117,0.117,2019-07-30 22:57:17.986999+00:00,0.032,1359.4385
468,468,468,18107.956457453693,2019-07-30T22:57:18.083999Z,5,h5,35.0,345.0,4.400374588877968,h6,0.04,0.04,2019-07-30 22:57:18.063999+00:00,0.077,1359.5155
470,470,470,18107.95653541665,2019-07-30T22:57:24.663999Z,5,h5,38.5,348.5,4.485849671555397,h6,0.2,0.196,2019-07-30 22:57:24.641999+00:00,6.578,1366.0935
471,471,471,18107.95653541665,2019-07-30T22:57:24.738999Z,5,h5,36.75,346.75,4.485849671555397,h6,0.123,0.121,2019-07-30 22:57:24.717999+00:00,0.076,1366.1695
472,472,472,18107.95653541665,2019-07-30T22:57:24.828999Z,5,h5,-73.50000000000001,166.5,4.485849671555397,h4,0.198,0.074,2019-07-30 22:57:24.870999+00:00,0.153,1366.3225
473,473,473,18107.956537326376,2019-07-30T22:57:24.910999Z,5,h5,36.75,346.75,4.485849671555397,h6,0.116,0.114,2019-07-30 22:57:24.889999+00:00,0.019,1366.3415
474,474,474,18107.95653748841,2019-07-30T22:57:25.035999Z,5,h5,34.125,344.125,1.896522615306336,h6,0.002,0.003,2019-07-30 22:57:25.016499+00:00,0.1265,1366.468
475,475,475,18107.9565982523,2019-07-30T22:57:30.108999Z,5,h5,50.750000000000014,360.75,5.279638988993602,h6,0.198,0.18,2019-07-30 22:57:30.079999+00:00,5.0635,1371.5315
476,476,476,18107.956598252305,2019-07-30T22:57:30.185999Z,5,h5,50.75,360.75,5.279638988993602,h6,0.121,0.103,2019-07-30 22:57:30.156999+00:00,0.077,1371.6085
478,478,478,18107.95660052082,2019-07-30T22:57:30.384999Z,5,h5,37.62499999999999,347.625,3.479910733298526,h6,0.103,0.1,2019-07-30 22:57:30.363499+00:00,0.2065,1371.815
479,479,479,18107.956604884246,2019-07-30T22:57:30.462999Z,5,h5,70.875,310.875,3.479910733298526,h4,0.025,0.066,2019-07-30 22:57:30.422499+00:00,0.059,1371.874
480,480,480,18107.95660562499,2019-07-30T22:57:30.729999Z,5,h5,38.5,348.5,0.7907026077237456,h6,0.2,0.196,2019-07-30 22:57:30.707999+00:00,0.265,1372.1595000000002
481,481,481,18107.95667626156,2019-07-30T22:57:36.835999Z,5,h5,39.375,349.375,1.5079613756683623,h6,0.198,0.193,2019-07-30 22:57:36.813499+00:00,6.1055,1378.265
482,482,482,18107.956676261565,2019-07-30T22:57:36.991999Z,5,h5,39.375,349.375,1.5079613756683623,h6,0.042,0.037,2019-07-30 22:57:36.969499+00:00,0.156,1378.421
483,483,483,18107.956680729152,2019-07-30T22:57:37.221999Z,5,h5,39.375,349.375,2.7338908194457128,h6,0.198,0.193,2019-07-30 22:57:37.199499+00:00,0.23,1378.651
484,484,484,18107.95668533564,2019-07-30T22:57:37.620999Z,5,h5,39.375,349.375,1.7039229097332431,h6,0.197,0.192,2019-07-30 22:57:37.598499+00:00,0.399,1379.05
485,485,485,18107.956758321747,2019-07-30T22:57:43.928000Z,5,h5,41.12500000000001,351.125,0.9378486175718292,h6,0.198,0.191,2019-07-30 22:57:43.904500+00:00,6.306001,1385.3560009999999
486,486,486,18107.95681509258,2019-07-30T22:57:48.834999Z,5,h5,42.00000000000001,352.0,1.333939061743488,h6,0.197,0.189,2019-07-30 22:57:48.810999+00:00,4.906499,1390.2624999999998
487,487,487,18107.95681946758,2019-07-30T22:57:49.212999Z,5,h5,40.25000000000001,350.25,1.916750829925215,h6,0.195,0.189,2019-07-30 22:57:49.189999+00:00,0.379,1390.6414999999997
488,488,488,18107.956826354155,2019-07-30T22:57:49.806999Z,5,h5,42.00000000000001,352.0,3.78667423916935,h6,0.198,0.19,2019-07-30 22:57:49.782999+00:00,0.593,1391.2344999999998
489,489,489,18107.956841446747,2019-07-30T22:57:51.111999Z,5,h5,42.87500000000001,352.875,3.245867830930968,h6,0.198,0.189,2019-07-30 22:57:51.087499+00:00,1.3045,1392.5389999999998
490,490,490,18107.956849247672,2019-07-30T22:57:51.785999Z,5,h5,42.87500000000001,352.875,1.4189723749427086,h6,0.198,0.189,2019-07-30 22:57:51.761499+00:00,0.674,1393.2129999999997
491,491,491,18107.956852384246,2019-07-30T22:57:52.063999Z,5,h5,42.87500000000001,352.875,2.549523523092487,h6,0.191,0.182,2019-07-30 22:57:52.039499+00:00,0.278,1393.4909999999998
492,492,492,18107.956852384246,2019-07-30T22:57:52.188999Z,5,h5,42.875,352.875,2.549523523092487,h6,0.066,0.057,2019-07-30 22:57:52.164499+00:00,0.125,1393.6159999999998
493,493,493,18107.956853854157,2019-07-30T22:57:52.267999Z,5,h5,42.87500000000001,352.875,2.549523523092487,h6,0.114,0.105,2019-07-30 22:57:52.243499+00:00,0.079,1393.6949999999997
494,494,494,18107.9568967361,2019-07-30T22:57:55.882000Z,5,h5,35.0,275.0,0.1432496840619027,h4,0.196,0.196,2019-07-30 22:57:55.862000+00:00,3.618501,1397.3135009999996
495,495,495,18107.956899374985,2019-07-30T22:57:56.105999Z,5,h5,35.0,275.0,0.3578222655657695,h4,0.2,0.2,2019-07-30 22:57:56.085999+00:00,0.223999,1397.5374999999997
496,496,496,18107.956972187487,2019-07-30T22:58:02.467000Z,5,h5,45.49999999999999,355.5,1.852452173101252,h6,0.142,0.13,2019-07-30 22:58:02.441000+00:00,6.355001,1403.8925009999996
497,497,497,18107.95697675925,2019-07-30T22:58:02.804999Z,5,h5,44.62500000000001,354.625,0.7918812025339865,h6,0.198,0.187,2019-07-30 22:58:02.779499+00:00,0.338499,1404.2309999999995
498,498,498,18107.956982581007,2019-07-30T22:58:03.348999Z,5,h5,44.62500000000001,354.625,2.188101999946449,h6,0.157,0.146,2019-07-30 22:58:03.323499+00:00,0.544,1404.7749999999996
499,499,499,18107.95709179397,2019-07-30T22:58:12.745999Z,6,h6,47.250000000000014,357.25,1.9047327180519509,h5,0.185,0.199,2019-07-30 22:58:12.718999+00:00,9.3955,1414.1704999999997
500,500,500,18107.957183796287,2019-07-30T22:58:20.682999Z,6,h6,48.12499999999999,358.125,2.966873326398204,h5,0.197,0.212,2019-07-30 22:58:20.655499+00:00,7.9365,1422.1069999999997
501,501,501,18107.957563958324,2019-07-30T22:58:53.527999Z,6,h6,73.49999999999999,383.5,0.6727919540343802,h5,0.198,0.242,2019-07-30 22:58:53.485999+00:00,32.8305,1454.9374999999998
504,504,504,18107.95765028934,2019-07-30T22:59:01.126000Z,6,h6,58.625,368.625,8.77616550481475,h5,0.059,0.086,2019-07-30 22:59:01.092500+00:00,0.198001,1462.5440009999998
505,505,505,18107.95765474536,2019-07-30T22:59:01.370999Z,6,h6,57.75,367.75,6.950333975288473,h5,0.199,0.225,2019-07-30 22:59:01.337999+00:00,0.245499,1462.7894999999999
506,506,506,18107.95765474536,2019-07-30T22:59:01.457999Z,6,h6,57.75000000000001,367.75,6.950333975288473,h5,0.112,0.138,2019-07-30 22:59:01.424999+00:00,0.087,1462.8764999999999
507,507,507,18107.957716284716,2019-07-30T22:59:06.688999Z,6,h6,62.125,372.125,3.253140813216052,h5,0.198,0.229,2019-07-30 22:59:06.653499+00:00,5.2285,1468.1049999999998
508,508,508,18107.95771628471,2019-07-30T22:59:06.767999Z,6,h6,62.125,372.125,3.253140813216052,h5,0.119,0.15,2019-07-30 22:59:06.732499+00:00,0.079,1468.1839999999997
509,509,509,18107.95776060184,2019-07-30T22:59:10.557999Z,6,h6,59.5,369.5,10.895538487901876,h5,0.158,0.186,2019-07-30 22:59:10.523999+00:00,3.7915,1471.9754999999998
510,510,510,18107.95776060184,2019-07-30T22:59:10.675999Z,6,h6,59.5,369.5,10.895538487901876,h5,0.04,0.068,2019-07-30 22:59:10.641999+00:00,0.118,1472.0934999999997
511,511,511,18107.957811180542,2019-07-30T22:59:14.886999Z,6,h6,60.375,370.375,3.02720989686278,h5,0.199,0.228,2019-07-30 22:59:14.852499+00:00,4.2105,1476.3039999999996
512,512,512,18107.95781094906,2019-07-30T22:59:14.967999Z,6,h6,77.875,387.875,3.02720989686278,h5,0.098,0.147,2019-07-30 22:59:14.923499+00:00,0.071,1476.3749999999995
513,513,513,18107.95781466434,2019-07-30T22:59:15.186999Z,6,h6,59.5,369.5,5.014253468801087,h5,0.2,0.228,2019-07-30 22:59:15.152999+00:00,0.2295,1476.6044999999995
514,514,514,18107.957814652767,2019-07-30T22:59:15.269999Z,6,h6,60.37499999999999,370.375,5.014253468801087,h5,0.116,0.145,2019-07-30 22:59:15.235499+00:00,0.0825,1476.6869999999994
515,515,515,18107.957843854158,2019-07-30T22:59:17.714999Z,6,h6,60.375,370.375,4.641250330444543,h5,0.194,0.223,2019-07-30 22:59:17.680499+00:00,2.445,1479.1319999999994
516,516,516,18107.957843854158,2019-07-30T22:59:17.800999Z,6,h6,60.375000000000014,370.375,4.641250330444543,h5,0.108,0.137,2019-07-30 22:59:17.766499+00:00,0.086,1479.2179999999994
517,517,517,18107.957848912025,2019-07-30T22:59:17.946999Z,6,h6,35.0,345.0,1.322513376011397,h5,0.399,0.399,2019-07-30 22:59:17.926999+00:00,0.1605,1479.3784999999993
518,518,518,18107.95795653934,2019-07-30T22:59:27.444999Z,6,h6,63.0,373.0,4.525004462133765,h5,0.2,0.232,2019-07-30 22:59:27.408999+00:00,9.482,1488.8604999999993
519,519,519,18107.95795653934,2019-07-30T22:59:27.520999Z,6,h6,63.0,373.0,4.525004462133765,h5,0.124,0.156,2019-07-30 22:59:27.484999+00:00,0.076,1488.9364999999993
520,520,520,18107.95795653934,2019-07-30T22:59:27.607999Z,6,h6,63.00000000000001,373.0,4.525004462133765,h5,0.037,0.069,2019-07-30 22:59:27.571999+00:00,0.087,1489.0234999999993
521,521,521,18107.957993807857,2019-07-30T22:59:30.664999Z,6,h6,63.875,373.875,6.297904521866854,h5,0.2,0.233,2019-07-30 22:59:30.628499+00:00,3.0565,1492.0799999999992
522,522,522,18107.957993807857,2019-07-30T22:59:30.756999Z,6,h6,63.000000000000014,373.0,6.297904521866854,h5,0.108,0.14,2019-07-30 22:59:30.720999+00:00,0.0925,1492.1724999999992
523,523,523,18107.957994537028,2019-07-30T22:59:30.925999Z,6,h6,42.875,352.875,4.341797912727448,h5,0.002,0.011,2019-07-30 22:59:30.901499+00:00,0.1805,1492.3529999999992
525,525,525,18107.957999027767,2019-07-30T22:59:31.119999Z,6,h6,63.875,373.875,2.0828101476353,h5,0.196,0.229,2019-07-30 22:59:31.083499+00:00,0.1225,1492.5349999999992
526,526,526,18107.958004224525,2019-07-30T22:59:31.564999Z,6,h6,64.75,374.75,1.145681536134942,h5,0.2,0.234,2019-07-30 22:59:31.527999+00:00,0.4445,1492.9794999999992
527,527,527,18107.95800909721,2019-07-30T22:59:31.988999Z,6,h6,74.37499999999999,384.375,2.42436344727404,h5,0.197,0.242,2019-07-30 22:59:31.946499+00:00,0.4185,1493.3979999999992
528,528,528,18107.95801270832,2019-07-30T22:59:32.337999Z,6,h6,-70.875,239.125,0.8220686059927599,h5,0.16,0.039,2019-07-30 22:59:32.378499+00:00,0.432,1493.8299999999992
529,529,529,18107.95801270832,2019-07-30T22:59:32.429999Z,6,h6,-19.250000000000007,290.75,0.8220686059927599,h5,0.068,0.006,2019-07-30 22:59:32.440999+00:00,0.0625,1493.8924999999992
531,531,531,18107.95801983795,2019-07-30T22:59:32.917999Z,6,h6,64.75,374.75,5.179323664555449,h5,0.196,0.23,2019-07-30 22:59:32.880999+00:00,0.391,1494.3324999999993
532,532,532,18107.95801983795,2019-07-30T22:59:33.002999Z,6,h6,64.74999999999999,374.75,5.179323664555449,h5,0.111,0.145,2019-07-30 22:59:32.965999+00:00,0.085,1494.4174999999993
533,533,533,18107.958019814803,2019-07-30T22:59:33.109999Z,6,h6,66.5,376.5,5.179323664555449,h5,0.002,0.038,2019-07-30 22:59:33.071999+00:00,0.106,1494.5234999999993
534,534,534,18107.958068483786,2019-07-30T22:59:37.116999Z,6,h6,65.62499999999997,375.625,2.921684453524729,h5,0.2,0.235,2019-07-30 22:59:37.079499+00:00,4.0075,1498.5309999999993
535,535,535,18107.958068483786,2019-07-30T22:59:37.193999Z,6,h6,64.75,374.75,2.921684453524729,h5,0.123,0.157,2019-07-30 22:59:37.156999+00:00,0.0775,1498.6084999999994
536,536,536,18107.95811600693,2019-07-30T22:59:41.225999Z,6,h6,-126.875,183.125,0.6263673858559682,h5,0.197,0.012,2019-07-30 22:59:41.298499+00:00,4.1415,1502.7499999999993
537,537,537,18107.958120509247,2019-07-30T22:59:41.611999Z,6,h6,64.75,374.75,0.9791085710470984,h5,0.2,0.234,2019-07-30 22:59:41.574999+00:00,0.2765,1503.0264999999993
538,538,538,18107.9581204861,2019-07-30T22:59:41.780999Z,6,h6,66.5,376.5,0.9791085710470984,h5,0.029,0.065,2019-07-30 22:59:41.742999+00:00,0.168,1503.1944999999992
539,539,539,18107.95812681712,2019-07-30T22:59:42.156999Z,6,h6,-124.25000000000004,185.75,0.7369676444164437,h5,0.2,0.018,2019-07-30 22:59:42.227999+00:00,0.485,1503.679499999999
540,540,540,18107.95816787036,2019-07-30T22:59:45.703999Z,6,h6,68.24999999999997,378.25,3.1547255156845564,h5,0.2,0.238,2019-07-30 22:59:45.664999+00:00,3.437,1507.116499999999
541,541,541,18107.95816787036,2019-07-30T22:59:45.789999Z,6,h6,68.25,378.25,3.1547255156845564,h5,0.114,0.152,2019-07-30 22:59:45.750999+00:00,0.086,1507.202499999999
542,542,542,18107.958170682858,2019-07-30T22:59:45.946999Z,6,h6,68.24999999999997,378.25,2.8695279859604543,h5,0.2,0.238,2019-07-30 22:59:45.907999+00:00,0.157,1507.359499999999
543,543,543,18107.958170682858,2019-07-30T22:59:46.029998Z,6,h6,66.5,376.5,2.8695279859604543,h5,0.117,0.153,2019-07-30 22:59:45.991998+00:00,0.083999,1507.4434989999988
544,544,544,18107.958209699063,2019-07-30T22:59:49.320999Z,6,h6,69.12499999999997,379.125,1.7772237057674574,h5,0.197,0.236,2019-07-30 22:59:49.281499+00:00,3.289501,1510.7329999999988
545,545,545,18107.958209699063,2019-07-30T22:59:49.408999Z,6,h6,67.375,377.375,1.7772237057674574,h5,0.109,0.146,2019-07-30 22:59:49.370499+00:00,0.089,1510.8219999999988
546,546,546,18107.958228993044,2019-07-30T22:59:51.012999Z,6,h6,68.25,378.25,13.730499676939887,h5,0.172,0.21,2019-07-30 22:59:50.973999+00:00,1.6035,1512.4254999999987
547,547,547,18107.958228993044,2019-07-30T22:59:51.088999Z,6,h6,68.25,378.25,13.730499676939887,h5,0.096,0.134,2019-07-30 22:59:51.049999+00:00,0.076,1512.5014999999987
548,548,548,18107.958228993044,2019-07-30T22:59:51.170999Z,6,h6,68.25,378.25,13.730499676939887,h5,0.014,0.052,2019-07-30 22:59:51.131999+00:00,0.082,1512.5834999999988
549,549,549,18107.958235335635,2019-07-30T22:59:51.334000Z,6,h6,35.0,345.0,1.6520689848520855,h5,0.399,0.399,2019-07-30 22:59:51.314000+00:00,0.182001,1512.7655009999987
550,550,550,18107.95824057869,2019-07-30T22:59:51.985999Z,6,h6,68.24999999999997,378.25,6.944025315223644,h5,0.2,0.238,2019-07-30 22:59:51.946999+00:00,0.632999,1513.3984999999986
551,551,551,18107.95824057869,2019-07-30T22:59:52.068999Z,6,h6,68.25,378.25,6.944025315223644,h5,0.117,0.155,2019-07-30 22:59:52.029999+00:00,0.083,1513.4814999999987
553,553,553,18107.958242662025,2019-07-30T22:59:52.264999Z,6,h6,66.5,376.5,6.944025315223644,h5,0.101,0.137,2019-07-30 22:59:52.226999+00:00,0.197,1513.6784999999986
552,552,552,18107.95824270832,2019-07-30T22:59:52.189999Z,6,h6,-92.75,217.25,6.944025315223644,h5,0.18,0.034,2019-07-30 22:59:52.242999+00:00,0.016,1513.6944999999987
554,554,554,18107.958306898137,2019-07-30T22:59:57.715999Z,6,h6,76.99999999999999,387.0,0.7613031139126298,h5,0.2,0.248,2019-07-30 22:59:57.671999+00:00,5.429,1519.1234999999988
555,555,555,18107.95833773147,2019-07-30T23:00:00.379999Z,6,h6,65.62499999999997,375.625,0.8286456660057835,h5,0.2,0.235,2019-07-30 23:00:00.342499+00:00,2.6705,1521.7939999999987
556,556,556,18107.958462719893,2019-07-30T23:00:11.178999Z,6,h6,70.87499999999999,380.875,6.341672234426227,h5,0.2,0.241,2019-07-30 23:00:11.138499+00:00,10.796,1532.5899999999988
557,557,557,18107.958462719896,2019-07-30T23:00:11.255999Z,6,h6,70.0,380.0,6.341672234426227,h5,0.123,0.163,2019-07-30 23:00:11.215999+00:00,0.0775,1532.6674999999989
558,558,558,18107.95864476851,2019-07-30T23:00:26.920999Z,6,h6,83.125,393.125,1.4753437555322937,h5,0.187,0.242,2019-07-30 23:00:26.873499+00:00,15.6575,1548.324999999999
560,560,560,18107.95864716434,2019-07-30T23:00:27.249999Z,6,h6,77.0,387.0,1.092572596587865,h5,0.065,0.113,2019-07-30 23:00:27.205999+00:00,0.3325,1548.657499999999
559,559,559,18107.958647164334,2019-07-30T23:00:27.145999Z,6,h6,-109.375,200.625,1.092572596587865,h5,0.169,0.004,2019-07-30 23:00:27.208499+00:00,0.0025,1548.659999999999
561,561,561,18107.958648715263,2019-07-30T23:00:27.358999Z,6,h6,-42.0,268.0,1.092572596587865,h5,0.09,0.002,2019-07-30 23:00:27.382999+00:00,0.1745,1548.834499999999
565,565,565,18107.958656944436,2019-07-30T23:00:27.981999Z,6,h6,-104.125,205.875,0.8129058497932817,h5,0.178,0.019,2019-07-30 23:00:28.041499+00:00,0.093,1549.4929999999993
566,566,566,18107.958758425917,2019-07-30T23:00:36.727999Z,6,h6,77.875,387.875,0.5098288929247274,h5,0.2,0.249,2019-07-30 23:00:36.683499+00:00,8.642,1558.1349999999993
567,567,567,18107.958868182857,2019-07-30T23:00:46.210999Z,6,h6,69.12499999999997,379.125,5.143863341730015,h5,0.2,0.239,2019-07-30 23:00:46.171499+00:00,9.488,1567.6229999999994
569,569,569,18107.9588711111,2019-07-30T23:00:46.562999Z,6,h6,70.87499999999999,380.875,2.100124739617547,h5,0.101,0.142,2019-07-30 23:00:46.522499+00:00,0.1765,1567.9739999999995
570,570,570,18107.958912847207,2019-07-30T23:00:50.069999Z,6,h6,76.99999999999999,387.0,2.348269569795783,h5,0.2,0.248,2019-07-30 23:00:50.025999+00:00,3.5035,1571.4774999999995
571,571,571,18107.95895586804,2019-07-30T23:00:53.786999Z,6,h6,77.875,387.875,0.4022752076401256,h5,0.2,0.249,2019-07-30 23:00:53.742499+00:00,3.7165,1575.1939999999995
572,572,572,18107.95897958332,2019-07-30T23:00:55.836999Z,6,h6,69.99999999999999,380.0,1.2525138140584786,h5,0.199,0.239,2019-07-30 23:00:55.796999+00:00,2.0545,1577.2484999999995
573,573,573,18107.958979571747,2019-07-30T23:00:55.959998Z,6,h6,70.875,380.875,1.2525138140584786,h5,0.075,0.116,2019-07-30 23:00:55.919498+00:00,0.122499,1577.3709989999995
574,574,574,18107.958985752302,2019-07-30T23:00:56.372999Z,6,h6,73.49999999999999,383.5,0.912132137269578,h5,0.196,0.24,2019-07-30 23:00:56.330999+00:00,0.411501,1577.7824999999996
576,576,576,18107.9589932986,2019-07-30T23:00:57.023999Z,6,h6,69.99999999999999,380.0,0.6541097706913135,h5,0.197,0.237,2019-07-30 23:00:56.983999+00:00,0.405,1578.4354999999996
577,577,577,18107.958998090264,2019-07-30T23:00:57.434999Z,6,h6,73.49999999999999,383.5,1.4916250618252236,h5,0.2,0.244,2019-07-30 23:00:57.392999+00:00,0.409,1578.8444999999997
578,578,578,18107.95900326388,2019-07-30T23:00:57.881999Z,6,h6,69.99999999999999,380.0,1.785838843417974,h5,0.2,0.24,2019-07-30 23:00:57.841999+00:00,0.449,1579.2934999999998
579,579,579,18107.95900326388,2019-07-30T23:00:57.962999Z,6,h6,70.0,380.0,1.785838843417974,h5,0.119,0.159,2019-07-30 23:00:57.922999+00:00,0.081,1579.3744999999997
580,580,580,18107.95900849536,2019-07-30T23:00:58.341999Z,6,h6,75.24999999999999,385.25,0.8937106599202564,h5,0.192,0.238,2019-07-30 23:00:58.298999+00:00,0.376,1579.7504999999996
581,581,581,18107.959012974527,2019-07-30T23:00:58.724999Z,6,h6,72.62499999999999,382.625,2.5490629667441524,h5,0.196,0.239,2019-07-30 23:00:58.683499+00:00,0.3845,1580.1349999999995
582,582,582,18107.959012974527,2019-07-30T23:00:58.817000Z,6,h6,72.625,382.625,2.5490629667441524,h5,0.104,0.147,2019-07-30 23:00:58.775500+00:00,0.092001,1580.2270009999995
583,583,583,18107.959024398137,2019-07-30T23:00:59.711999Z,6,h6,72.62499999999999,382.625,1.4681435477206788,h5,0.196,0.239,2019-07-30 23:00:59.670499+00:00,0.894999,1581.1219999999996
584,584,584,18107.959034768504,2019-07-30T23:01:00.612999Z,6,h6,78.75,388.75,2.3032167056331487,h5,0.191,0.241,2019-07-30 23:01:00.567999+00:00,0.8975,1582.0194999999997
585,585,585,18107.959034768508,2019-07-30T23:01:00.692999Z,6,h6,78.75,388.75,2.3032167056331487,h5,0.111,0.161,2019-07-30 23:01:00.647999+00:00,0.08,1582.0994999999996
