,ot_dt,cumulative_events
0,2019-05-21 07:38:00,1
1,2019-05-21 07:38:00,2
2,2019-05-21 07:38:00,3
3,2019-05-21 07:38:00,4
4,2019-05-21 07:38:00,7
5,2019-05-21 07:38:00,8
6,2019-05-21 07:38:00,9
7,2019-05-21 07:38:00,10
8,2019-05-21 07:38:00,12
9,2019-05-21 07:38:00,28
10,2019-05-21 07:38:00,29
11,2019-05-21 07:38:00,30
12,2019-05-21 07:38:00,31
13,2019-05-21 07:38:00,32
14,2019-05-21 07:39:00,33
15,2019-05-21 07:39:00,51
16,2019-05-21 07:39:00,55
17,2019-05-21 07:39:00,56
18,2019-05-21 07:39:00,59
19,2019-05-21 07:39:00,60
20,2019-05-21 07:39:00,61
21,2019-05-21 07:39:00,62
22,2019-05-21 07:39:00,63
23,2019-05-21 07:39:00,64
24,2019-05-21 07:39:00,65
25,2019-05-21 07:39:00,66
26,2019-05-21 07:39:00,67
27,2019-05-21 07:39:00,71
28,2019-05-21 07:39:00,72
29,2019-05-21 07:39:00,73
30,2019-05-21 07:39:00,74
31,2019-05-21 07:39:00,75
32,2019-05-21 07:40:00,76
33,2019-05-21 07:40:00,77
34,2019-05-21 07:40:00,78
35,2019-05-21 07:40:00,79
36,2019-05-21 07:40:00,81
37,2019-05-21 07:40:00,82
38,2019-05-21 07:40:00,83
39,2019-05-21 07:40:00,84
40,2019-05-21 07:40:00,85
41,2019-05-21 07:40:00,86
42,2019-05-21 07:40:00,87
43,2019-05-21 07:40:00,88
44,2019-05-21 07:40:00,89
45,2019-05-21 07:40:00,90
46,2019-05-21 07:40:00,94
47,2019-05-21 07:40:00,95
48,2019-05-21 07:40:00,96
49,2019-05-21 07:40:00,97
50,2019-05-21 07:40:00,98
51,2019-05-21 07:40:00,99
52,2019-05-21 07:40:00,100
53,2019-05-21 07:40:00,101
54,2019-05-21 07:40:00,102
55,2019-05-21 07:40:00,103
56,2019-05-21 07:40:00,104
57,2019-05-21 07:40:00,110
58,2019-05-21 07:40:00,124
59,2019-05-21 07:40:00,125
60,2019-05-21 07:40:00,126
61,2019-05-21 07:40:00,130
62,2019-05-21 07:40:00,131
63,2019-05-21 07:41:00,132
64,2019-05-21 07:41:00,133
65,2019-05-21 07:41:00,134
66,2019-05-21 07:41:00,135
67,2019-05-21 07:41:00,136
68,2019-05-21 07:41:00,137
69,2019-05-21 07:41:00,138
70,2019-05-21 07:41:00,142
71,2019-05-21 07:41:00,143
72,2019-05-21 07:41:00,144
73,2019-05-21 07:41:00,149
74,2019-05-21 07:42:00,150
75,2019-05-21 07:42:00,152
76,2019-05-21 07:42:00,153
77,2019-05-21 07:42:00,154
78,2019-05-21 07:42:00,155
79,2019-05-21 07:42:00,156
80,2019-05-21 07:42:00,157
81,2019-05-21 07:42:00,158
82,2019-05-21 07:42:00,159
83,2019-05-21 07:42:00,164
84,2019-05-21 07:42:00,175
85,2019-05-21 07:42:00,176
86,2019-05-21 07:42:00,177
87,2019-05-21 07:42:00,178
88,2019-05-21 07:43:00,179
89,2019-05-21 07:43:00,180
90,2019-05-21 07:43:00,187
91,2019-05-21 07:43:00,194
92,2019-05-21 07:43:00,195
93,2019-05-21 07:43:00,196
94,2019-05-21 07:43:00,199
95,2019-05-21 07:43:00,200
96,2019-05-21 07:44:00,203
97,2019-05-21 07:44:00,204
98,2019-05-21 07:44:00,205
99,2019-05-21 07:44:00,206
100,2019-05-21 07:44:00,207
101,2019-05-21 07:44:00,208
102,2019-05-21 07:44:00,209
103,2019-05-21 07:44:00,210
104,2019-05-21 07:44:00,211
105,2019-05-21 07:44:00,229
106,2019-05-21 07:44:00,231
107,2019-05-21 07:44:00,235
108,2019-05-21 07:44:00,236
109,2019-05-21 07:44:00,243
110,2019-05-21 07:44:00,255
111,2019-05-21 07:44:00,261
112,2019-05-21 07:44:00,272
113,2019-05-21 07:46:00,274
114,2019-05-21 07:46:00,275
115,2019-05-21 07:46:00,281
116,2019-05-21 07:46:00,282
117,2019-05-21 07:47:00,287
118,2019-05-21 07:47:00,288
119,2019-05-21 07:47:00,289
120,2019-05-21 07:47:00,292
121,2019-05-21 07:47:00,297
122,2019-05-21 07:47:00,298
123,2019-05-21 07:48:00,299
124,2019-05-21 07:48:00,300
125,2019-05-21 07:48:00,301
126,2019-05-21 07:48:00,302
127,2019-05-21 07:48:00,303
128,2019-05-21 07:48:00,304
129,2019-05-21 07:48:00,307
130,2019-05-21 07:48:00,313
131,2019-05-21 07:48:00,316
132,2019-05-21 07:48:00,327
133,2019-05-21 07:49:00,328
134,2019-05-21 07:49:00,329
135,2019-05-21 07:49:00,330
136,2019-05-21 07:49:00,331
137,2019-05-21 07:49:00,332
138,2019-05-21 07:49:00,333
139,2019-05-21 07:49:00,334
140,2019-05-21 07:49:00,335
141,2019-05-21 07:49:00,337
142,2019-05-21 07:49:00,338
143,2019-05-21 07:49:00,339
144,2019-05-21 07:49:00,340
145,2019-05-21 07:49:00,341
146,2019-05-21 07:49:00,342
147,2019-05-21 07:49:00,360
148,2019-05-21 07:49:00,361
149,2019-05-21 07:49:00,362
150,2019-05-21 07:49:00,381
151,2019-05-21 07:49:00,382
152,2019-05-21 07:49:00,390
153,2019-05-21 07:49:00,398
154,2019-05-21 07:49:00,419
155,2019-05-21 07:49:00,420
156,2019-05-21 07:49:00,431
157,2019-05-21 07:49:00,432
158,2019-05-21 07:49:00,433
159,2019-05-21 07:49:00,434
160,2019-05-21 07:49:00,436
161,2019-05-21 07:50:00,437
162,2019-05-21 07:50:00,438
163,2019-05-21 07:50:00,456
164,2019-05-21 07:50:00,457
165,2019-05-21 07:50:00,458
166,2019-05-21 07:50:00,462
167,2019-05-21 07:50:00,463
168,2019-05-21 07:50:00,482
169,2019-05-21 07:50:00,491
170,2019-05-21 07:50:00,492
171,2019-05-21 07:50:00,493
172,2019-05-21 07:50:00,494
173,2019-05-21 07:50:00,495
174,2019-05-21 07:50:00,499
175,2019-05-21 07:51:00,500
176,2019-05-21 07:51:00,501
177,2019-05-21 07:51:00,502
178,2019-05-21 07:51:00,503
179,2019-05-21 07:51:00,504
180,2019-05-21 07:51:00,505
181,2019-05-21 07:51:00,506
182,2019-05-21 07:51:00,507
183,2019-05-21 07:51:00,508
184,2019-05-21 07:51:00,509
185,2019-05-21 07:51:00,510
186,2019-05-21 07:51:00,511
187,2019-05-21 07:51:00,512
188,2019-05-21 07:51:00,513
189,2019-05-21 07:51:00,514
190,2019-05-21 07:51:00,515
191,2019-05-21 07:51:00,530
192,2019-05-21 07:51:00,531
193,2019-05-21 07:51:00,551
194,2019-05-21 07:51:00,569
195,2019-05-21 07:51:00,571
196,2019-05-21 07:51:00,572
197,2019-05-21 07:51:00,573
198,2019-05-21 07:51:00,574
199,2019-05-21 07:51:00,586
200,2019-05-21 07:51:00,587
201,2019-05-21 07:51:00,588
202,2019-05-21 07:52:00,593
203,2019-05-21 07:52:00,594
204,2019-05-21 07:52:00,598
205,2019-05-21 07:52:00,602
206,2019-05-21 07:52:00,603
207,2019-05-21 07:52:00,604
208,2019-05-21 07:52:00,605
209,2019-05-21 07:52:00,608
210,2019-05-21 07:52:00,611
211,2019-05-21 07:52:00,614
212,2019-05-21 07:52:00,615
213,2019-05-21 07:52:00,616
214,2019-05-21 07:52:00,617
215,2019-05-21 07:53:00,618
216,2019-05-21 07:53:00,619
217,2019-05-21 07:53:00,620
218,2019-05-21 07:53:00,621
219,2019-05-21 07:53:00,622
220,2019-05-21 07:53:00,623
221,2019-05-21 07:53:00,624
222,2019-05-21 07:53:00,625
223,2019-05-21 07:53:00,626
224,2019-05-21 07:53:00,627
225,2019-05-21 07:53:00,636
226,2019-05-21 07:53:00,637
227,2019-05-21 07:53:00,658
228,2019-05-21 07:53:00,665
229,2019-05-21 07:53:00,666
230,2019-05-21 07:53:00,681
231,2019-05-21 07:53:00,682
232,2019-05-21 07:53:00,683
233,2019-05-21 07:53:00,684
234,2019-05-21 07:53:00,685
235,2019-05-21 07:53:00,686
236,2019-05-21 07:53:00,688
237,2019-05-21 07:54:00,691
238,2019-05-21 07:54:00,694
239,2019-05-21 07:54:00,706
240,2019-05-21 07:54:00,709
241,2019-05-21 07:54:00,712
242,2019-05-21 07:54:00,713
243,2019-05-21 07:56:00,714
244,2019-05-21 07:57:00,717
245,2019-05-21 07:57:00,718
246,2019-05-21 07:58:00,719
247,2019-05-21 07:58:00,720
248,2019-05-21 08:01:00,721
249,2019-05-21 08:01:00,722
250,2019-05-21 08:01:00,723
251,2019-05-21 08:01:00,724
252,2019-05-21 08:01:00,730
253,2019-05-21 08:01:00,731
254,2019-05-21 08:02:00,732
255,2019-05-21 08:02:00,736
256,2019-05-21 08:02:00,748
257,2019-05-21 08:02:00,749
258,2019-05-21 08:02:00,756
259,2019-05-21 08:02:00,765
260,2019-05-21 08:02:00,766
261,2019-05-21 08:03:00,768
262,2019-05-21 08:03:00,771
263,2019-05-21 08:03:00,772
264,2019-05-21 08:03:00,773
265,2019-05-21 08:03:00,774
266,2019-05-21 08:03:00,777
267,2019-05-21 08:04:00,783
268,2019-05-21 08:04:00,784
269,2019-05-21 08:04:00,789
270,2019-05-21 08:04:00,794
271,2019-05-21 08:04:00,795
272,2019-05-21 08:04:00,797
273,2019-05-21 08:04:00,805
274,2019-05-21 08:05:00,806
275,2019-05-21 08:05:00,807
276,2019-05-21 08:05:00,816
277,2019-05-21 08:05:00,825
278,2019-05-21 08:05:00,837
279,2019-05-21 08:05:00,838
280,2019-05-21 08:05:00,847
281,2019-05-21 08:05:00,848
282,2019-05-21 08:05:00,849
283,2019-05-21 08:05:00,850
284,2019-05-21 08:05:00,851
285,2019-05-21 08:05:00,852
286,2019-05-21 08:06:00,853
287,2019-05-21 08:06:00,854
288,2019-05-21 08:06:00,855
289,2019-05-21 08:06:00,860
290,2019-05-21 08:06:00,879
291,2019-05-21 08:06:00,880
292,2019-05-21 08:06:00,889
293,2019-05-21 08:06:00,890
294,2019-05-21 08:06:00,891
295,2019-05-21 08:06:00,909
296,2019-05-21 08:06:00,910
297,2019-05-21 08:06:00,911
298,2019-05-21 08:06:00,916
299,2019-05-21 08:06:00,917
300,2019-05-21 08:06:00,918
301,2019-05-21 08:06:00,919
302,2019-05-21 08:06:00,920
303,2019-05-21 08:06:00,921
304,2019-05-21 08:06:00,922
305,2019-05-21 08:06:00,925
306,2019-05-21 08:07:00,926
307,2019-05-21 08:07:00,927
308,2019-05-21 08:07:00,928
309,2019-05-21 08:07:00,930
310,2019-05-21 08:07:00,944
311,2019-05-21 08:07:00,953
312,2019-05-21 08:07:00,961
313,2019-05-21 08:07:00,962
314,2019-05-21 08:07:00,963
315,2019-05-21 08:08:00,974
316,2019-05-21 08:08:00,975
317,2019-05-21 08:08:00,977
318,2019-05-21 08:08:00,988
319,2019-05-21 08:08:00,994
320,2019-05-21 08:08:00,995
321,2019-05-21 08:08:00,999
322,2019-05-21 08:09:00,1000
323,2019-05-21 08:09:00,1001
324,2019-05-21 08:09:00,1002
325,2019-05-21 08:09:00,1003
326,2019-05-21 08:09:00,1004
327,2019-05-21 08:09:00,1005
328,2019-05-21 08:09:00,1006
329,2019-05-21 08:09:00,1011
330,2019-05-21 08:09:00,1012
331,2019-05-21 08:09:00,1013
332,2019-05-21 08:09:00,1019
333,2019-05-21 08:09:00,1020
334,2019-05-21 08:09:00,1028
335,2019-05-21 08:09:00,1029
336,2019-05-21 08:09:00,1031
337,2019-05-21 08:10:00,1032
338,2019-05-21 08:11:00,1034
339,2019-05-21 08:12:00,1035
340,2019-05-21 08:12:00,1036
341,2019-05-21 08:12:00,1037
342,2019-05-21 08:12:00,1038
343,2019-05-21 08:12:00,1040
344,2019-05-21 08:12:00,1043
345,2019-05-21 08:12:00,1045
346,2019-05-21 08:12:00,1051
347,2019-05-21 08:12:00,1062
348,2019-05-21 08:13:00,1063
349,2019-05-21 08:13:00,1064
350,2019-05-21 08:13:00,1066
351,2019-05-21 08:13:00,1067
352,2019-05-21 08:13:00,1072
353,2019-05-21 08:13:00,1075
354,2019-05-21 08:13:00,1079
355,2019-05-21 08:13:00,1080
356,2019-05-21 08:13:00,1081
357,2019-05-21 08:13:00,1083
358,2019-05-21 08:13:00,1084
359,2019-05-21 08:13:00,1085
360,2019-05-21 08:14:00,1086
361,2019-05-21 08:14:00,1088
362,2019-05-21 08:14:00,1089
363,2019-05-21 08:14:00,1093
364,2019-05-21 08:14:00,1102
365,2019-05-21 08:14:00,1103
366,2019-05-21 08:14:00,1119
367,2019-05-21 08:14:00,1120
368,2019-05-21 08:14:00,1121
369,2019-05-21 08:14:00,1134
370,2019-05-21 08:14:00,1150
371,2019-05-21 08:14:00,1151
372,2019-05-21 08:14:00,1157
373,2019-05-21 08:14:00,1158
374,2019-05-21 08:14:00,1159
375,2019-05-21 08:14:00,1160
376,2019-05-21 08:14:00,1161
377,2019-05-21 08:15:00,1162
378,2019-05-21 08:15:00,1171
379,2019-05-21 08:15:00,1172
380,2019-05-21 08:15:00,1173
381,2019-05-21 08:15:00,1174
382,2019-05-21 08:15:00,1175
383,2019-05-21 08:15:00,1177
384,2019-05-21 08:15:00,1186
385,2019-05-21 08:16:00,1187
386,2019-05-21 08:16:00,1190
387,2019-05-21 08:16:00,1198
388,2019-05-21 08:16:00,1201
389,2019-05-21 08:16:00,1202
390,2019-05-21 08:17:00,1206
391,2019-05-21 08:17:00,1207
392,2019-05-21 08:17:00,1208
393,2019-05-21 08:17:00,1212
394,2019-05-21 08:18:00,1216
395,2019-05-21 08:18:00,1217
396,2019-05-21 08:18:00,1218
397,2019-05-21 08:18:00,1219
398,2019-05-21 08:18:00,1220
399,2019-05-21 08:18:00,1221
400,2019-05-21 08:18:00,1239
401,2019-05-21 08:18:00,1260
402,2019-05-21 08:18:00,1272
403,2019-05-21 08:18:00,1273
404,2019-05-21 08:18:00,1278
405,2019-05-21 08:18:00,1279
406,2019-05-21 08:18:00,1280
407,2019-05-21 08:18:00,1281
408,2019-05-21 08:18:00,1287
409,2019-05-21 08:18:00,1288
410,2019-05-21 08:18:00,1289
411,2019-05-21 08:18:00,1297
412,2019-05-21 08:18:00,1298
413,2019-05-21 08:18:00,1299
414,2019-05-21 08:18:00,1300
415,2019-05-21 08:18:00,1301
416,2019-05-21 08:18:00,1302
417,2019-05-21 08:18:00,1303
418,2019-05-21 08:18:00,1304
419,2019-05-21 08:18:00,1305
420,2019-05-21 08:18:00,1306
421,2019-05-21 08:18:00,1307
422,2019-05-21 08:18:00,1308
423,2019-05-21 08:18:00,1309
424,2019-05-21 08:18:00,1310
425,2019-05-21 08:18:00,1311
426,2019-05-21 08:18:00,1312
427,2019-05-21 08:18:00,1313
428,2019-05-21 08:19:00,1315
429,2019-05-21 08:19:00,1316
430,2019-05-21 08:19:00,1317
431,2019-05-21 08:19:00,1320
432,2019-05-21 08:19:00,1325
433,2019-05-21 08:19:00,1334
434,2019-05-21 08:19:00,1336
435,2019-05-21 08:20:00,1337
436,2019-05-21 08:20:00,1338
437,2019-05-21 08:20:00,1339
438,2019-05-21 08:20:00,1341
439,2019-05-21 08:20:00,1342
440,2019-05-21 08:20:00,1354
441,2019-05-21 08:20:00,1360
442,2019-05-21 08:20:00,1361
443,2019-05-21 08:20:00,1377
444,2019-05-21 08:20:00,1396
445,2019-05-21 08:20:00,1397
446,2019-05-21 08:20:00,1398
447,2019-05-21 08:21:00,1400
448,2019-05-21 08:21:00,1401
449,2019-05-21 08:21:00,1410
450,2019-05-21 08:21:00,1411
451,2019-05-21 08:21:00,1418
452,2019-05-21 08:21:00,1419
453,2019-05-21 08:21:00,1420
454,2019-05-21 08:21:00,1421
455,2019-05-21 08:21:00,1422
456,2019-05-21 08:22:00,1423
457,2019-05-21 08:22:00,1424
458,2019-05-21 08:22:00,1427
459,2019-05-21 08:22:00,1428
460,2019-05-21 08:23:00,1429
461,2019-05-21 08:23:00,1430
462,2019-05-21 08:23:00,1434
463,2019-05-21 08:23:00,1436
464,2019-05-21 08:23:00,1437
465,2019-05-21 08:24:00,1450
466,2019-05-21 08:24:00,1451
467,2019-05-21 08:24:00,1452
468,2019-05-21 08:24:00,1455
469,2019-05-21 08:24:00,1458
470,2019-05-21 08:24:00,1459
471,2019-05-21 08:24:00,1466
472,2019-05-21 08:24:00,1472
473,2019-05-21 08:24:00,1473
474,2019-05-21 08:24:00,1474
475,2019-05-21 08:24:00,1493
476,2019-05-21 08:24:00,1511
477,2019-05-21 08:24:00,1512
478,2019-05-21 08:24:00,1513
479,2019-05-21 08:24:00,1514
480,2019-05-21 08:24:00,1515
481,2019-05-21 08:24:00,1516
482,2019-05-21 08:24:00,1517
483,2019-05-21 08:24:00,1518
484,2019-05-21 08:24:00,1519
485,2019-05-21 08:24:00,1520
486,2019-05-21 08:24:00,1521
487,2019-05-21 08:24:00,1522
488,2019-05-21 08:24:00,1523
489,2019-05-21 08:25:00,1543
490,2019-05-21 08:25:00,1544
491,2019-05-21 08:25:00,1545
492,2019-05-21 08:25:00,1563
493,2019-05-21 08:25:00,1564
494,2019-05-21 08:25:00,1570
495,2019-05-21 08:25:00,1588
496,2019-05-21 08:25:00,1589
497,2019-05-21 08:25:00,1591
498,2019-05-21 08:25:00,1609
499,2019-05-21 08:25:00,1610
500,2019-05-21 08:25:00,1611
501,2019-05-21 08:25:00,1612
502,2019-05-21 08:26:00,1613
503,2019-05-21 08:26:00,1615
504,2019-05-21 08:26:00,1616
505,2019-05-21 08:26:00,1617
506,2019-05-21 08:26:00,1618
507,2019-05-21 08:26:00,1634
508,2019-05-21 08:26:00,1639
509,2019-05-21 08:27:00,1640
510,2019-05-21 08:27:00,1662
511,2019-05-21 08:27:00,1663
512,2019-05-21 08:27:00,1664
513,2019-05-21 08:27:00,1673
514,2019-05-21 08:27:00,1674
515,2019-05-21 08:27:00,1675
516,2019-05-21 08:27:00,1676
517,2019-05-21 08:27:00,1685
518,2019-05-21 08:27:00,1686
519,2019-05-21 08:27:00,1687
520,2019-05-21 08:27:00,1692
521,2019-05-21 08:27:00,1693
522,2019-05-21 08:27:00,1713
523,2019-05-21 08:27:00,1714
524,2019-05-21 08:27:00,1715
525,2019-05-21 08:27:00,1719
526,2019-05-21 08:27:00,1720
527,2019-05-21 08:27:00,1722
528,2019-05-21 08:27:00,1723
529,2019-05-21 08:27:00,1724
530,2019-05-21 08:27:00,1725
531,2019-05-21 08:27:00,1726
532,2019-05-21 08:27:00,1727
533,2019-05-21 08:27:00,1728
534,2019-05-21 08:27:00,1729
535,2019-05-21 08:27:00,1730
536,2019-05-21 08:27:00,1731
537,2019-05-21 08:27:00,1732
538,2019-05-21 08:27:00,1733
539,2019-05-21 08:27:00,1734
540,2019-05-21 08:27:00,1735
541,2019-05-21 08:27:00,1736
542,2019-05-21 08:28:00,1751
543,2019-05-21 08:28:00,1767
544,2019-05-21 08:28:00,1768
545,2019-05-21 08:28:00,1770
546,2019-05-21 08:28:00,1771
547,2019-05-21 08:28:00,1778
548,2019-05-21 08:28:00,1779
549,2019-05-21 08:28:00,1797
550,2019-05-21 08:28:00,1799
551,2019-05-21 08:28:00,1800
552,2019-05-21 08:28:00,1801
553,2019-05-21 08:28:00,1802
554,2019-05-21 08:29:00,1803
555,2019-05-21 08:29:00,1809
556,2019-05-21 08:29:00,1810
557,2019-05-21 08:29:00,1826
558,2019-05-21 08:29:00,1827
559,2019-05-21 08:29:00,1836
560,2019-05-21 08:29:00,1837
561,2019-05-21 08:29:00,1838
562,2019-05-21 08:30:00,1839
563,2019-05-21 08:30:00,1840
564,2019-05-21 08:30:00,1841
565,2019-05-21 08:31:00,1850
566,2019-05-21 08:31:00,1851
567,2019-05-21 08:31:00,1854
568,2019-05-21 08:31:00,1859
569,2019-05-21 08:31:00,1862
570,2019-05-21 08:31:00,1866
571,2019-05-21 08:31:00,1867
572,2019-05-21 08:31:00,1868
573,2019-05-21 08:32:00,1884
574,2019-05-21 08:32:00,1893
575,2019-05-21 08:32:00,1902
576,2019-05-21 08:32:00,1904
577,2019-05-21 08:32:00,1912
578,2019-05-21 08:32:00,1916
579,2019-05-21 08:32:00,1917
580,2019-05-21 08:33:00,1918
581,2019-05-21 08:34:00,1920
582,2019-05-21 08:34:00,1924
583,2019-05-21 08:34:00,1926
584,2019-05-21 08:34:00,1938
585,2019-05-21 08:34:00,1939
586,2019-05-21 08:35:00,1940
587,2019-05-21 08:35:00,1941
588,2019-05-21 08:35:00,1942
589,2019-05-21 08:35:00,1945
590,2019-05-21 08:35:00,1946
591,2019-05-21 08:35:00,1948
592,2019-05-21 08:35:00,1951
593,2019-05-21 08:35:00,1952
594,2019-05-21 08:35:00,1953
595,2019-05-21 08:35:00,1954
596,2019-05-21 08:35:00,1955
597,2019-05-21 08:35:00,1956
598,2019-05-21 08:35:00,1957
599,2019-05-21 08:35:00,1961
600,2019-05-21 08:35:00,1962
601,2019-05-21 08:35:00,1979
602,2019-05-21 08:35:00,1981
603,2019-05-21 08:35:00,1982
604,2019-05-21 08:35:00,1999
605,2019-05-21 08:35:00,2001
606,2019-05-21 08:35:00,2019
607,2019-05-21 08:35:00,2042
608,2019-05-21 08:35:00,2043
609,2019-05-21 08:35:00,2044
610,2019-05-21 08:35:00,2045
611,2019-05-21 08:36:00,2046
612,2019-05-21 08:36:00,2053
613,2019-05-21 08:36:00,2054
614,2019-05-21 08:36:00,2055
615,2019-05-21 08:36:00,2056
616,2019-05-21 08:36:00,2075
617,2019-05-21 08:36:00,2076
618,2019-05-21 08:36:00,2077
619,2019-05-21 08:36:00,2078
620,2019-05-21 08:36:00,2079
621,2019-05-21 08:36:00,2080
622,2019-05-21 08:36:00,2081
623,2019-05-21 08:36:00,2102
624,2019-05-21 08:36:00,2104
625,2019-05-21 08:36:00,2105
626,2019-05-21 08:36:00,2122
627,2019-05-21 08:36:00,2125
628,2019-05-21 08:36:00,2127
629,2019-05-21 08:36:00,2128
630,2019-05-21 08:36:00,2129
631,2019-05-21 08:36:00,2130
632,2019-05-21 08:36:00,2131
633,2019-05-21 08:36:00,2132
634,2019-05-21 08:36:00,2146
635,2019-05-21 08:36:00,2147
636,2019-05-21 08:36:00,2148
637,2019-05-21 08:36:00,2150
638,2019-05-21 08:37:00,2151
639,2019-05-21 08:37:00,2152
640,2019-05-21 08:37:00,2153
641,2019-05-21 08:37:00,2160
642,2019-05-21 08:37:00,2161
643,2019-05-21 08:37:00,2164
644,2019-05-21 08:37:00,2166
645,2019-05-21 08:37:00,2167
646,2019-05-21 08:37:00,2169
647,2019-05-21 08:37:00,2183
648,2019-05-21 08:37:00,2184
649,2019-05-21 08:37:00,2187
650,2019-05-21 08:37:00,2188
651,2019-05-21 08:37:00,2206
652,2019-05-21 08:37:00,2207
653,2019-05-21 08:37:00,2223
654,2019-05-21 08:37:00,2224
655,2019-05-21 08:37:00,2226
656,2019-05-21 08:37:00,2227
657,2019-05-21 08:37:00,2228
658,2019-05-21 08:37:00,2229
659,2019-05-21 08:37:00,2230
660,2019-05-21 08:37:00,2231
661,2019-05-21 08:37:00,2232
662,2019-05-21 08:37:00,2233
663,2019-05-21 08:37:00,2234
664,2019-05-21 08:37:00,2235
665,2019-05-21 08:37:00,2236
666,2019-05-21 08:37:00,2237
667,2019-05-21 08:37:00,2238
668,2019-05-21 08:37:00,2239
669,2019-05-21 08:37:00,2240
670,2019-05-21 08:37:00,2241
671,2019-07-07 08:44:00,2242
672,2019-07-07 08:45:00,2243
673,2019-07-07 08:45:00,2244
674,2019-07-07 08:46:00,2245
675,2019-07-07 08:46:00,2247
676,2019-07-07 08:46:00,2248
677,2019-07-07 08:46:00,2249
678,2019-07-07 08:46:00,2250
679,2019-07-07 08:46:00,2251
680,2019-07-07 08:48:00,2252
681,2019-07-07 08:48:00,2253
682,2019-07-07 08:48:00,2261
683,2019-07-07 08:48:00,2262
684,2019-07-07 08:48:00,2263
685,2019-07-07 08:48:00,2266
686,2019-07-07 08:48:00,2267
687,2019-07-07 08:48:00,2268
688,2019-07-07 08:48:00,2269
689,2019-07-07 08:48:00,2270
690,2019-07-07 08:48:00,2271
691,2019-07-07 08:48:00,2272
692,2019-07-07 08:48:00,2273
693,2019-07-07 08:48:00,2274
694,2019-07-07 08:48:00,2275
695,2019-07-07 08:48:00,2276
696,2019-07-07 08:48:00,2277
697,2019-07-07 08:48:00,2278
698,2019-07-07 08:49:00,2279
699,2019-07-07 08:49:00,2280
700,2019-07-07 08:49:00,2281
701,2019-07-07 08:49:00,2287
702,2019-07-07 08:49:00,2288
703,2019-07-07 08:49:00,2289
704,2019-07-07 08:49:00,2290
705,2019-07-07 08:49:00,2291
706,2019-07-07 08:52:00,2292
707,2019-07-07 08:57:00,2293
708,2019-07-07 08:59:00,2294
709,2019-07-07 08:59:00,2295
710,2019-07-07 08:59:00,2297
711,2019-07-07 09:00:00,2298
712,2019-07-07 09:00:00,2299
713,2019-07-07 09:00:00,2300
714,2019-07-07 09:00:00,2301
715,2019-07-07 09:00:00,2302
716,2019-07-07 09:00:00,2303
717,2019-07-07 09:00:00,2306
718,2019-07-07 09:00:00,2316
719,2019-07-07 09:00:00,2317
720,2019-07-07 09:00:00,2318
721,2019-07-07 09:00:00,2319
722,2019-07-07 09:00:00,2320
723,2019-07-07 09:00:00,2321
724,2019-07-07 09:00:00,2324
725,2019-07-07 09:00:00,2325
726,2019-07-07 09:00:00,2326
727,2019-07-07 09:00:00,2327
728,2019-07-07 09:01:00,2328
729,2019-07-07 09:01:00,2329
730,2019-07-07 09:01:00,2330
731,2019-07-07 09:01:00,2331
732,2019-07-07 09:01:00,2332
733,2019-07-07 09:01:00,2333
734,2019-07-07 09:01:00,2334
735,2019-07-07 09:01:00,2335
736,2019-07-07 09:01:00,2336
737,2019-07-07 09:01:00,2337
738,2019-07-07 09:01:00,2338
739,2019-07-07 09:01:00,2339
740,2019-07-07 09:01:00,2340
741,2019-07-07 09:01:00,2341
742,2019-07-07 09:01:00,2342
743,2019-07-07 09:01:00,2343
744,2019-07-07 09:01:00,2344
745,2019-07-07 09:01:00,2349
746,2019-07-07 09:01:00,2350
747,2019-07-07 09:01:00,2351
748,2019-07-07 09:01:00,2352
749,2019-07-07 09:01:00,2353
750,2019-07-07 09:02:00,2354
751,2019-07-07 09:02:00,2358
752,2019-07-07 09:02:00,2359
753,2019-07-07 09:02:00,2360
754,2019-07-07 09:02:00,2361
755,2019-07-07 09:02:00,2362
756,2019-07-07 09:02:00,2363
757,2019-07-07 09:02:00,2364
758,2019-07-07 09:02:00,2365
759,2019-07-07 09:02:00,2366
760,2019-07-07 09:02:00,2367
761,2019-07-07 09:02:00,2368
762,2019-07-07 09:02:00,2369
763,2019-07-07 09:02:00,2370
764,2019-07-07 09:02:00,2371
765,2019-07-07 09:02:00,2372
766,2019-07-07 09:02:00,2373
767,2019-07-07 09:02:00,2374
768,2019-07-07 09:02:00,2375
769,2019-07-07 09:02:00,2376
770,2019-07-07 09:03:00,2377
771,2019-07-07 09:03:00,2380
772,2019-07-07 09:03:00,2383
773,2019-07-07 09:03:00,2384
774,2019-07-07 09:03:00,2385
775,2019-07-07 09:03:00,2386
776,2019-07-07 09:03:00,2387
777,2019-07-07 09:03:00,2388
778,2019-07-07 09:03:00,2389
779,2019-07-07 09:03:00,2390
780,2019-07-07 09:03:00,2391
781,2019-07-07 09:03:00,2392
782,2019-07-07 09:03:00,2393
783,2019-07-07 09:03:00,2394
784,2019-07-07 09:03:00,2396
785,2019-07-07 09:03:00,2397
786,2019-07-07 09:03:00,2398
787,2019-07-07 09:03:00,2402
788,2019-07-07 09:03:00,2403
789,2019-07-07 09:03:00,2404
790,2019-07-07 09:03:00,2405
791,2019-07-07 09:03:00,2406
792,2019-07-07 09:03:00,2408
793,2019-07-07 09:03:00,2409
794,2019-07-07 09:03:00,2410
795,2019-07-07 09:03:00,2411
796,2019-07-07 09:03:00,2416
797,2019-07-07 09:03:00,2418
798,2019-07-07 09:03:00,2419
799,2019-07-07 09:03:00,2421
800,2019-07-07 09:03:00,2422
801,2019-07-07 09:03:00,2424
802,2019-07-07 09:03:00,2425
803,2019-07-07 09:03:00,2426
804,2019-07-07 09:03:00,2427
805,2019-07-07 09:03:00,2428
806,2019-07-07 09:03:00,2429
807,2019-07-07 09:03:00,2430
808,2019-07-07 09:03:00,2432
809,2019-07-07 09:03:00,2433
810,2019-07-07 09:03:00,2434
811,2019-07-07 09:03:00,2435
812,2019-07-07 09:03:00,2436
813,2019-07-07 09:03:00,2437
814,2019-07-07 09:03:00,2438
815,2019-07-07 09:03:00,2439
816,2019-07-07 09:03:00,2440
817,2019-07-07 09:03:00,2442
818,2019-07-07 09:03:00,2443
819,2019-07-07 09:03:00,2444
820,2019-07-07 09:03:00,2446
821,2019-07-07 09:03:00,2447
822,2019-07-07 09:04:00,2453
823,2019-07-07 09:04:00,2454
824,2019-07-07 09:04:00,2455
825,2019-07-07 09:04:00,2456
826,2019-07-07 09:04:00,2457
827,2019-07-07 09:04:00,2458
828,2019-07-07 09:04:00,2459
829,2019-07-07 09:04:00,2460
830,2019-07-07 09:04:00,2461
831,2019-07-07 09:04:00,2464
832,2019-07-07 09:04:00,2465
833,2019-07-07 09:04:00,2466
834,2019-07-07 09:04:00,2467
835,2019-07-07 09:04:00,2468
836,2019-07-07 09:04:00,2469
837,2019-07-07 09:04:00,2470
838,2019-07-07 09:04:00,2471
839,2019-07-07 09:04:00,2472
840,2019-07-07 09:04:00,2473
841,2019-07-07 09:04:00,2474
842,2019-07-07 09:04:00,2475
843,2019-07-07 09:04:00,2476
844,2019-07-07 09:04:00,2477
845,2019-07-07 09:04:00,2478
846,2019-07-07 09:04:00,2479
847,2019-07-07 09:04:00,2480
848,2019-07-07 09:04:00,2482
849,2019-07-07 09:04:00,2483
850,2019-07-07 09:04:00,2484
851,2019-07-07 09:04:00,2485
852,2019-07-07 09:04:00,2486
853,2019-07-07 09:04:00,2487
854,2019-07-07 09:04:00,2488
855,2019-07-07 09:04:00,2489
856,2019-07-07 09:04:00,2499
857,2019-07-07 09:04:00,2500
858,2019-07-07 09:04:00,2501
859,2019-07-07 09:04:00,2502
860,2019-07-07 09:04:00,2526
861,2019-07-07 09:04:00,2527
862,2019-07-07 09:04:00,2528
863,2019-07-07 09:04:00,2529
864,2019-07-07 09:04:00,2530
865,2019-07-07 09:04:00,2531
866,2019-07-07 09:04:00,2532
867,2019-07-07 09:05:00,2533
868,2019-07-07 09:05:00,2534
869,2019-07-07 09:05:00,2535
870,2019-07-07 09:05:00,2536
871,2019-07-07 09:05:00,2537
872,2019-07-07 09:05:00,2538
873,2019-07-07 09:05:00,2539
874,2019-07-07 09:05:00,2540
875,2019-07-07 09:05:00,2542
876,2019-07-07 09:05:00,2543
877,2019-07-07 09:05:00,2544
878,2019-07-07 09:05:00,2545
879,2019-07-07 09:05:00,2546
880,2019-07-07 09:05:00,2547
881,2019-07-07 09:05:00,2548
882,2019-07-07 09:05:00,2549
883,2019-07-07 09:05:00,2550
884,2019-07-07 09:05:00,2578
885,2019-07-07 09:05:00,2580
886,2019-07-07 09:05:00,2583
887,2019-07-07 09:05:00,2584
888,2019-07-07 09:05:00,2585
889,2019-07-07 09:05:00,2586
890,2019-07-07 09:05:00,2587
891,2019-07-07 09:05:00,2588
892,2019-07-07 09:05:00,2589
893,2019-07-07 09:05:00,2591
894,2019-07-07 09:05:00,2593
895,2019-07-07 09:05:00,2594
896,2019-07-07 09:05:00,2595
897,2019-07-07 09:05:00,2596
898,2019-07-07 09:05:00,2597
899,2019-07-07 09:05:00,2598
900,2019-07-07 09:05:00,2599
901,2019-07-07 09:05:00,2600
902,2019-07-07 09:05:00,2601
903,2019-07-07 09:06:00,2603
904,2019-07-07 09:06:00,2604
905,2019-07-07 09:06:00,2605
906,2019-07-07 09:06:00,2606
907,2019-07-07 09:06:00,2607
908,2019-07-07 09:06:00,2608
909,2019-07-07 09:06:00,2609
910,2019-07-07 09:06:00,2610
911,2019-07-07 09:06:00,2611
912,2019-07-07 09:06:00,2612
913,2019-07-07 09:06:00,2613
914,2019-07-07 09:06:00,2614
915,2019-07-07 09:06:00,2615
916,2019-07-07 09:06:00,2616
917,2019-07-07 09:06:00,2617
918,2019-07-07 09:06:00,2618
919,2019-07-07 09:06:00,2619
920,2019-07-07 09:06:00,2620
921,2019-07-07 09:06:00,2621
922,2019-07-07 09:06:00,2640
923,2019-07-07 09:06:00,2641
924,2019-07-07 09:06:00,2642
925,2019-07-07 09:06:00,2643
926,2019-07-07 09:06:00,2644
927,2019-07-07 09:06:00,2645
928,2019-07-07 09:06:00,2646
929,2019-07-07 09:06:00,2647
930,2019-07-07 09:06:00,2648
931,2019-07-07 09:06:00,2649
932,2019-07-07 09:06:00,2650
933,2019-07-07 09:06:00,2651
934,2019-07-07 09:06:00,2652
935,2019-07-07 09:06:00,2653
936,2019-07-07 09:06:00,2654
937,2019-07-07 09:06:00,2655
938,2019-07-07 09:06:00,2656
939,2019-07-07 09:06:00,2657
940,2019-07-07 09:06:00,2658
941,2019-07-07 09:07:00,2659
942,2019-07-07 09:07:00,2660
943,2019-07-07 09:07:00,2661
944,2019-07-07 09:07:00,2662
945,2019-07-07 09:07:00,2663
946,2019-07-07 09:07:00,2664
947,2019-07-07 09:07:00,2665
948,2019-07-07 09:07:00,2666
949,2019-07-07 09:07:00,2667
950,2019-07-07 09:07:00,2668
951,2019-07-07 09:07:00,2670
952,2019-07-07 09:07:00,2671
953,2019-07-07 09:07:00,2672
954,2019-07-07 09:07:00,2673
955,2019-07-07 09:07:00,2674
956,2019-07-07 09:07:00,2675
957,2019-07-07 09:07:00,2676
958,2019-07-07 09:07:00,2677
959,2019-07-07 09:07:00,2678
960,2019-07-07 09:07:00,2679
961,2019-07-07 09:07:00,2680
962,2019-07-07 09:07:00,2681
963,2019-07-07 09:07:00,2682
964,2019-07-07 09:07:00,2683
965,2019-07-07 09:07:00,2684
966,2019-07-07 09:07:00,2685
967,2019-07-07 09:07:00,2686
968,2019-07-07 09:07:00,2687
969,2019-07-07 09:07:00,2688
970,2019-07-07 09:07:00,2689
971,2019-07-07 09:07:00,2690
972,2019-07-07 09:07:00,2704
973,2019-07-07 09:07:00,2705
974,2019-07-07 09:07:00,2706
975,2019-07-07 09:07:00,2708
976,2019-07-07 09:07:00,2709
977,2019-07-07 09:07:00,2710
978,2019-07-07 09:07:00,2712
979,2019-07-07 09:07:00,2713
980,2019-07-07 09:07:00,2714
981,2019-07-07 09:08:00,2716
982,2019-07-07 09:08:00,2717
983,2019-07-07 09:08:00,2718
984,2019-07-07 09:08:00,2720
985,2019-07-07 09:08:00,2721
986,2019-07-07 09:08:00,2726
987,2019-07-07 09:08:00,2734
988,2019-07-07 09:08:00,2735
989,2019-07-07 09:08:00,2736
990,2019-07-07 09:08:00,2737
991,2019-07-07 09:08:00,2738
992,2019-07-07 09:08:00,2740
993,2019-07-07 09:08:00,2741
994,2019-07-07 09:08:00,2742
995,2019-07-07 09:08:00,2743
996,2019-07-07 09:08:00,2744
997,2019-07-07 09:08:00,2745
998,2019-07-07 09:08:00,2746
999,2019-07-07 09:08:00,2747
1000,2019-07-07 09:08:00,2748
1001,2019-07-07 09:08:00,2749
1002,2019-07-07 09:08:00,2750
1003,2019-07-07 09:08:00,2751
1004,2019-07-07 09:08:00,2752
1005,2019-07-07 09:08:00,2755
1006,2019-07-07 09:08:00,2757
1007,2019-07-07 09:08:00,2758
1008,2019-07-07 09:08:00,2759
1009,2019-07-07 09:08:00,2760
1010,2019-07-07 09:08:00,2761
1011,2019-07-07 09:08:00,2763
1012,2019-07-07 09:08:00,2764
1013,2019-07-07 09:08:00,2769
1014,2019-07-07 09:08:00,2770
1015,2019-07-07 09:08:00,2771
1016,2019-07-07 09:08:00,2773
1017,2019-07-07 09:08:00,2774
1018,2019-07-07 09:08:00,2775
1019,2019-07-07 09:08:00,2776
1020,2019-07-07 09:08:00,2777
1021,2019-07-07 09:08:00,2778
1022,2019-07-07 09:08:00,2779
1023,2019-07-07 09:08:00,2780
1024,2019-07-07 09:08:00,2781
1025,2019-07-07 09:08:00,2782
1026,2019-07-07 09:08:00,2783
1027,2019-07-07 09:08:00,2784
1028,2019-07-07 09:08:00,2785
1029,2019-07-07 09:08:00,2786
1030,2019-07-07 09:08:00,2787
1031,2019-07-07 09:08:00,2788
1032,2019-07-07 09:08:00,2792
1033,2019-07-07 09:08:00,2793
1034,2019-07-07 09:09:00,2794
1035,2019-07-07 09:09:00,2795
1036,2019-07-07 09:09:00,2797
1037,2019-07-07 09:09:00,2798
1038,2019-07-07 09:09:00,2800
1039,2019-07-07 09:09:00,2818
1040,2019-07-07 09:09:00,2819
1041,2019-07-07 09:09:00,2820
1042,2019-07-07 09:09:00,2822
1043,2019-07-07 09:09:00,2823
1044,2019-07-07 09:09:00,2824
1045,2019-07-07 09:09:00,2826
1046,2019-07-07 09:09:00,2827
1047,2019-07-07 09:09:00,2828
1048,2019-07-07 09:09:00,2829
1049,2019-07-07 09:09:00,2830
1050,2019-07-07 09:09:00,2831
1051,2019-07-07 09:09:00,2832
1052,2019-07-07 09:09:00,2833
1053,2019-07-07 09:09:00,2834
1054,2019-07-07 09:09:00,2835
1055,2019-07-07 09:09:00,2836
1056,2019-07-07 09:09:00,2837
1057,2019-07-07 09:09:00,2838
1058,2019-07-07 09:10:00,2839
1059,2019-07-07 09:10:00,2840
1060,2019-07-07 09:10:00,2841
1061,2019-07-07 09:10:00,2842
1062,2019-07-07 09:10:00,2843
1063,2019-07-07 09:10:00,2844
1064,2019-07-07 09:10:00,2845
1065,2019-07-07 09:10:00,2846
1066,2019-07-07 09:10:00,2847
1067,2019-07-07 09:10:00,2848
1068,2019-07-07 09:10:00,2849
1069,2019-07-07 09:10:00,2850
1070,2019-07-07 09:10:00,2852
1071,2019-07-07 09:10:00,2853
1072,2019-07-07 09:10:00,2854
1073,2019-07-07 09:10:00,2855
1074,2019-07-07 09:10:00,2856
1075,2019-07-07 09:10:00,2857
1076,2019-07-07 09:10:00,2858
1077,2019-07-07 09:10:00,2860
1078,2019-07-07 09:10:00,2861
1079,2019-07-07 09:10:00,2862
1080,2019-07-07 09:10:00,2863
1081,2019-07-07 09:10:00,2864
1082,2019-07-07 09:10:00,2869
1083,2019-07-07 09:10:00,2870
1084,2019-07-07 09:10:00,2871
1085,2019-07-07 09:10:00,2872
1086,2019-07-07 09:10:00,2873
1087,2019-07-07 09:10:00,2874
1088,2019-07-07 09:10:00,2875
1089,2019-07-07 09:10:00,2876
1090,2019-07-07 09:10:00,2878
1091,2019-07-07 09:10:00,2879
1092,2019-07-07 09:10:00,2880
1093,2019-07-07 09:10:00,2881
1094,2019-07-07 09:10:00,2882
1095,2019-07-07 09:10:00,2883
1096,2019-07-07 09:10:00,2884
1097,2019-07-07 09:11:00,2886
1098,2019-07-07 09:11:00,2887
1099,2019-07-07 09:12:00,2888
1100,2019-07-07 09:12:00,2889
1101,2019-07-07 09:12:00,2890
1102,2019-07-07 09:12:00,2891
1103,2019-07-07 09:12:00,2892
1104,2019-07-07 09:12:00,2893
1105,2019-07-07 09:12:00,2894
1106,2019-07-07 09:12:00,2895
1107,2019-07-07 09:12:00,2897
1108,2019-07-07 09:13:00,2899
1109,2019-07-07 09:13:00,2900
1110,2019-07-07 09:13:00,2901
1111,2019-07-07 09:13:00,2903
1112,2019-07-07 09:13:00,2904
1113,2019-07-07 09:13:00,2905
1114,2019-07-07 09:13:00,2906
1115,2019-07-07 09:13:00,2907
1116,2019-07-07 09:13:00,2908
1117,2019-07-07 09:13:00,2909
1118,2019-07-07 09:13:00,2912
1119,2019-07-07 09:14:00,2913
1120,2019-07-07 09:14:00,2914
1121,2019-07-07 09:14:00,2915
1122,2019-07-07 09:14:00,2917
1123,2019-07-07 09:14:00,2918
1124,2019-07-07 09:14:00,2919
1125,2019-07-07 09:14:00,2920
1126,2019-07-07 09:14:00,2921
1127,2019-07-07 09:14:00,2922
1128,2019-07-07 09:14:00,2923
1129,2019-07-07 09:14:00,2924
1130,2019-07-07 09:14:00,2925
1131,2019-07-07 09:14:00,2926
1132,2019-07-07 09:14:00,2932
1133,2019-07-07 09:14:00,2933
1134,2019-07-07 09:14:00,2934
1135,2019-07-07 09:14:00,2940
1136,2019-07-07 09:15:00,2942
1137,2019-07-07 09:15:00,2948
1138,2019-07-07 09:15:00,2949
1139,2019-07-07 09:15:00,2950
1140,2019-07-07 09:15:00,2951
1141,2019-07-07 09:15:00,2952
1142,2019-07-07 09:15:00,2953
1143,2019-07-07 09:15:00,2954
1144,2019-07-07 09:15:00,2955
1145,2019-07-07 09:15:00,2956
1146,2019-07-07 09:15:00,2957
1147,2019-07-07 09:15:00,2958
1148,2019-07-07 09:15:00,2959
1149,2019-07-07 09:15:00,2960
1150,2019-07-07 09:15:00,2961
1151,2019-07-07 09:15:00,2963
1152,2019-07-07 09:15:00,2964
1153,2019-07-07 09:15:00,2965
1154,2019-07-07 09:15:00,2972
1155,2019-07-07 09:15:00,2974
1156,2019-07-07 09:15:00,2975
1157,2019-07-07 09:15:00,2976
1158,2019-07-07 09:15:00,2977
1159,2019-07-07 09:15:00,2980
1160,2019-07-07 09:15:00,2982
1161,2019-07-07 09:15:00,2983
1162,2019-07-07 09:16:00,2988
1163,2019-07-07 09:16:00,2989
1164,2019-07-07 09:16:00,2990
1165,2019-07-07 09:16:00,2991
1166,2019-07-07 09:16:00,2992
1167,2019-07-07 09:16:00,2994
1168,2019-07-07 09:16:00,2995
1169,2019-07-07 09:16:00,2996
1170,2019-07-07 09:16:00,2997
1171,2019-07-07 09:16:00,3000
1172,2019-07-07 09:16:00,3001
1173,2019-07-07 09:16:00,3002
1174,2019-07-07 09:16:00,3003
1175,2019-07-07 09:16:00,3004
1176,2019-07-07 09:16:00,3006
1177,2019-07-07 09:16:00,3007
1178,2019-07-07 09:16:00,3008
1179,2019-07-07 09:16:00,3009
1180,2019-07-07 09:16:00,3010
1181,2019-07-07 09:16:00,3011
1182,2019-07-07 09:16:00,3012
1183,2019-07-07 09:16:00,3013
1184,2019-07-07 09:16:00,3014
1185,2019-07-07 09:16:00,3015
1186,2019-07-07 09:16:00,3018
1187,2019-07-07 09:16:00,3019
1188,2019-07-07 09:16:00,3020
1189,2019-07-07 09:16:00,3021
1190,2019-07-07 09:16:00,3022
1191,2019-07-07 09:16:00,3025
1192,2019-07-07 09:16:00,3026
1193,2019-07-07 09:16:00,3028
1194,2019-07-07 09:16:00,3033
1195,2019-07-07 09:16:00,3034
1196,2019-07-07 09:16:00,3035
1197,2019-07-07 09:16:00,3036
1198,2019-07-07 09:16:00,3038
1199,2019-07-07 09:16:00,3040
1200,2019-07-07 09:16:00,3041
1201,2019-07-07 09:16:00,3042
1202,2019-07-07 09:16:00,3043
1203,2019-07-07 09:16:00,3044
1204,2019-07-07 09:17:00,3050
1205,2019-07-07 09:17:00,3051
1206,2019-07-07 09:17:00,3055
1207,2019-07-07 09:17:00,3056
1208,2019-07-07 09:17:00,3057
1209,2019-07-07 09:17:00,3058
1210,2019-07-07 09:17:00,3059
1211,2019-07-07 09:17:00,3060
1212,2019-07-07 09:17:00,3061
1213,2019-07-07 09:17:00,3062
1214,2019-07-07 09:17:00,3063
1215,2019-07-07 09:17:00,3077
1216,2019-07-07 09:17:00,3082
1217,2019-07-07 09:17:00,3083
1218,2019-07-07 09:17:00,3084
1219,2019-07-07 09:17:00,3085
1220,2019-07-07 09:17:00,3086
1221,2019-07-07 09:17:00,3087
1222,2019-07-07 09:17:00,3088
1223,2019-07-07 09:17:00,3089
1224,2019-07-07 09:17:00,3091
1225,2019-07-07 09:17:00,3092
1226,2019-07-07 09:17:00,3094
1227,2019-07-07 09:17:00,3095
1228,2019-07-07 09:17:00,3097
1229,2019-07-07 09:17:00,3098
1230,2019-07-07 09:17:00,3099
1231,2019-07-07 09:17:00,3100
1232,2019-07-07 09:17:00,3101
1233,2019-07-07 09:17:00,3102
1234,2019-07-07 09:17:00,3103
1235,2019-07-07 09:17:00,3104
1236,2019-07-07 09:17:00,3105
1237,2019-07-07 09:17:00,3106
1238,2019-07-07 09:17:00,3108
1239,2019-07-07 09:17:00,3109
1240,2019-07-07 09:17:00,3110
1241,2019-07-07 09:17:00,3111
1242,2019-07-07 09:17:00,3112
1243,2019-07-07 09:17:00,3114
1244,2019-07-07 09:17:00,3115
1245,2019-07-07 09:17:00,3116
1246,2019-07-07 09:17:00,3117
1247,2019-07-07 09:17:00,3118
1248,2019-07-07 09:17:00,3119
1249,2019-07-07 09:17:00,3120
1250,2019-07-07 09:17:00,3122
1251,2019-07-07 09:17:00,3123
1252,2019-07-07 09:17:00,3124
1253,2019-07-07 09:17:00,3125
1254,2019-07-07 09:17:00,3126
1255,2019-07-07 09:17:00,3127
1256,2019-07-07 09:17:00,3128
1257,2019-07-07 09:17:00,3129
1258,2019-07-07 09:17:00,3130
1259,2019-07-07 09:17:00,3131
1260,2019-07-07 09:17:00,3132
1261,2019-07-07 09:17:00,3133
1262,2019-07-07 09:17:00,3134
1263,2019-07-07 09:17:00,3135
1264,2019-07-07 09:17:00,3136
1265,2019-07-07 09:17:00,3138
1266,2019-07-07 09:17:00,3140
1267,2019-07-07 09:17:00,3141
1268,2019-07-07 09:17:00,3142
1269,2019-07-07 09:17:00,3145
1270,2019-07-07 09:17:00,3150
1271,2019-07-07 09:17:00,3151
1272,2019-07-07 09:17:00,3152
1273,2019-07-07 09:17:00,3153
1274,2019-07-07 09:17:00,3154
1275,2019-07-07 09:17:00,3155
1276,2019-07-07 09:17:00,3156
1277,2019-07-07 09:17:00,3157
1278,2019-07-07 09:17:00,3158
1279,2019-07-07 09:18:00,3159
1280,2019-07-07 09:18:00,3160
1281,2019-07-07 09:18:00,3161
1282,2019-07-07 09:18:00,3163
1283,2019-07-07 09:18:00,3164
1284,2019-07-07 09:18:00,3166
1285,2019-07-07 09:18:00,3167
1286,2019-07-07 09:18:00,3168
1287,2019-07-07 09:18:00,3169
1288,2019-07-07 09:18:00,3170
1289,2019-07-07 09:18:00,3171
1290,2019-07-07 09:18:00,3172
1291,2019-07-07 09:18:00,3173
1292,2019-07-07 09:18:00,3175
1293,2019-07-07 09:18:00,3176
1294,2019-07-07 09:18:00,3177
1295,2019-07-07 09:18:00,3178
1296,2019-07-07 09:18:00,3180
1297,2019-07-07 09:18:00,3181
1298,2019-07-07 09:18:00,3182
1299,2019-07-07 09:18:00,3183
1300,2019-07-07 09:18:00,3184
1301,2019-07-07 09:18:00,3185
1302,2019-07-07 09:18:00,3186
1303,2019-07-07 09:18:00,3187
1304,2019-07-07 09:18:00,3188
1305,2019-07-07 09:18:00,3189
1306,2019-07-07 09:18:00,3190
1307,2019-07-07 09:18:00,3191
1308,2019-07-07 09:18:00,3192
1309,2019-07-07 09:18:00,3193
1310,2019-07-07 09:18:00,3194
1311,2019-07-07 09:18:00,3195
1312,2019-07-07 09:18:00,3196
1313,2019-07-07 09:18:00,3197
1314,2019-07-07 09:18:00,3198
1315,2019-07-07 09:18:00,3199
1316,2019-07-07 09:18:00,3200
1317,2019-07-07 09:18:00,3201
1318,2019-07-07 09:18:00,3202
1319,2019-07-07 09:18:00,3203
1320,2019-07-07 09:18:00,3204
1321,2019-07-07 09:18:00,3205
1322,2019-07-07 09:18:00,3207
1323,2019-07-07 09:18:00,3209
1324,2019-07-07 09:18:00,3210
1325,2019-07-07 09:18:00,3211
1326,2019-07-07 09:18:00,3212
1327,2019-07-07 09:18:00,3213
1328,2019-07-07 09:18:00,3214
1329,2019-07-07 09:18:00,3215
1330,2019-07-07 09:18:00,3217
1331,2019-07-07 09:18:00,3223
1332,2019-07-07 09:18:00,3224
1333,2019-07-07 09:18:00,3225
1334,2019-07-07 09:18:00,3226
1335,2019-07-07 09:18:00,3227
1336,2019-07-07 09:18:00,3228
1337,2019-07-07 09:18:00,3230
1338,2019-07-07 09:18:00,3231
1339,2019-07-07 09:19:00,3234
1340,2019-07-07 09:19:00,3235
1341,2019-07-07 09:19:00,3236
1342,2019-07-07 09:19:00,3237
1343,2019-07-07 09:19:00,3239
1344,2019-07-07 09:19:00,3241
1345,2019-07-07 09:19:00,3245
1346,2019-07-07 09:19:00,3247
1347,2019-07-07 09:19:00,3249
1348,2019-07-07 09:19:00,3250
1349,2019-07-07 09:19:00,3251
1350,2019-07-07 09:19:00,3252
1351,2019-07-07 09:19:00,3253
1352,2019-07-07 09:19:00,3256
1353,2019-07-07 09:19:00,3257
1354,2019-07-07 09:19:00,3258
1355,2019-07-07 09:19:00,3259
1356,2019-07-07 09:19:00,3260
1357,2019-07-07 09:20:00,3263
1358,2019-07-07 09:20:00,3264
1359,2019-07-07 09:20:00,3265
1360,2019-07-07 09:20:00,3266
1361,2019-07-07 09:20:00,3267
1362,2019-07-07 09:20:00,3271
1363,2019-07-07 09:20:00,3272
1364,2019-07-07 09:20:00,3273
1365,2019-07-07 09:20:00,3276
1366,2019-07-07 09:20:00,3277
1367,2019-07-07 09:20:00,3280
1368,2019-07-07 09:20:00,3281
1369,2019-07-07 09:20:00,3282
1370,2019-07-07 09:20:00,3283
1371,2019-07-07 09:20:00,3287
1372,2019-07-07 09:20:00,3291
1373,2019-07-07 09:20:00,3292
1374,2019-07-07 09:20:00,3296
1375,2019-07-07 09:20:00,3297
1376,2019-07-07 09:20:00,3305
1377,2019-07-07 09:20:00,3306
1378,2019-07-07 09:20:00,3307
1379,2019-07-07 09:20:00,3308
1380,2019-07-07 09:20:00,3309
1381,2019-07-07 09:20:00,3310
1382,2019-07-07 09:20:00,3312
1383,2019-07-07 09:20:00,3313
1384,2019-07-07 09:20:00,3314
1385,2019-07-07 09:20:00,3315
1386,2019-07-07 09:20:00,3316
1387,2019-07-07 09:20:00,3317
1388,2019-07-07 09:20:00,3318
1389,2019-07-07 09:20:00,3319
1390,2019-07-07 09:20:00,3320
1391,2019-07-07 09:20:00,3321
1392,2019-07-07 09:20:00,3322
1393,2019-07-07 09:20:00,3323
1394,2019-07-07 09:20:00,3328
1395,2019-07-07 09:20:00,3329
1396,2019-07-07 09:20:00,3330
1397,2019-07-07 09:20:00,3331
1398,2019-07-07 09:20:00,3332
1399,2019-07-07 09:21:00,3333
1400,2019-07-07 09:21:00,3334
1401,2019-07-07 09:21:00,3335
1402,2019-07-07 09:21:00,3336
1403,2019-07-07 09:21:00,3337
1404,2019-07-07 09:21:00,3338
1405,2019-07-07 09:21:00,3339
1406,2019-07-07 09:21:00,3340
1407,2019-07-07 09:21:00,3341
1408,2019-07-07 09:21:00,3342
1409,2019-07-07 09:21:00,3343
1410,2019-07-07 09:21:00,3344
1411,2019-07-07 09:21:00,3345
1412,2019-07-07 09:21:00,3347
1413,2019-07-07 09:21:00,3348
1414,2019-07-07 09:21:00,3349
1415,2019-07-07 09:21:00,3350
1416,2019-07-07 09:21:00,3351
1417,2019-07-07 09:21:00,3352
1418,2019-07-07 09:21:00,3353
1419,2019-07-07 09:21:00,3354
1420,2019-07-07 09:21:00,3355
1421,2019-07-07 09:21:00,3356
1422,2019-07-07 09:21:00,3357
1423,2019-07-07 09:21:00,3358
1424,2019-07-07 09:21:00,3359
1425,2019-07-07 09:21:00,3360
1426,2019-07-07 09:21:00,3361
1427,2019-07-07 09:21:00,3371
1428,2019-07-07 09:21:00,3377
1429,2019-07-07 09:21:00,3378
1430,2019-07-07 09:21:00,3389
1431,2019-07-07 09:21:00,3398
1432,2019-07-07 09:21:00,3405
1433,2019-07-07 09:21:00,3406
1434,2019-07-07 09:21:00,3407
1435,2019-07-07 09:21:00,3408
1436,2019-07-07 09:21:00,3409
1437,2019-07-07 09:21:00,3410
1438,2019-07-07 09:21:00,3411
1439,2019-07-07 09:21:00,3412
1440,2019-07-07 09:21:00,3414
1441,2019-07-07 09:21:00,3417
1442,2019-07-07 09:21:00,3418
1443,2019-07-07 09:21:00,3419
1444,2019-07-07 09:21:00,3420
1445,2019-07-07 09:21:00,3421
1446,2019-07-07 09:21:00,3424
1447,2019-07-07 09:21:00,3425
1448,2019-07-07 09:21:00,3426
1449,2019-07-07 09:21:00,3430
1450,2019-07-07 09:21:00,3435
1451,2019-07-07 09:21:00,3436
1452,2019-07-07 09:21:00,3439
1453,2019-07-07 09:21:00,3442
1454,2019-07-07 09:21:00,3443
1455,2019-07-07 09:21:00,3445
1456,2019-07-07 09:21:00,3446
1457,2019-07-07 09:21:00,3447
1458,2019-07-07 09:21:00,3448
1459,2019-07-07 09:21:00,3449
1460,2019-07-07 09:21:00,3454
1461,2019-07-07 09:21:00,3455
1462,2019-07-07 09:21:00,3456
1463,2019-07-07 09:21:00,3457
1464,2019-07-07 09:21:00,3458
1465,2019-07-07 09:21:00,3459
1466,2019-07-07 09:21:00,3461
1467,2019-07-07 09:21:00,3463
1468,2019-07-07 09:22:00,3464
1469,2019-07-07 09:22:00,3465
1470,2019-07-07 09:22:00,3466
1471,2019-07-07 09:22:00,3468
1472,2019-07-07 09:22:00,3469
1473,2019-07-07 09:22:00,3470
1474,2019-07-07 09:22:00,3475
1475,2019-07-07 09:22:00,3478
1476,2019-07-07 09:22:00,3479
1477,2019-07-07 09:22:00,3480
1478,2019-07-07 09:22:00,3481
1479,2019-07-07 09:22:00,3482
1480,2019-07-07 09:22:00,3483
1481,2019-07-07 09:22:00,3484
1482,2019-07-07 09:22:00,3485
1483,2019-07-07 09:22:00,3486
1484,2019-07-07 09:22:00,3487
1485,2019-07-07 09:22:00,3488
1486,2019-07-07 09:22:00,3489
1487,2019-07-07 09:22:00,3490
1488,2019-07-07 09:22:00,3492
1489,2019-07-07 09:22:00,3493
1490,2019-07-07 09:22:00,3495
1491,2019-07-07 09:22:00,3496
1492,2019-07-07 09:22:00,3497
1493,2019-07-07 09:22:00,3498
1494,2019-07-07 09:22:00,3499
1495,2019-07-07 09:22:00,3500
1496,2019-07-07 09:22:00,3503
1497,2019-07-07 09:22:00,3504
1498,2019-07-07 09:22:00,3505
1499,2019-07-07 09:22:00,3506
1500,2019-07-07 09:22:00,3507
1501,2019-07-07 09:22:00,3508
1502,2019-07-07 09:22:00,3510
1503,2019-07-07 09:22:00,3518
1504,2019-07-07 09:22:00,3524
1505,2019-07-07 09:22:00,3525
1506,2019-07-07 09:22:00,3536
1507,2019-07-07 09:22:00,3537
1508,2019-07-07 09:22:00,3539
1509,2019-07-07 09:22:00,3540
1510,2019-07-07 09:22:00,3541
1511,2019-07-07 09:22:00,3542
1512,2019-07-07 09:22:00,3543
1513,2019-07-07 09:22:00,3544
1514,2019-07-07 09:22:00,3545
1515,2019-07-07 09:22:00,3546
1516,2019-07-07 09:22:00,3547
1517,2019-07-07 09:22:00,3548
1518,2019-07-07 09:22:00,3549
1519,2019-07-07 09:22:00,3550
1520,2019-07-07 09:22:00,3563
1521,2019-07-07 09:22:00,3564
1522,2019-07-07 09:22:00,3567
1523,2019-07-07 09:22:00,3586
1524,2019-07-07 09:22:00,3588
1525,2019-07-07 09:22:00,3589
1526,2019-07-07 09:22:00,3590
1527,2019-07-07 09:22:00,3591
1528,2019-07-07 09:22:00,3592
1529,2019-07-07 09:22:00,3593
1530,2019-07-07 09:22:00,3594
1531,2019-07-07 09:22:00,3595
1532,2019-07-07 09:23:00,3596
1533,2019-07-07 09:23:00,3597
1534,2019-07-07 09:23:00,3599
1535,2019-07-07 09:23:00,3600
1536,2019-07-07 09:23:00,3601
1537,2019-07-07 09:23:00,3602
1538,2019-07-07 09:23:00,3603
1539,2019-07-07 09:23:00,3604
1540,2019-07-07 09:23:00,3605
1541,2019-07-07 09:23:00,3606
1542,2019-07-07 09:23:00,3612
1543,2019-07-07 09:23:00,3613
1544,2019-07-07 09:23:00,3619
1545,2019-07-07 09:23:00,3620
1546,2019-07-07 09:23:00,3622
1547,2019-07-07 09:23:00,3623
1548,2019-07-07 09:23:00,3634
1549,2019-07-07 09:23:00,3635
1550,2019-07-07 09:23:00,3636
1551,2019-07-07 09:23:00,3652
1552,2019-07-07 09:23:00,3653
1553,2019-07-07 09:23:00,3654
1554,2019-07-07 09:23:00,3665
1555,2019-07-07 09:23:00,3666
1556,2019-07-07 09:23:00,3668
1557,2019-07-07 09:23:00,3669
1558,2019-07-07 09:23:00,3670
1559,2019-07-07 09:23:00,3671
1560,2019-07-07 09:23:00,3672
1561,2019-07-07 09:23:00,3673
1562,2019-07-07 09:23:00,3674
1563,2019-07-07 09:23:00,3677
1564,2019-07-07 09:23:00,3678
1565,2019-07-07 09:23:00,3679
1566,2019-07-07 09:23:00,3680
1567,2019-07-07 09:23:00,3681
1568,2019-07-07 09:23:00,3682
1569,2019-07-07 09:23:00,3683
1570,2019-07-07 09:23:00,3684
1571,2019-07-07 09:23:00,3685
1572,2019-07-07 09:23:00,3686
1573,2019-07-07 09:23:00,3687
1574,2019-07-07 09:23:00,3688
1575,2019-07-07 09:23:00,3689
1576,2019-07-07 09:23:00,3691
1577,2019-07-07 09:23:00,3692
1578,2019-07-07 09:23:00,3693
1579,2019-07-07 09:23:00,3694
1580,2019-07-07 09:23:00,3695
1581,2019-07-07 09:23:00,3696
1582,2019-07-07 09:23:00,3699
1583,2019-07-07 09:23:00,3700
1584,2019-07-07 09:23:00,3702
1585,2019-07-07 09:23:00,3709
1586,2019-07-07 09:23:00,3711
1587,2019-07-07 09:23:00,3712
1588,2019-07-07 09:23:00,3713
1589,2019-07-07 09:23:00,3714
1590,2019-07-07 09:23:00,3715
1591,2019-07-07 09:23:00,3716
1592,2019-07-07 09:23:00,3717
1593,2019-07-07 09:24:00,3718
1594,2019-07-07 09:24:00,3719
1595,2019-07-07 09:24:00,3721
1596,2019-07-07 09:24:00,3722
1597,2019-07-07 09:24:00,3723
1598,2019-07-07 09:24:00,3724
1599,2019-07-07 09:24:00,3725
1600,2019-07-07 09:24:00,3726
1601,2019-07-07 09:24:00,3727
1602,2019-07-07 09:24:00,3728
1603,2019-07-07 09:24:00,3729
1604,2019-07-07 09:24:00,3730
1605,2019-07-07 09:24:00,3731
1606,2019-07-07 09:24:00,3732
1607,2019-07-07 09:24:00,3733
1608,2019-07-07 09:24:00,3741
1609,2019-07-07 09:24:00,3742
1610,2019-07-07 09:24:00,3745
1611,2019-07-07 09:24:00,3746
1612,2019-07-07 09:24:00,3747
1613,2019-07-07 09:24:00,3748
1614,2019-07-07 09:24:00,3749
1615,2019-07-07 09:24:00,3750
1616,2019-07-07 09:24:00,3751
1617,2019-07-07 09:24:00,3752
1618,2019-07-07 09:24:00,3753
1619,2019-07-07 09:24:00,3754
1620,2019-07-07 09:24:00,3755
1621,2019-07-07 09:24:00,3759
1622,2019-07-07 09:24:00,3760
1623,2019-07-07 09:24:00,3761
1624,2019-07-07 09:24:00,3762
1625,2019-07-07 09:25:00,3763
1626,2019-07-07 09:25:00,3764
1627,2019-07-07 09:25:00,3765
1628,2019-07-07 09:25:00,3766
1629,2019-07-07 09:25:00,3768
1630,2019-07-07 09:25:00,3772
1631,2019-07-07 09:25:00,3781
1632,2019-07-07 09:25:00,3782
1633,2019-07-07 09:25:00,3783
1634,2019-07-07 09:25:00,3785
1635,2019-07-07 09:25:00,3794
1636,2019-07-07 09:25:00,3795
1637,2019-07-07 09:25:00,3800
1638,2019-07-07 09:25:00,3801
1639,2019-07-07 09:25:00,3802
1640,2019-07-07 09:25:00,3803
1641,2019-07-07 09:25:00,3805
1642,2019-07-07 09:25:00,3806
1643,2019-07-07 09:25:00,3809
1644,2019-07-07 09:25:00,3811
1645,2019-07-07 09:25:00,3812
1646,2019-07-07 09:25:00,3815
1647,2019-07-07 09:25:00,3816
1648,2019-07-07 09:25:00,3817
1649,2019-07-07 09:25:00,3829
1650,2019-07-07 09:25:00,3830
1651,2019-07-07 09:26:00,3831
1652,2019-07-07 09:26:00,3836
1653,2019-07-07 09:26:00,3837
1654,2019-07-07 09:26:00,3838
1655,2019-07-07 09:26:00,3839
1656,2019-07-07 09:26:00,3840
1657,2019-07-07 09:26:00,3843
1658,2019-07-07 09:26:00,3844
1659,2019-07-07 09:26:00,3846
1660,2019-07-07 09:26:00,3847
1661,2019-07-07 09:26:00,3848
1662,2019-07-07 09:26:00,3849
1663,2019-07-07 09:26:00,3855
1664,2019-07-07 09:26:00,3856
1665,2019-07-07 09:26:00,3857
1666,2019-07-07 09:26:00,3858
1667,2019-07-07 09:26:00,3859
1668,2019-07-07 09:26:00,3862
1669,2019-07-07 09:26:00,3863
1670,2019-07-07 09:26:00,3867
1671,2019-07-07 09:26:00,3868
1672,2019-07-07 09:26:00,3869
1673,2019-07-07 09:26:00,3873
1674,2019-07-07 09:26:00,3877
1675,2019-07-07 09:26:00,3878
1676,2019-07-07 09:26:00,3879
1677,2019-07-07 09:27:00,3880
1678,2019-07-07 09:27:00,3883
1679,2019-07-07 09:27:00,3884
1680,2019-07-07 09:27:00,3885
1681,2019-07-07 09:27:00,3886
1682,2019-07-07 09:27:00,3888
1683,2019-07-07 09:27:00,3889
1684,2019-07-07 09:27:00,3890
1685,2019-07-07 09:27:00,3891
1686,2019-07-07 09:27:00,3892
1687,2019-07-07 09:27:00,3893
1688,2019-07-07 09:27:00,3894
1689,2019-07-07 09:27:00,3895
1690,2019-07-07 09:27:00,3896
1691,2019-07-07 09:27:00,3897
1692,2019-07-07 09:27:00,3898
1693,2019-07-07 09:27:00,3899
1694,2019-07-07 09:27:00,3900
1695,2019-07-07 09:27:00,3905
1696,2019-07-07 09:27:00,3910
1697,2019-07-07 09:27:00,3913
1698,2019-07-07 09:27:00,3914
1699,2019-07-07 09:27:00,3917
1700,2019-07-07 09:27:00,3924
1701,2019-07-07 09:27:00,3930
1702,2019-07-07 09:27:00,3931
1703,2019-07-07 09:27:00,3932
1704,2019-07-07 09:27:00,3933
1705,2019-07-07 09:27:00,3935
1706,2019-07-07 09:27:00,3936
1707,2019-07-07 09:27:00,3937
1708,2019-07-07 09:27:00,3938
1709,2019-07-07 09:28:00,3939
1710,2019-07-07 09:28:00,3947
1711,2019-07-07 09:28:00,3948
1712,2019-07-07 09:28:00,3949
1713,2019-07-07 09:28:00,3957
1714,2019-07-07 09:28:00,3963
1715,2019-07-07 09:28:00,3964
1716,2019-07-07 09:28:00,3965
1717,2019-07-07 09:28:00,3966
1718,2019-07-07 09:28:00,3976
1719,2019-07-07 09:28:00,3986
1720,2019-07-07 09:28:00,3987
1721,2019-07-07 09:28:00,3989
1722,2019-07-07 09:28:00,3990
1723,2019-07-07 09:28:00,3991
1724,2019-07-07 09:28:00,3992
1725,2019-07-07 09:28:00,3994
1726,2019-07-07 09:28:00,3996
1727,2019-07-07 09:28:00,3997
1728,2019-07-07 09:28:00,3998
1729,2019-07-07 09:28:00,4000
1730,2019-07-07 09:28:00,4001
1731,2019-07-07 09:28:00,4002
1732,2019-07-07 09:28:00,4004
1733,2019-07-07 09:28:00,4006
1734,2019-07-07 09:28:00,4013
1735,2019-07-07 09:29:00,4014
1736,2019-07-07 09:29:00,4015
1737,2019-07-07 09:29:00,4016
1738,2019-07-07 09:29:00,4017
1739,2019-07-07 09:29:00,4018
1740,2019-07-07 09:29:00,4019
1741,2019-07-07 09:29:00,4021
1742,2019-07-07 09:29:00,4022
1743,2019-07-07 09:29:00,4024
1744,2019-07-07 09:29:00,4025
1745,2019-07-07 09:29:00,4027
1746,2019-07-07 09:29:00,4028
1747,2019-07-07 09:29:00,4029
1748,2019-07-07 09:29:00,4030
1749,2019-07-07 09:29:00,4031
1750,2019-07-07 09:29:00,4032
1751,2019-07-07 09:29:00,4039
1752,2019-07-07 09:29:00,4043
1753,2019-07-07 09:29:00,4046
1754,2019-07-07 09:29:00,4047
1755,2019-07-07 09:29:00,4048
1756,2019-07-07 09:29:00,4049
1757,2019-07-07 09:29:00,4050
1758,2019-07-07 09:29:00,4054
1759,2019-07-07 09:29:00,4062
1760,2019-07-07 09:29:00,4063
1761,2019-07-07 09:29:00,4064
1762,2019-07-07 09:29:00,4065
1763,2019-07-07 09:29:00,4066
1764,2019-07-07 09:30:00,4067
1765,2019-07-07 09:30:00,4068
1766,2019-07-07 09:30:00,4071
1767,2019-07-07 09:30:00,4072
1768,2019-07-07 09:30:00,4075
1769,2019-07-07 09:30:00,4076
1770,2019-07-07 09:30:00,4077
1771,2019-07-07 09:30:00,4078
1772,2019-07-07 09:30:00,4079
1773,2019-07-07 09:30:00,4081
1774,2019-07-07 09:30:00,4082
1775,2019-07-07 09:30:00,4086
1776,2019-07-07 09:30:00,4087
1777,2019-07-07 09:31:00,4088
1778,2019-07-07 09:31:00,4089
1779,2019-07-07 09:31:00,4090
1780,2019-07-07 09:31:00,4091
1781,2019-07-07 09:31:00,4092
1782,2019-07-07 09:31:00,4094
1783,2019-07-07 09:31:00,4098
1784,2019-07-07 09:31:00,4099
1785,2019-07-07 09:31:00,4100
1786,2019-07-07 09:31:00,4101
1787,2019-07-07 09:31:00,4105
1788,2019-07-07 09:31:00,4111
1789,2019-07-07 09:31:00,4112
1790,2019-07-07 09:31:00,4113
1791,2019-07-07 09:32:00,4115
1792,2019-07-07 09:32:00,4116
1793,2019-07-07 09:32:00,4117
1794,2019-07-07 09:32:00,4118
1795,2019-07-07 09:32:00,4119
1796,2019-07-07 09:32:00,4120
1797,2019-07-07 09:32:00,4124
1798,2019-07-07 09:32:00,4125
1799,2019-07-07 09:32:00,4126
1800,2019-07-07 09:32:00,4127
1801,2019-07-07 09:32:00,4128
1802,2019-07-07 09:32:00,4130
1803,2019-07-07 09:32:00,4131
1804,2019-07-07 09:32:00,4132
1805,2019-07-07 09:32:00,4136
1806,2019-07-07 09:32:00,4138
1807,2019-07-07 09:32:00,4139
1808,2019-07-07 09:32:00,4141
1809,2019-07-07 09:32:00,4142
1810,2019-07-07 09:32:00,4144
1811,2019-07-07 09:32:00,4145
1812,2019-07-07 09:33:00,4146
1813,2019-07-07 09:33:00,4147
1814,2019-07-07 09:33:00,4148
1815,2019-07-07 09:33:00,4149
1816,2019-07-07 09:33:00,4153
1817,2019-07-07 09:33:00,4154
1818,2019-07-07 09:33:00,4155
1819,2019-07-07 09:33:00,4156
1820,2019-07-07 09:33:00,4157
1821,2019-07-07 09:33:00,4158
1822,2019-07-07 09:33:00,4159
1823,2019-07-07 09:33:00,4160
1824,2019-07-07 09:33:00,4161
1825,2019-07-07 09:33:00,4162
1826,2019-07-07 09:33:00,4163
1827,2019-07-07 09:33:00,4165
1828,2019-07-07 09:33:00,4166
1829,2019-07-07 09:33:00,4168
1830,2019-07-07 09:33:00,4170
1831,2019-07-07 09:33:00,4171
1832,2019-07-07 09:33:00,4172
1833,2019-07-07 09:33:00,4173
1834,2019-07-07 09:33:00,4174
1835,2019-07-07 09:33:00,4175
1836,2019-07-07 09:33:00,4177
1837,2019-07-07 09:33:00,4178
1838,2019-07-07 09:33:00,4180
1839,2019-07-07 09:33:00,4182
1840,2019-07-07 09:33:00,4183
1841,2019-07-07 09:33:00,4184
1842,2019-07-07 09:33:00,4185
1843,2019-07-07 09:33:00,4186
1844,2019-07-07 09:33:00,4192
1845,2019-07-07 09:33:00,4193
1846,2019-07-07 09:33:00,4194
1847,2019-07-07 09:33:00,4195
1848,2019-07-07 09:33:00,4196
1849,2019-07-07 09:33:00,4197
1850,2019-07-07 09:33:00,4198
1851,2019-07-07 09:33:00,4199
1852,2019-07-07 09:33:00,4201
1853,2019-07-07 09:33:00,4202
1854,2019-07-07 09:33:00,4203
1855,2019-07-07 09:33:00,4204
1856,2019-07-07 09:33:00,4206
1857,2019-07-07 09:34:00,4210
1858,2019-07-07 09:34:00,4211
1859,2019-07-07 09:34:00,4212
1860,2019-07-07 09:34:00,4219
1861,2019-07-07 09:34:00,4220
1862,2019-07-07 09:34:00,4221
1863,2019-07-07 09:34:00,4222
1864,2019-07-07 09:34:00,4227
1865,2019-07-07 09:34:00,4228
1866,2019-07-07 09:34:00,4229
1867,2019-07-07 09:34:00,4230
1868,2019-07-07 09:34:00,4231
1869,2019-07-07 09:34:00,4233
1870,2019-07-07 09:34:00,4234
1871,2019-07-07 09:34:00,4236
1872,2019-07-07 09:34:00,4237
1873,2019-07-07 09:34:00,4238
1874,2019-07-07 09:34:00,4239
1875,2019-07-07 09:34:00,4244
1876,2019-07-07 09:34:00,4245
1877,2019-07-07 09:34:00,4248
1878,2019-07-07 09:34:00,4249
1879,2019-07-07 09:34:00,4251
1880,2019-07-07 09:34:00,4252
1881,2019-07-07 09:34:00,4261
1882,2019-07-07 09:34:00,4262
1883,2019-07-07 09:34:00,4268
1884,2019-07-07 09:34:00,4269
1885,2019-07-07 09:34:00,4270
1886,2019-07-07 09:34:00,4271
1887,2019-07-07 09:34:00,4272
1888,2019-07-07 09:34:00,4273
1889,2019-07-07 09:34:00,4274
1890,2019-07-07 09:34:00,4275
1891,2019-07-07 09:34:00,4278
1892,2019-07-07 09:34:00,4279
1893,2019-07-07 09:34:00,4280
1894,2019-07-07 09:35:00,4281
1895,2019-07-07 09:35:00,4282
1896,2019-07-07 09:35:00,4283
1897,2019-07-07 09:35:00,4284
1898,2019-07-07 09:35:00,4285
1899,2019-07-07 09:35:00,4291
1900,2019-07-07 09:35:00,4292
1901,2019-07-07 09:35:00,4294
1902,2019-07-07 09:35:00,4298
1903,2019-07-07 09:35:00,4299
1904,2019-07-07 09:35:00,4302
1905,2019-07-07 09:35:00,4303
1906,2019-07-07 09:35:00,4304
1907,2019-07-07 09:35:00,4305
1908,2019-07-07 09:35:00,4306
1909,2019-07-07 09:35:00,4308
1910,2019-07-07 09:35:00,4313
1911,2019-07-07 09:35:00,4314
1912,2019-07-07 09:35:00,4315
1913,2019-07-07 09:35:00,4319
1914,2019-07-07 09:35:00,4320
1915,2019-07-07 09:35:00,4322
1916,2019-07-07 09:35:00,4323
1917,2019-07-07 09:35:00,4329
1918,2019-07-07 09:35:00,4330
1919,2019-07-07 09:35:00,4334
1920,2019-07-07 09:35:00,4336
1921,2019-07-07 09:35:00,4337
1922,2019-07-07 09:35:00,4338
1923,2019-07-07 09:36:00,4339
1924,2019-07-07 09:36:00,4340
1925,2019-07-07 09:36:00,4341
1926,2019-07-07 09:36:00,4342
1927,2019-07-07 09:36:00,4343
1928,2019-07-07 09:36:00,4344
1929,2019-07-07 09:36:00,4345
1930,2019-07-07 09:36:00,4349
1931,2019-07-07 09:36:00,4350
1932,2019-07-07 09:36:00,4355
1933,2019-07-07 09:36:00,4356
1934,2019-07-07 09:36:00,4357
1935,2019-07-07 09:36:00,4358
1936,2019-07-07 09:36:00,4359
1937,2019-07-07 09:36:00,4360
1938,2019-07-07 09:36:00,4361
1939,2019-07-07 09:36:00,4374
1940,2019-07-07 09:36:00,4379
1941,2019-07-07 09:36:00,4380
1942,2019-07-07 09:36:00,4383
1943,2019-07-07 09:36:00,4384
1944,2019-07-07 09:36:00,4385
1945,2019-07-07 09:36:00,4387
1946,2019-07-07 09:36:00,4388
1947,2019-07-07 09:36:00,4389
1948,2019-07-07 09:36:00,4390
1949,2019-07-07 09:36:00,4391
1950,2019-07-07 09:36:00,4392
1951,2019-07-07 09:36:00,4393
1952,2019-07-07 09:36:00,4394
1953,2019-07-07 09:36:00,4397
1954,2019-07-07 09:36:00,4402
1955,2019-07-07 09:36:00,4403
1956,2019-07-07 09:36:00,4405
1957,2019-07-07 09:36:00,4410
1958,2019-07-07 09:36:00,4412
1959,2019-07-07 09:36:00,4417
1960,2019-07-07 09:36:00,4418
1961,2019-07-07 09:36:00,4419
1962,2019-07-07 09:36:00,4420
1963,2019-07-07 09:36:00,4421
1964,2019-07-07 09:36:00,4422
1965,2019-07-07 09:36:00,4430
1966,2019-07-07 09:36:00,4432
1967,2019-07-07 09:36:00,4433
1968,2019-07-07 09:36:00,4434
1969,2019-07-07 09:36:00,4436
1970,2019-07-07 09:36:00,4438
1971,2019-07-07 09:36:00,4440
1972,2019-07-07 09:36:00,4443
1973,2019-07-07 09:37:00,4454
1974,2019-07-07 09:37:00,4455
1975,2019-07-07 09:37:00,4457
1976,2019-07-07 09:37:00,4458
1977,2019-07-07 09:37:00,4465
1978,2019-07-07 09:37:00,4468
1979,2019-07-07 09:37:00,4469
1980,2019-07-07 09:37:00,4478
1981,2019-07-07 09:37:00,4481
1982,2019-07-07 09:37:00,4486
1983,2019-07-07 09:37:00,4487
1984,2019-07-07 09:37:00,4491
1985,2019-07-07 09:37:00,4492
1986,2019-07-07 09:37:00,4493
1987,2019-07-07 09:37:00,4494
1988,2019-07-07 09:37:00,4495
1989,2019-07-07 09:37:00,4496
1990,2019-07-07 09:37:00,4497
1991,2019-07-07 09:37:00,4498
1992,2019-07-07 09:37:00,4499
1993,2019-07-07 09:37:00,4501
1994,2019-07-07 09:37:00,4503
1995,2019-07-07 09:37:00,4504
1996,2019-07-07 09:37:00,4506
1997,2019-07-07 09:37:00,4507
1998,2019-07-07 09:37:00,4514
1999,2019-07-07 09:37:00,4515
2000,2019-07-07 09:37:00,4516
2001,2019-07-07 09:37:00,4517
2002,2019-07-07 09:37:00,4518
2003,2019-07-07 09:37:00,4519
2004,2019-07-07 09:37:00,4522
2005,2019-07-07 09:37:00,4523
2006,2019-07-07 09:37:00,4525
2007,2019-07-07 09:37:00,4526
2008,2019-07-07 09:37:00,4527
2009,2019-07-07 09:37:00,4528
2010,2019-07-07 09:37:00,4529
2011,2019-07-07 09:37:00,4530
2012,2019-07-07 09:37:00,4548
2013,2019-07-07 09:38:00,4549
2014,2019-07-07 09:38:00,4551
2015,2019-07-07 09:38:00,4552
2016,2019-07-07 09:38:00,4556
2017,2019-07-07 09:38:00,4557
2018,2019-07-07 09:38:00,4558
2019,2019-07-07 09:38:00,4560
2020,2019-07-07 09:38:00,4561
2021,2019-07-07 09:38:00,4562
2022,2019-07-07 09:38:00,4566
2023,2019-07-07 09:38:00,4567
2024,2019-07-07 09:38:00,4568
2025,2019-07-07 09:38:00,4569
2026,2019-07-07 09:38:00,4570
2027,2019-07-07 09:38:00,4574
2028,2019-07-07 09:38:00,4575
2029,2019-07-07 09:38:00,4576
2030,2019-07-07 09:38:00,4577
2031,2019-07-07 09:38:00,4578
2032,2019-07-07 09:38:00,4579
2033,2019-07-07 09:38:00,4580
2034,2019-07-07 09:38:00,4581
2035,2019-07-07 09:38:00,4583
2036,2019-07-07 09:38:00,4584
2037,2019-07-07 09:38:00,4585
2038,2019-07-07 09:38:00,4586
2039,2019-07-07 09:38:00,4588
2040,2019-07-07 09:39:00,4603
2041,2019-07-07 09:39:00,4604
2042,2019-07-07 09:39:00,4605
2043,2019-07-07 09:39:00,4606
2044,2019-07-07 09:39:00,4607
2045,2019-07-07 09:39:00,4608
2046,2019-07-07 09:39:00,4609
2047,2019-07-07 09:39:00,4611
2048,2019-07-07 09:39:00,4612
2049,2019-07-07 09:39:00,4613
2050,2019-07-07 09:39:00,4614
2051,2019-07-07 09:39:00,4615
2052,2019-07-07 09:39:00,4617
2053,2019-07-07 09:39:00,4618
2054,2019-07-07 09:39:00,4619
2055,2019-07-07 09:39:00,4622
2056,2019-07-07 09:39:00,4623
2057,2019-07-07 09:39:00,4624
2058,2019-07-07 09:39:00,4625
2059,2019-07-07 09:39:00,4626
2060,2019-07-07 09:39:00,4627
2061,2019-07-07 09:39:00,4628
2062,2019-07-07 09:39:00,4629
2063,2019-07-07 09:40:00,4631
2064,2019-07-07 09:40:00,4632
2065,2019-07-07 09:40:00,4633
2066,2019-07-07 09:40:00,4634
2067,2019-07-07 09:40:00,4641
2068,2019-07-07 09:40:00,4643
2069,2019-07-07 09:40:00,4644
2070,2019-07-07 09:40:00,4645
2071,2019-07-07 09:40:00,4646
2072,2019-07-07 09:40:00,4648
2073,2019-07-07 09:40:00,4650
2074,2019-07-07 09:40:00,4655
2075,2019-07-07 09:40:00,4656
2076,2019-07-07 09:40:00,4658
2077,2019-07-07 09:40:00,4660
2078,2019-07-07 09:40:00,4663
2079,2019-07-07 09:40:00,4664
2080,2019-07-07 09:40:00,4665
2081,2019-07-07 09:40:00,4666
2082,2019-07-07 09:40:00,4667
2083,2019-07-07 09:40:00,4668
2084,2019-07-07 09:40:00,4669
2085,2019-07-07 09:40:00,4671
2086,2019-07-07 09:40:00,4672
2087,2019-07-07 09:40:00,4673
2088,2019-07-07 09:40:00,4674
2089,2019-07-07 09:40:00,4675
2090,2019-07-07 09:40:00,4676
2091,2019-07-07 09:40:00,4678
2092,2019-07-07 09:40:00,4680
2093,2019-07-07 09:40:00,4681
2094,2019-07-07 09:40:00,4683
2095,2019-07-07 09:41:00,4684
2096,2019-07-07 09:41:00,4685
2097,2019-07-07 09:41:00,4687
2098,2019-07-07 09:41:00,4688
2099,2019-07-07 09:41:00,4690
2100,2019-07-07 09:41:00,4691
2101,2019-07-07 09:41:00,4692
2102,2019-07-07 09:41:00,4693
2103,2019-07-07 09:41:00,4695
2104,2019-07-07 09:41:00,4703
2105,2019-07-07 09:41:00,4704
2106,2019-07-07 09:41:00,4705
2107,2019-07-07 09:41:00,4706
2108,2019-07-07 09:41:00,4707
2109,2019-07-07 09:41:00,4708
2110,2019-07-07 09:41:00,4709
2111,2019-07-07 09:41:00,4715
2112,2019-07-07 09:41:00,4716
2113,2019-07-07 09:41:00,4717
2114,2019-07-07 09:41:00,4719
2115,2019-07-07 09:42:00,4720
2116,2019-07-07 09:42:00,4721
2117,2019-07-07 09:42:00,4723
2118,2019-07-07 09:42:00,4725
2119,2019-07-07 09:42:00,4746
2120,2019-07-07 09:42:00,4747
2121,2019-07-07 09:42:00,4751
2122,2019-07-07 09:42:00,4752
2123,2019-07-07 09:43:00,4761
2124,2019-07-07 09:43:00,4762
2125,2019-07-07 09:43:00,4763
2126,2019-07-07 09:43:00,4765
2127,2019-07-07 09:43:00,4766
2128,2019-07-07 09:43:00,4767
2129,2019-07-07 09:43:00,4768
2130,2019-07-07 09:43:00,4769
2131,2019-07-07 09:43:00,4770
2132,2019-07-07 09:43:00,4782
2133,2019-07-07 09:43:00,4788
2134,2019-07-07 09:43:00,4789
2135,2019-07-07 09:43:00,4793
2136,2019-07-07 09:43:00,4795
2137,2019-07-07 09:43:00,4796
2138,2019-07-07 09:43:00,4797
2139,2019-07-07 09:43:00,4815
2140,2019-07-07 09:43:00,4816
2141,2019-07-07 09:44:00,4817
2142,2019-07-07 09:44:00,4818
2143,2019-07-07 09:44:00,4819
2144,2019-07-07 09:44:00,4820
2145,2019-07-07 09:44:00,4821
2146,2019-07-07 09:44:00,4822
2147,2019-07-07 09:44:00,4823
2148,2019-07-07 09:44:00,4824
2149,2019-07-07 09:44:00,4825
2150,2019-07-07 09:44:00,4826
2151,2019-07-07 09:44:00,4829
2152,2019-07-07 09:44:00,4830
2153,2019-07-07 09:44:00,4831
2154,2019-07-07 09:44:00,4832
2155,2019-07-07 09:44:00,4833
2156,2019-07-07 09:44:00,4834
2157,2019-07-07 09:44:00,4835
2158,2019-07-07 09:44:00,4836
2159,2019-07-07 09:44:00,4837
2160,2019-07-07 09:44:00,4838
2161,2019-07-07 09:44:00,4839
2162,2019-07-07 09:45:00,4840
2163,2019-07-07 09:45:00,4841
2164,2019-07-07 09:45:00,4842
2165,2019-07-07 09:45:00,4844
2166,2019-07-07 09:45:00,4845
2167,2019-07-07 09:45:00,4846
2168,2019-07-07 09:45:00,4847
2169,2019-07-07 09:45:00,4848
2170,2019-07-07 09:45:00,4849
2171,2019-07-07 09:45:00,4850
2172,2019-07-07 09:45:00,4851
2173,2019-07-07 09:45:00,4852
2174,2019-07-07 09:45:00,4853
2175,2019-07-07 09:45:00,4856
2176,2019-07-07 09:45:00,4857
2177,2019-07-07 09:46:00,4858
2178,2019-07-07 09:46:00,4859
2179,2019-07-07 09:46:00,4861
2180,2019-07-07 09:46:00,4862
2181,2019-07-07 09:46:00,4866
2182,2019-07-07 09:46:00,4867
2183,2019-07-07 09:46:00,4868
2184,2019-07-07 09:46:00,4869
2185,2019-07-07 09:46:00,4871
2186,2019-07-07 09:46:00,4872
2187,2019-07-07 09:47:00,4874
2188,2019-07-07 09:47:00,4875
2189,2019-07-07 09:47:00,4884
2190,2019-07-07 09:47:00,4893
2191,2019-07-07 09:47:00,4894
2192,2019-07-07 09:47:00,4895
2193,2019-07-07 09:47:00,4897
2194,2019-07-07 09:47:00,4898
2195,2019-07-07 09:47:00,4900
2196,2019-07-07 09:47:00,4901
2197,2019-07-07 09:47:00,4902
2198,2019-07-07 09:47:00,4903
2199,2019-07-07 09:48:00,4904
2200,2019-07-07 09:48:00,4905
2201,2019-07-07 09:48:00,4909
2202,2019-07-07 09:48:00,4910
2203,2019-07-07 09:48:00,4911
2204,2019-07-07 09:48:00,4923
2205,2019-07-07 09:48:00,4925
2206,2019-07-07 09:48:00,4926
2207,2019-07-07 09:48:00,4927
2208,2019-07-07 09:48:00,4929
2209,2019-07-07 09:49:00,4930
2210,2019-07-07 09:49:00,4931
2211,2019-07-07 09:49:00,4935
2212,2019-07-07 09:50:00,4940
2213,2019-07-07 09:50:00,4943
2214,2019-07-07 09:50:00,4944
2215,2019-07-07 09:50:00,4945
2216,2019-07-07 09:50:00,4946
2217,2019-07-07 09:50:00,4947
2218,2019-07-07 09:50:00,4951
2219,2019-07-07 09:50:00,4957
2220,2019-07-07 09:50:00,4958
2221,2019-07-07 09:50:00,4961
2222,2019-07-07 09:50:00,4962
2223,2019-07-07 09:50:00,4970
2224,2019-07-07 09:50:00,4971
2225,2019-07-07 09:50:00,4972
2226,2019-07-07 09:51:00,4975
2227,2019-07-07 09:51:00,4976
2228,2019-07-07 09:51:00,4977
2229,2019-07-07 09:51:00,4978
2230,2019-07-07 09:51:00,4981
2231,2019-07-07 09:51:00,4987
2232,2019-07-07 09:51:00,4988
2233,2019-07-07 09:51:00,4989
2234,2019-07-07 09:51:00,4990
2235,2019-07-07 09:52:00,4994
2236,2019-07-07 09:52:00,4996
2237,2019-07-07 09:52:00,4997
2238,2019-07-07 09:52:00,4998
2239,2019-07-07 09:52:00,4999
2240,2019-07-07 09:52:00,5000
2241,2019-07-07 09:52:00,5001
2242,2019-07-07 09:52:00,5002
2243,2019-07-07 09:52:00,5003
2244,2019-07-07 09:52:00,5004
2245,2019-07-07 09:52:00,5012
2246,2019-07-07 09:52:00,5013
2247,2019-07-07 09:52:00,5014
2248,2019-07-07 09:52:00,5015
2249,2019-07-07 09:52:00,5016
2250,2019-07-07 09:52:00,5019
2251,2019-07-07 09:54:00,5020
2252,2019-07-07 09:54:00,5021
2253,2019-07-07 09:54:00,5022
2254,2019-07-07 09:54:00,5023
2255,2019-07-07 09:54:00,5029
2256,2019-07-07 09:54:00,5030
2257,2019-07-07 09:54:00,5037
2258,2019-07-07 09:54:00,5038
2259,2019-07-07 09:54:00,5039
2260,2019-07-07 09:54:00,5040
2261,2019-07-07 09:54:00,5041
2262,2019-07-07 09:56:00,5042
2263,2019-07-07 09:56:00,5043
2264,2019-07-07 09:56:00,5044
2265,2019-07-07 09:56:00,5045
2266,2019-07-07 09:56:00,5046
2267,2019-07-07 09:57:00,5047
2268,2019-07-07 09:57:00,5048
2269,2019-07-07 09:57:00,5053
2270,2019-07-07 09:57:00,5054
2271,2019-07-07 09:57:00,5055
2272,2019-07-07 09:58:00,5056
2273,2019-07-07 09:58:00,5065
2274,2019-07-07 09:58:00,5066
2275,2019-07-07 09:58:00,5067
2276,2019-07-07 09:58:00,5073
2277,2019-07-07 09:58:00,5074
2278,2019-07-07 09:58:00,5075
2279,2019-07-07 09:58:00,5076
2280,2019-07-07 09:59:00,5077
2281,2019-07-07 09:59:00,5086
2282,2019-07-07 09:59:00,5087
2283,2019-07-07 09:59:00,5088
2284,2019-07-07 09:59:00,5089
2285,2019-07-07 09:59:00,5090
2286,2019-07-07 10:00:00,5091
2287,2019-07-07 10:00:00,5093
2288,2019-07-07 10:00:00,5094
2289,2019-07-07 10:00:00,5095
2290,2019-07-07 10:00:00,5096
2291,2019-07-07 10:00:00,5097
2292,2019-07-07 10:01:00,5098
2293,2019-07-07 10:01:00,5099
2294,2019-07-07 10:01:00,5101
2295,2019-07-07 10:01:00,5102
2296,2019-07-07 10:01:00,5103
2297,2019-07-07 10:01:00,5117
2298,2019-07-07 10:01:00,5118
2299,2019-07-07 10:01:00,5119
2300,2019-07-07 10:01:00,5120
2301,2019-07-07 10:01:00,5121
2302,2019-07-07 10:01:00,5122
2303,2019-07-16 21:59:00,5123
2304,2019-07-16 22:02:00,5124
2305,2019-07-16 22:02:00,5125
2306,2019-07-16 22:02:00,5126
2307,2019-07-16 22:03:00,5127
2308,2019-07-16 22:04:00,5128
2309,2019-07-16 22:04:00,5129
2310,2019-07-16 22:05:00,5130
2311,2019-07-16 22:05:00,5131
2312,2019-07-16 22:06:00,5132
2313,2019-07-16 22:06:00,5135
2314,2019-07-16 22:06:00,5136
2315,2019-07-16 22:06:00,5137
2316,2019-07-16 22:06:00,5138
2317,2019-07-16 22:07:00,5140
2318,2019-07-16 22:07:00,5141
2319,2019-07-16 22:07:00,5142
2320,2019-07-16 22:07:00,5143
2321,2019-07-16 22:07:00,5144
2322,2019-07-16 22:08:00,5145
2323,2019-07-16 22:09:00,5147
2324,2019-07-16 22:10:00,5149
2325,2019-07-16 22:10:00,5152
2326,2019-07-16 22:11:00,5153
2327,2019-07-16 22:11:00,5154
2328,2019-07-16 22:12:00,5155
2329,2019-07-16 22:12:00,5159
2330,2019-07-16 22:12:00,5160
2331,2019-07-16 22:13:00,5163
2332,2019-07-16 22:13:00,5164
2333,2019-07-16 22:13:00,5165
2334,2019-07-16 22:14:00,5167
2335,2019-07-16 22:14:00,5168
2336,2019-07-16 22:14:00,5171
2337,2019-07-16 22:14:00,5172
2338,2019-07-16 22:15:00,5173
2339,2019-07-16 22:15:00,5174
2340,2019-07-16 22:15:00,5176
2341,2019-07-16 22:15:00,5177
2342,2019-07-16 22:15:00,5179
2343,2019-07-16 22:16:00,5180
2344,2019-07-16 22:16:00,5181
2345,2019-07-16 22:16:00,5182
2346,2019-07-16 22:17:00,5184
2347,2019-07-16 22:17:00,5186
2348,2019-07-16 22:17:00,5187
2349,2019-07-16 22:17:00,5188
2350,2019-07-16 22:17:00,5189
2351,2019-07-16 22:17:00,5190
2352,2019-07-16 22:17:00,5191
2353,2019-07-16 22:18:00,5192
2354,2019-07-16 22:18:00,5193
2355,2019-07-16 22:19:00,5194
2356,2019-07-16 22:20:00,5197
2357,2019-07-16 22:20:00,5201
2358,2019-07-16 22:20:00,5204
2359,2019-07-16 22:21:00,5206
2360,2019-07-16 22:22:00,5208
2361,2019-07-16 22:22:00,5211
2362,2019-07-16 22:23:00,5213
2363,2019-07-16 22:23:00,5214
2364,2019-07-16 22:23:00,5216
2365,2019-07-16 22:23:00,5217
2366,2019-07-16 22:24:00,5218
2367,2019-07-16 22:24:00,5219
2368,2019-07-16 22:24:00,5223
2369,2019-07-16 22:24:00,5224
2370,2019-07-16 22:24:00,5227
2371,2019-07-16 22:24:00,5228
2372,2019-07-16 22:25:00,5229
2373,2019-07-16 22:25:00,5230
2374,2019-07-16 22:25:00,5231
2375,2019-07-16 22:26:00,5232
2376,2019-07-16 22:26:00,5235
2377,2019-07-16 22:26:00,5236
2378,2019-07-16 22:26:00,5237
2379,2019-07-16 22:26:00,5238
2380,2019-07-16 22:26:00,5239
2381,2019-07-16 22:26:00,5241
2382,2019-07-16 22:26:00,5242
2383,2019-07-16 22:26:00,5243
2384,2019-07-16 22:27:00,5244
2385,2019-07-16 22:27:00,5245
2386,2019-07-16 22:27:00,5246
2387,2019-07-16 22:28:00,5247
2388,2019-07-16 22:28:00,5249
2389,2019-07-16 22:28:00,5251
2390,2019-07-16 22:28:00,5252
2391,2019-07-16 22:28:00,5253
2392,2019-07-16 22:28:00,5254
2393,2019-07-16 22:28:00,5255
2394,2019-07-16 22:28:00,5256
2395,2019-07-16 22:29:00,5257
2396,2019-07-16 22:30:00,5258
2397,2019-07-16 22:30:00,5260
2398,2019-07-16 22:30:00,5262
2399,2019-07-16 22:30:00,5263
2400,2019-07-16 22:32:00,5265
2401,2019-07-16 22:33:00,5266
2402,2019-07-16 22:33:00,5267
2403,2019-07-16 22:33:00,5269
2404,2019-07-16 22:33:00,5272
2405,2019-07-16 22:33:00,5273
2406,2019-07-16 22:33:00,5275
2407,2019-07-16 22:34:00,5276
2408,2019-07-16 22:35:00,5280
2409,2019-07-16 22:44:00,5281
2410,2019-07-16 22:44:00,5282
2411,2019-07-16 22:44:00,5283
2412,2019-07-16 22:44:00,5284
2413,2019-07-16 22:44:00,5291
2414,2019-07-16 22:44:00,5292
2415,2019-07-16 22:44:00,5298
2416,2019-07-16 22:44:00,5299
2417,2019-07-16 22:44:00,5300
2418,2019-07-16 22:44:00,5301
2419,2019-07-16 22:44:00,5302
2420,2019-07-16 22:44:00,5307
2421,2019-07-16 22:44:00,5308
2422,2019-07-16 22:44:00,5309
2423,2019-07-16 22:45:00,5310
2424,2019-07-16 22:45:00,5311
2425,2019-07-16 22:45:00,5312
2426,2019-07-16 22:45:00,5313
2427,2019-07-16 22:45:00,5314
2428,2019-07-16 22:45:00,5315
2429,2019-07-16 22:45:00,5316
2430,2019-07-16 22:45:00,5317
2431,2019-07-16 22:45:00,5319
2432,2019-07-16 22:45:00,5324
2433,2019-07-16 22:45:00,5326
2434,2019-07-16 22:45:00,5327
2435,2019-07-16 22:45:00,5328
2436,2019-07-16 22:46:00,5329
2437,2019-07-16 22:46:00,5330
2438,2019-07-16 22:46:00,5333
2439,2019-07-16 22:46:00,5334
2440,2019-07-16 22:46:00,5336
2441,2019-07-16 22:46:00,5337
2442,2019-07-16 22:46:00,5338
2443,2019-07-16 22:46:00,5339
2444,2019-07-16 22:46:00,5341
2445,2019-07-16 22:46:00,5342
2446,2019-07-16 22:46:00,5343
2447,2019-07-16 22:46:00,5347
2448,2019-07-16 22:46:00,5349
2449,2019-07-16 22:46:00,5350
2450,2019-07-16 22:46:00,5352
2451,2019-07-16 22:46:00,5353
2452,2019-07-16 22:46:00,5354
2453,2019-07-16 22:46:00,5355
2454,2019-07-16 22:46:00,5356
2455,2019-07-16 22:46:00,5357
2456,2019-07-16 22:46:00,5364
2457,2019-07-16 22:46:00,5365
2458,2019-07-16 22:46:00,5366
2459,2019-07-16 22:47:00,5367
2460,2019-07-16 22:47:00,5368
2461,2019-07-16 22:47:00,5369
2462,2019-07-16 22:47:00,5370
2463,2019-07-16 22:47:00,5371
2464,2019-07-16 22:47:00,5372
2465,2019-07-16 22:48:00,5373
2466,2019-07-16 22:48:00,5374
2467,2019-07-16 22:48:00,5375
2468,2019-07-16 22:48:00,5376
2469,2019-07-16 22:48:00,5377
2470,2019-07-16 22:48:00,5380
2471,2019-07-16 22:49:00,5382
2472,2019-07-16 22:49:00,5385
2473,2019-07-16 22:49:00,5386
2474,2019-07-16 22:49:00,5387
2475,2019-07-16 22:49:00,5388
2476,2019-07-16 22:49:00,5394
2477,2019-07-16 22:49:00,5395
2478,2019-07-16 22:49:00,5396
2479,2019-07-16 22:49:00,5397
2480,2019-07-16 22:49:00,5398
2481,2019-07-16 22:49:00,5399
2482,2019-07-16 22:49:00,5400
2483,2019-07-16 22:49:00,5401
2484,2019-07-16 22:49:00,5402
2485,2019-07-16 22:49:00,5403
2486,2019-07-16 22:49:00,5404
2487,2019-07-16 22:49:00,5405
2488,2019-07-16 22:50:00,5409
2489,2019-07-16 22:50:00,5419
2490,2019-07-16 22:50:00,5432
2491,2019-07-16 22:50:00,5433
2492,2019-07-16 22:50:00,5440
2493,2019-07-16 22:50:00,5442
2494,2019-07-16 22:50:00,5456
2495,2019-07-16 22:50:00,5457
2496,2019-07-16 22:50:00,5469
2497,2019-07-16 22:50:00,5470
2498,2019-07-16 22:51:00,5474
2499,2019-07-16 22:51:00,5476
2500,2019-07-16 22:52:00,5480
2501,2019-07-16 22:52:00,5482
2502,2019-07-16 22:52:00,5485
2503,2019-07-16 22:53:00,5487
2504,2019-07-16 22:53:00,5489
2505,2019-07-16 22:53:00,5490
2506,2019-07-16 22:53:00,5492
2507,2019-07-16 22:54:00,5496
2508,2019-07-16 22:54:00,5501
2509,2019-07-16 22:54:00,5505
2510,2019-07-16 22:54:00,5506
2511,2019-07-16 22:54:00,5508
2512,2019-07-16 22:54:00,5510
2513,2019-07-16 22:54:00,5512
2514,2019-07-16 22:55:00,5513
2515,2019-07-16 22:55:00,5516
2516,2019-07-16 22:55:00,5518
2517,2019-07-16 22:55:00,5520
2518,2019-07-16 22:56:00,5526
2519,2019-07-16 22:56:00,5528
2520,2019-07-16 22:56:00,5529
2521,2019-07-16 22:56:00,5538
2522,2019-07-16 22:56:00,5539
2523,2019-07-16 22:56:00,5540
2524,2019-07-16 22:56:00,5541
2525,2019-07-16 22:56:00,5542
2526,2019-07-16 22:56:00,5544
2527,2019-07-16 22:56:00,5554
2528,2019-07-16 22:56:00,5555
2529,2019-07-16 22:56:00,5560
2530,2019-07-16 22:57:00,5561
2531,2019-07-16 22:57:00,5576
2532,2019-07-16 22:57:00,5579
2533,2019-07-16 22:57:00,5580
2534,2019-07-16 22:57:00,5582
2535,2019-07-16 22:57:00,5583
2536,2019-07-16 22:57:00,5587
2537,2019-07-16 22:57:00,5589
2538,2019-07-16 22:57:00,5590
2539,2019-07-16 22:57:00,5591
2540,2019-07-16 22:57:00,5592
2541,2019-07-16 22:58:00,5593
2542,2019-07-16 22:58:00,5594
2543,2019-07-16 22:58:00,5595
2544,2019-07-16 22:58:00,5598
2545,2019-07-16 22:58:00,5608
2546,2019-07-16 22:58:00,5615
2547,2019-07-16 22:58:00,5616
2548,2019-07-16 22:58:00,5626
2549,2019-07-16 22:58:00,5628
2550,2019-07-16 22:58:00,5637
2551,2019-07-16 22:58:00,5645
2552,2019-07-16 22:58:00,5646
2553,2019-07-16 22:58:00,5647
2554,2019-07-16 22:58:00,5648
2555,2019-07-16 22:58:00,5649
2556,2019-07-16 22:59:00,5654
2557,2019-07-16 22:59:00,5656
2558,2019-07-16 22:59:00,5657
2559,2019-07-16 22:59:00,5662
2560,2019-07-16 22:59:00,5663
2561,2019-07-16 22:59:00,5667
2562,2019-07-16 22:59:00,5668
2563,2019-07-16 22:59:00,5670
2564,2019-07-16 22:59:00,5673
2565,2019-07-16 23:00:00,5674
2566,2019-07-16 23:00:00,5675
2567,2019-07-16 23:00:00,5677
2568,2019-07-16 23:00:00,5679
2569,2019-07-16 23:00:00,5683
2570,2019-07-16 23:01:00,5684
2571,2019-07-16 23:01:00,5686
2572,2019-07-16 23:01:00,5688
2573,2019-07-16 23:01:00,5689
2574,2019-07-16 23:01:00,5690
2575,2019-07-16 23:02:00,5691
2576,2019-07-16 23:02:00,5693
2577,2019-07-16 23:02:00,5694
2578,2019-07-16 23:02:00,5696
2579,2019-07-16 23:02:00,5697
2580,2019-07-16 23:03:00,5699
2581,2019-07-16 23:03:00,5701
2582,2019-07-16 23:03:00,5702
2583,2019-07-16 23:03:00,5704
2584,2019-07-16 23:03:00,5705
2585,2019-07-16 23:03:00,5706
2586,2019-07-16 23:03:00,5707
2587,2019-07-16 23:03:00,5708
2588,2019-07-16 23:03:00,5709
2589,2019-07-16 23:04:00,5710
2590,2019-07-16 23:04:00,5713
2591,2019-07-16 23:04:00,5718
2592,2019-07-16 23:04:00,5719
2593,2019-07-16 23:04:00,5721
2594,2019-07-16 23:04:00,5722
2595,2019-07-16 23:04:00,5723
2596,2019-07-16 23:04:00,5724
2597,2019-07-16 23:05:00,5726
2598,2019-07-16 23:05:00,5727
2599,2019-07-16 23:05:00,5728
2600,2019-07-16 23:05:00,5729
2601,2019-07-16 23:06:00,5730
2602,2019-07-16 23:06:00,5733
2603,2019-07-16 23:06:00,5734
2604,2019-07-16 23:06:00,5752
2605,2019-07-16 23:06:00,5760
2606,2019-07-16 23:06:00,5761
2607,2019-07-16 23:06:00,5764
2608,2019-07-16 23:06:00,5765
2609,2019-07-16 23:06:00,5766
2610,2019-07-16 23:06:00,5767
2611,2019-07-16 23:07:00,5769
2612,2019-07-16 23:07:00,5771
2613,2019-07-16 23:08:00,5772
2614,2019-07-16 23:08:00,5777
2615,2019-07-16 23:08:00,5783
2616,2019-07-16 23:08:00,5784
2617,2019-07-16 23:08:00,5807
2618,2019-07-16 23:08:00,5808
2619,2019-07-16 23:08:00,5810
2620,2019-07-16 23:08:00,5811
2621,2019-07-16 23:08:00,5812
2622,2019-07-16 23:08:00,5813
2623,2019-07-16 23:08:00,5821
2624,2019-07-16 23:10:00,5826
2625,2019-07-16 23:12:00,5827
2626,2019-07-16 23:12:00,5834
2627,2019-07-16 23:12:00,5836
2628,2019-07-16 23:12:00,5837
2629,2019-07-16 23:12:00,5839
2630,2019-07-16 23:12:00,5841
2631,2019-07-16 23:12:00,5842
2632,2019-07-16 23:12:00,5844
2633,2019-07-16 23:12:00,5846
2634,2019-07-16 23:12:00,5860
2635,2019-07-16 23:12:00,5869
2636,2019-07-16 23:13:00,5870
2637,2019-07-16 23:13:00,5872
2638,2019-07-16 23:13:00,5878
2639,2019-07-16 23:13:00,5880
2640,2019-07-16 23:14:00,5881
2641,2019-07-16 23:14:00,5897
2642,2019-07-16 23:14:00,5898
2643,2019-07-16 23:14:00,5900
2644,2019-07-16 23:15:00,5906
2645,2019-07-16 23:15:00,5908
2646,2019-07-16 23:15:00,5909
2647,2019-07-16 23:15:00,5914
2648,2019-07-16 23:16:00,5917
2649,2019-07-16 23:16:00,5918
2650,2019-07-16 23:16:00,5919
2651,2019-07-16 23:17:00,5920
2652,2019-07-16 23:17:00,5936
2653,2019-07-16 23:17:00,5939
2654,2019-07-16 23:17:00,5956
2655,2019-07-16 23:17:00,5957
2656,2019-07-16 23:17:00,5960
2657,2019-07-16 23:18:00,5964
2658,2019-07-16 23:18:00,5967
2659,2019-07-16 23:18:00,5968
2660,2019-07-16 23:18:00,5972
2661,2019-07-16 23:18:00,5973
2662,2019-07-16 23:18:00,5975
2663,2019-07-16 23:19:00,5976
2664,2019-07-16 23:19:00,5977
2665,2019-07-16 23:20:00,5978
2666,2019-07-16 23:20:00,5979
2667,2019-07-16 23:21:00,5980
2668,2019-07-16 23:21:00,5981
2669,2019-07-16 23:21:00,5982
2670,2019-07-16 23:21:00,5989
2671,2019-07-16 23:21:00,5990
2672,2019-07-16 23:21:00,5991
2673,2019-07-16 23:21:00,5992
2674,2019-07-16 23:25:00,5994
2675,2019-07-16 23:25:00,5995
2676,2019-07-16 23:25:00,5998
2677,2019-07-16 23:25:00,6001
2678,2019-07-16 23:25:00,6002
2679,2019-07-16 23:25:00,6003
2680,2019-07-16 23:26:00,6004
2681,2019-07-16 23:26:00,6005
2682,2019-07-16 23:26:00,6010
2683,2019-07-16 23:26:00,6011
2684,2019-07-16 23:26:00,6012
2685,2019-07-16 23:26:00,6015
2686,2019-07-16 23:26:00,6016
2687,2019-07-16 23:26:00,6017
2688,2019-07-16 23:26:00,6018
2689,2019-07-16 23:31:00,6021
2690,2019-07-16 23:31:00,6023
2691,2019-07-16 23:31:00,6035
2692,2019-07-16 23:31:00,6036
2693,2019-07-16 23:31:00,6037
2694,2019-07-16 23:32:00,6041
2695,2019-07-16 23:35:00,6042
2696,2019-07-16 23:35:00,6043
2697,2019-07-16 23:35:00,6045
2698,2019-07-16 23:35:00,6048
2699,2019-07-16 23:35:00,6052
2700,2019-07-16 23:36:00,6053
2701,2019-07-16 23:36:00,6055
2702,2019-07-16 23:37:00,6057
2703,2019-07-16 23:39:00,6060
2704,2019-07-16 23:39:00,6062
2705,2019-07-16 23:39:00,6063
2706,2019-07-16 23:39:00,6064
2707,2019-07-16 23:39:00,6065
2708,2019-07-16 23:39:00,6066
2709,2019-07-16 23:39:00,6067
2710,2019-07-16 23:39:00,6068
2711,2019-07-16 23:39:00,6069
2712,2019-07-16 23:39:00,6070
2713,2019-07-16 23:39:00,6071
2714,2019-07-16 23:39:00,6072
2715,2019-07-16 23:39:00,6073
2716,2019-07-16 23:39:00,6074
2717,2019-07-16 23:39:00,6075
2718,2019-07-16 23:39:00,6079
2719,2019-07-16 23:39:00,6080
2720,2019-07-16 23:39:00,6091
2721,2019-07-16 23:39:00,6092
2722,2019-07-16 23:39:00,6093
2723,2019-07-16 23:39:00,6099
2724,2019-07-16 23:39:00,6100
2725,2019-07-16 23:39:00,6101
2726,2019-07-16 23:39:00,6102
2727,2019-07-16 23:39:00,6103
2728,2019-07-16 23:39:00,6104
2729,2019-07-16 23:39:00,6105
2730,2019-07-16 23:39:00,6108
2731,2019-07-16 23:39:00,6109
2732,2019-07-16 23:39:00,6110
2733,2019-07-16 23:39:00,6111
2734,2019-07-16 23:39:00,6112
2735,2019-07-16 23:40:00,6113
2736,2019-07-16 23:40:00,6114
2737,2019-07-16 23:40:00,6115
2738,2019-07-16 23:40:00,6116
2739,2019-07-16 23:40:00,6117
2740,2019-07-16 23:40:00,6118
2741,2019-07-16 23:40:00,6119
2742,2019-07-16 23:40:00,6120
2743,2019-07-16 23:40:00,6121
2744,2019-07-16 23:40:00,6126
2745,2019-07-16 23:40:00,6127
2746,2019-07-16 23:40:00,6129
2747,2019-07-16 23:41:00,6130
2748,2019-07-16 23:41:00,6131
2749,2019-07-16 23:41:00,6132
2750,2019-07-16 23:41:00,6133
2751,2019-07-16 23:41:00,6134
2752,2019-07-16 23:41:00,6135
2753,2019-07-16 23:41:00,6136
2754,2019-07-16 23:41:00,6137
2755,2019-07-16 23:41:00,6139
2756,2019-07-16 23:41:00,6140
2757,2019-07-16 23:41:00,6141
2758,2019-07-16 23:41:00,6142
2759,2019-07-16 23:41:00,6143
2760,2019-07-16 23:41:00,6144
2761,2019-07-16 23:41:00,6146
2762,2019-07-16 23:41:00,6147
2763,2019-07-16 23:41:00,6158
2764,2019-07-16 23:41:00,6159
2765,2019-07-16 23:41:00,6166
2766,2019-07-16 23:41:00,6167
2767,2019-07-16 23:41:00,6168
2768,2019-07-16 23:41:00,6173
2769,2019-07-16 23:50:00,6177
2770,2019-07-30 22:34:00,6178
2771,2019-07-30 22:34:00,6179
2772,2019-07-30 22:34:00,6180
2773,2019-07-30 22:34:00,6181
2774,2019-07-30 22:34:00,6182
2775,2019-07-30 22:35:00,6183
2776,2019-07-30 22:35:00,6184
2777,2019-07-30 22:36:00,6185
2778,2019-07-30 22:36:00,6186
2779,2019-07-30 22:39:00,6187
2780,2019-07-30 22:39:00,6188
2781,2019-07-30 22:39:00,6189
2782,2019-07-30 22:39:00,6190
2783,2019-07-30 22:40:00,6191
2784,2019-07-30 22:40:00,6193
2785,2019-07-30 22:40:00,6194
2786,2019-07-30 22:40:00,6196
2787,2019-07-30 22:40:00,6197
2788,2019-07-30 22:40:00,6198
2789,2019-07-30 22:40:00,6199
2790,2019-07-30 22:40:00,6200
2791,2019-07-30 22:41:00,6201
2792,2019-07-30 22:42:00,6202
2793,2019-07-30 22:42:00,6203
2794,2019-07-30 22:42:00,6204
2795,2019-07-30 22:42:00,6205
2796,2019-07-30 22:43:00,6207
2797,2019-07-30 22:43:00,6208
2798,2019-07-30 22:43:00,6209
2799,2019-07-30 22:43:00,6210
2800,2019-07-30 22:43:00,6211
2801,2019-07-30 22:43:00,6212
2802,2019-07-30 22:43:00,6213
2803,2019-07-30 22:43:00,6214
2804,2019-07-30 22:43:00,6216
2805,2019-07-30 22:43:00,6217
2806,2019-07-30 22:44:00,6219
2807,2019-07-30 22:44:00,6220
2808,2019-07-30 22:44:00,6221
2809,2019-07-30 22:44:00,6226
2810,2019-07-30 22:44:00,6227
2811,2019-07-30 22:44:00,6228
2812,2019-07-30 22:44:00,6229
2813,2019-07-30 22:44:00,6230
2814,2019-07-30 22:44:00,6231
2815,2019-07-30 22:44:00,6232
2816,2019-07-30 22:44:00,6233
2817,2019-07-30 22:44:00,6234
2818,2019-07-30 22:44:00,6236
2819,2019-07-30 22:44:00,6237
2820,2019-07-30 22:44:00,6238
2821,2019-07-30 22:44:00,6239
2822,2019-07-30 22:44:00,6240
2823,2019-07-30 22:44:00,6241
2824,2019-07-30 22:44:00,6242
2825,2019-07-30 22:45:00,6243
2826,2019-07-30 22:45:00,6244
2827,2019-07-30 22:45:00,6245
2828,2019-07-30 22:45:00,6246
2829,2019-07-30 22:45:00,6247
2830,2019-07-30 22:45:00,6248
2831,2019-07-30 22:45:00,6249
2832,2019-07-30 22:45:00,6250
2833,2019-07-30 22:45:00,6252
2834,2019-07-30 22:45:00,6257
2835,2019-07-30 22:45:00,6259
2836,2019-07-30 22:45:00,6260
2837,2019-07-30 22:46:00,6265
2838,2019-07-30 22:46:00,6266
2839,2019-07-30 22:46:00,6267
2840,2019-07-30 22:46:00,6268
2841,2019-07-30 22:46:00,6270
2842,2019-07-30 22:46:00,6271
2843,2019-07-30 22:46:00,6273
2844,2019-07-30 22:46:00,6275
2845,2019-07-30 22:46:00,6278
2846,2019-07-30 22:46:00,6281
2847,2019-07-30 22:47:00,6282
2848,2019-07-30 22:47:00,6283
2849,2019-07-30 22:47:00,6284
2850,2019-07-30 22:47:00,6285
2851,2019-07-30 22:47:00,6286
2852,2019-07-30 22:47:00,6288
2853,2019-07-30 22:47:00,6289
2854,2019-07-30 22:47:00,6290
2855,2019-07-30 22:47:00,6294
2856,2019-07-30 22:47:00,6295
2857,2019-07-30 22:47:00,6297
2858,2019-07-30 22:47:00,6299
2859,2019-07-30 22:47:00,6300
2860,2019-07-30 22:47:00,6301
2861,2019-07-30 22:47:00,6303
2862,2019-07-30 22:48:00,6304
2863,2019-07-30 22:48:00,6305
2864,2019-07-30 22:48:00,6306
2865,2019-07-30 22:48:00,6307
2866,2019-07-30 22:48:00,6308
2867,2019-07-30 22:48:00,6309
2868,2019-07-30 22:48:00,6310
2869,2019-07-30 22:48:00,6311
2870,2019-07-30 22:48:00,6312
2871,2019-07-30 22:48:00,6313
2872,2019-07-30 22:48:00,6314
2873,2019-07-30 22:49:00,6315
2874,2019-07-30 22:49:00,6316
2875,2019-07-30 22:49:00,6317
2876,2019-07-30 22:49:00,6318
2877,2019-07-30 22:50:00,6319
2878,2019-07-30 22:50:00,6320
2879,2019-07-30 22:50:00,6323
2880,2019-07-30 22:50:00,6324
2881,2019-07-30 22:50:00,6325
2882,2019-07-30 22:50:00,6326
2883,2019-07-30 22:50:00,6327
2884,2019-07-30 22:50:00,6329
2885,2019-07-30 22:50:00,6331
2886,2019-07-30 22:50:00,6332
2887,2019-07-30 22:51:00,6333
2888,2019-07-30 22:51:00,6334
2889,2019-07-30 22:51:00,6337
2890,2019-07-30 22:51:00,6340
2891,2019-07-30 22:51:00,6343
2892,2019-07-30 22:51:00,6345
2893,2019-07-30 22:51:00,6346
2894,2019-07-30 22:51:00,6348
2895,2019-07-30 22:51:00,6350
2896,2019-07-30 22:52:00,6351
2897,2019-07-30 22:52:00,6352
2898,2019-07-30 22:52:00,6353
2899,2019-07-30 22:52:00,6355
2900,2019-07-30 22:52:00,6360
2901,2019-07-30 22:52:00,6361
2902,2019-07-30 22:52:00,6362
2903,2019-07-30 22:52:00,6363
2904,2019-07-30 22:52:00,6364
2905,2019-07-30 22:52:00,6365
2906,2019-07-30 22:53:00,6366
2907,2019-07-30 22:53:00,6367
2908,2019-07-30 22:53:00,6368
2909,2019-07-30 22:53:00,6369
2910,2019-07-30 22:53:00,6370
2911,2019-07-30 22:53:00,6371
2912,2019-07-30 22:53:00,6372
2913,2019-07-30 22:53:00,6373
2914,2019-07-30 22:53:00,6374
2915,2019-07-30 22:53:00,6376
2916,2019-07-30 22:53:00,6377
2917,2019-07-30 22:53:00,6383
2918,2019-07-30 22:53:00,6384
2919,2019-07-30 22:53:00,6385
2920,2019-07-30 22:53:00,6387
2921,2019-07-30 22:53:00,6390
2922,2019-07-30 22:53:00,6391
2923,2019-07-30 22:53:00,6393
2924,2019-07-30 22:53:00,6396
2925,2019-07-30 22:53:00,6397
2926,2019-07-30 22:54:00,6398
2927,2019-07-30 22:54:00,6399
2928,2019-07-30 22:54:00,6401
2929,2019-07-30 22:54:00,6402
2930,2019-07-30 22:54:00,6404
2931,2019-07-30 22:54:00,6406
2932,2019-07-30 22:54:00,6407
2933,2019-07-30 22:54:00,6408
2934,2019-07-30 22:54:00,6409
2935,2019-07-30 22:54:00,6410
2936,2019-07-30 22:55:00,6411
2937,2019-07-30 22:55:00,6412
2938,2019-07-30 22:55:00,6413
2939,2019-07-30 22:55:00,6414
2940,2019-07-30 22:55:00,6415
2941,2019-07-30 22:55:00,6416
2942,2019-07-30 22:56:00,6417
2943,2019-07-30 22:56:00,6418
2944,2019-07-30 22:56:00,6419
2945,2019-07-30 22:56:00,6420
2946,2019-07-30 22:56:00,6421
2947,2019-07-30 22:56:00,6422
2948,2019-07-30 22:56:00,6425
2949,2019-07-30 22:56:00,6426
2950,2019-07-30 22:56:00,6427
2951,2019-07-30 22:56:00,6428
2952,2019-07-30 22:56:00,6429
2953,2019-07-30 22:57:00,6431
2954,2019-07-30 22:57:00,6432
2955,2019-07-30 22:57:00,6433
2956,2019-07-30 22:57:00,6434
2957,2019-07-30 22:57:00,6435
2958,2019-07-30 22:57:00,6436
2959,2019-07-30 22:57:00,6437
2960,2019-07-30 22:57:00,6438
2961,2019-07-30 22:57:00,6441
2962,2019-07-30 22:57:00,6443
2963,2019-07-30 22:57:00,6445
2964,2019-07-30 22:57:00,6448
2965,2019-07-30 22:57:00,6451
2966,2019-07-30 22:58:00,6452
2967,2019-07-30 22:58:00,6453
2968,2019-07-30 22:58:00,6454
2969,2019-07-30 22:58:00,6455
2970,2019-07-30 22:58:00,6456
2971,2019-07-30 22:58:00,6457
2972,2019-07-30 22:59:00,6458
2973,2019-07-30 22:59:00,6460
2974,2019-07-30 22:59:00,6461
2975,2019-07-30 22:59:00,6463
2976,2019-07-30 22:59:00,6464
2977,2019-07-30 22:59:00,6465
2978,2019-07-30 22:59:00,6466
2979,2019-07-30 22:59:00,6467
2980,2019-07-30 22:59:00,6468
2981,2019-07-30 22:59:00,6469
2982,2019-07-30 22:59:00,6470
2983,2019-07-30 22:59:00,6471
2984,2019-07-30 22:59:00,6472
2985,2019-07-30 22:59:00,6475
2986,2019-07-30 22:59:00,6476
2987,2019-07-30 22:59:00,6477
2988,2019-07-30 22:59:00,6478
2989,2019-07-30 22:59:00,6479
2990,2019-07-30 22:59:00,6480
2991,2019-07-30 22:59:00,6481
2992,2019-07-30 23:00:00,6482
2993,2019-07-30 23:00:00,6483
2994,2019-07-30 23:00:00,6484
2995,2019-07-30 23:00:00,6485
2996,2019-07-30 23:00:00,6486
2997,2019-07-30 23:00:00,6488
2998,2019-07-30 23:00:00,6489
2999,2019-07-30 23:00:00,6490
3000,2019-07-30 23:00:00,6491
3001,2019-07-30 23:00:00,6493
3002,2019-07-30 23:00:00,6494
3003,2019-07-30 23:00:00,6501
3004,2019-07-30 23:01:00,6502
